# MagicaVoxel @ Ephtracy

# group
o 

# material
mtllib DestroyedHouse.mtl
usemtl palette

# normals
vn -1 0 0
vn 1 0 0
vn 0 0 1
vn 0 0 -1
vn 0 -1 0
vn 0 1 0

# texcoords
vt 0.373047 0.5
vt 0.501953 0.5
vt 0.505859 0.5
vt 0.533203 0.5
vt 0.537109 0.5
vt 0.541016 0.5

# verts
v -1.5 0 0.7
v -1.5 0 0.6
v -1.5 0.1 0.7
v -1.5 0.1 0.6
v -1.4 0 -0.1
v -1.4 0 -0.2
v -1.4 0 -0.8
v -1.4 0 -0.9
v -1.4 0 -1.1
v -1.4 0 -1.2
v -1.4 0.1 -0.1
v -1.4 0.1 -0.2
v -1.4 0.1 -0.8
v -1.4 0.1 -0.9
v -1.4 0.1 -1.1
v -1.4 0.1 -1.2
v -1.2 0 1.2
v -1.2 0 1.1
v -1.2 0 -0.1
v -1.2 0 -0.3
v -1.2 0 -1.1
v -1.2 0 -1.2
v -1.2 0.1 1.2
v -1.2 0.1 1.1
v -1.2 0.1 -0.1
v -1.2 0.1 -0.3
v -1.2 0.1 -1.1
v -1.2 0.1 -1.2
v -1.1 0 0.5
v -1.1 0 0.2
v -1.1 0 -0.5
v -1.1 0 -0.7
v -1.1 0.1 0.5
v -1.1 0.1 0.2
v -1.1 0.1 -0.5
v -1.1 0.1 -0.7
v -1 0 -0.8
v -1 0 -0.9
v -1 0.1 -0.8
v -1 0.1 -0.9
v -0.9 0 -1.2
v -0.9 0 -1.3
v -0.9 0.1 -1.2
v -0.9 0.1 -1.3
v -0.8 0 1.1
v -0.8 0 0.9
v -0.8 0 0.0999999
v -0.8 0 0
v -0.8 0 -1.8
v -0.8 0 -1.9
v -0.8 0 -2.2
v -0.8 0 -2.3
v -0.8 0.1 1.1
v -0.8 0.1 0.9
v -0.8 0.1 0.0999999
v -0.8 0.1 0
v -0.8 0.1 -1.8
v -0.8 0.1 -1.9
v -0.8 0.1 -2.2
v -0.8 0.1 -2.3
v -0.7 0 0.6
v -0.7 0 0.5
v -0.7 0 -0.7
v -0.7 0 -1.1
v -0.7 0.1 0.6
v -0.7 0.1 0.5
v -0.7 0.1 -0.7
v -0.7 0.1 -0.8
v -0.7 0.1 -1.1
v -0.7 0.2 -0.7
v -0.7 0.2 -0.8
v -0.6 0 1.9
v -0.6 0 1.8
v -0.6 0 1.5
v -0.6 0 1.4
v -0.6 0 0.0999999
v -0.6 0 -0.2
v -0.6 0 -1.4
v -0.6 0 -1.5
v -0.6 0.1 1.9
v -0.6 0.1 1.8
v -0.6 0.1 1.5
v -0.6 0.1 1.4
v -0.6 0.1 0.0999999
v -0.6 0.1 -0.1
v -0.6 0.1 -0.2
v -0.6 0.1 -0.8
v -0.6 0.1 -0.9
v -0.6 0.2 0.0999999
v -0.6 0.2 -0.1
v -0.6 0.2 -0.8
v -0.6 0.2 -0.9
v -0.6 0.2 -1.4
v -0.6 0.2 -1.5
v -0.5 0 -1.2
v -0.5 0 -1.3
v -0.5 0 -2.3
v -0.5 0 -2.4
v -0.5 0.1 -1.2
v -0.5 0.1 -1.3
v -0.5 0.1 -2.3
v -0.5 0.1 -2.4
v -0.4 0 1.7
v -0.4 0 1.3
v -0.4 0 -1.7
v -0.4 0 -1.8
v -0.4 0 -2.4
v -0.4 0 -2.5
v -0.4 0.1 1.7
v -0.4 0.1 1.3
v -0.4 0.1 -1.2
v -0.4 0.1 -1.3
v -0.4 0.1 -1.7
v -0.4 0.1 -1.8
v -0.4 0.1 -2.3
v -0.4 0.1 -2.4
v -0.4 0.1 -2.5
v -0.4 0.2 -1.2
v -0.4 0.2 -1.3
v -0.4 0.2 -2.3
v -0.4 0.2 -2.4
v -0.3 0 -0.8
v -0.3 0 -0.9
v -0.3 0.1 -0.8
v -0.3 0.1 -0.9
v -0.2 0 0.6
v -0.2 0 0.5
v -0.2 0 -0.5
v -0.2 0 -0.7
v -0.2 0.1 0.6
v -0.2 0.1 0.5
v -0.2 0.1 -0.5
v -0.2 0.1 -0.6
v -0.2 0.1 -0.7
v -0.2 0.2 -0.5
v -0.2 0.2 -0.6
v -0.1 0 1.1
v -0.1 0 0.7
v -0.1 0 0
v -0.1 0 -0.1
v -0.1 0 -0.3
v -0.1 0 -0.4
v -0.1 0.1 1.1
v -0.1 0.1 1
v -0.1 0.1 0.8
v -0.1 0.1 0.7
v -0.1 0.1 0
v -0.1 0.1 -0.1
v -0.1 0.1 -0.3
v -0.1 0.1 -0.4
v -0.1 0.2 1
v -0.1 0.2 0.8
v 0 0 -1.8
v 0 0 -1.9
v 0 0 -2.2
v 0 0 -2.5
v 0 0 -2.6
v 0 0 -2.7
v 0 0.1 -1.8
v 0 0.1 -1.9
v 0 0.1 -2.2
v 0 0.1 -2.5
v 0 0.1 -2.6
v 0 0.1 -2.7
v 0 0.2 0.9
v 0 0.2 0.8
v 0 0.3 0.9
v 0 0.3 0.8
v 0.1 0 2.1
v 0.1 0 2
v 0.1 0.1 2.1
v 0.1 0.1 2
v 0.1 0.1 -2.4
v 0.1 0.1 -2.5
v 0.1 0.2 -2.4
v 0.1 0.2 -2.5
v 0.2 0 -1
v 0.2 0 -1.1
v 0.2 0.1 -1
v 0.2 0.1 -1.1
v 0.2 0.1 -2.3
v 0.2 0.1 -2.4
v 0.2 0.2 -1
v 0.2 0.2 -1.1
v 0.2 0.2 -2.3
v 0.2 0.2 -2.4
v 0.3 0 2.4
v 0.3 0 2.3
v 0.3 0 -2.7
v 0.3 0 -2.8
v 0.3 0.1 2.4
v 0.3 0.1 2.3
v 0.3 0.1 -2.7
v 0.3 0.1 -2.8
v 0.4 0 1.9
v 0.4 0 1.8
v 0.4 0 1.4
v 0.4 0 1.3
v 0.4 0.1 1.9
v 0.4 0.1 1.8
v 0.4 0.2 -1.9
v 0.4 0.2 -2
v 0.4 0.3 1.4
v 0.4 0.3 1.3
v 0.4 0.5 -1.9
v 0.4 0.5 -2
v 0.4 1.5 -1.9
v 0.4 1.5 -2
v 0.4 1.9 -1.9
v 0.4 1.9 -2
v 0.5 0 1.6
v 0.5 0 1.5
v 0.5 0 1.3
v 0.5 0 1
v 0.5 0 0.7
v 0.5 0 0.2
v 0.5 0 0
v 0.5 0 -0.7
v 0.5 0 -0.8
v 0.5 0 -1
v 0.5 0 -1.5
v 0.5 0 -2.1
v 0.5 0 -2.4
v 0.5 0 -2.5
v 0.5 0.1 1.6
v 0.5 0.1 1.5
v 0.5 0.1 1.3
v 0.5 0.1 1
v 0.5 0.1 0.7
v 0.5 0.1 0.2
v 0.5 0.1 0
v 0.5 0.1 -0.7
v 0.5 0.1 -0.8
v 0.5 0.1 -1
v 0.5 0.1 -1.5
v 0.5 0.1 -1.9
v 0.5 0.1 -2
v 0.5 0.1 -2.1
v 0.5 0.1 -2.4
v 0.5 0.1 -2.5
v 0.5 0.2 -1.9
v 0.5 0.2 -2
v 0.5 0.5 -1.9
v 0.5 0.5 -2
v 0.5 0.6 1.4
v 0.5 0.6 1.3
v 0.5 0.6 -1.9
v 0.5 0.6 -2
v 0.5 0.9 1.4
v 0.5 0.9 1.3
v 0.5 1.3 -1.9
v 0.5 1.3 -2
v 0.5 1.5 1.4
v 0.5 1.5 1.3
v 0.5 1.5 -1.9
v 0.5 1.5 -2
v 0.5 1.7 1.4
v 0.5 1.7 1.3
v 0.5 1.9 1.4
v 0.5 1.9 1.3
v 0.5 1.9 -1.9
v 0.5 1.9 -2
v 0.5 2.2 1.8
v 0.5 2.2 1.7
v 0.5 2.2 1.5
v 0.5 2.2 1.4
v 0.5 2.2 1.3
v 0.5 2.2 -0.5
v 0.5 2.2 -0.7
v 0.5 2.2 -1.1
v 0.5 2.2 -1.2
v 0.5 2.2 -1.9
v 0.5 2.2 -2
v 0.5 2.2 -2.1
v 0.5 2.2 -2.3
v 0.5 2.2 -2.4
v 0.5 2.3 1.8
v 0.5 2.3 1.7
v 0.5 2.3 1.5
v 0.5 2.3 0.8
v 0.5 2.3 0.4
v 0.5 2.3 0.2
v 0.5 2.3 0
v 0.5 2.3 -2.1
v 0.5 2.3 -2.3
v 0.5 2.3 -2.4
v 0.5 2.4 1.7
v 0.5 2.4 1.5
v 0.5 2.4 0.4
v 0.5 2.4 0.2
v 0.5 2.4 0
v 0.5 2.4 -0.4
v 0.5 2.4 -1.4
v 0.5 2.4 -1.9
v 0.5 2.4 -2.1
v 0.5 2.4 -2.3
v 0.5 2.5 1.5
v 0.5 2.5 1.3
v 0.5 2.5 -0.7
v 0.5 2.5 -0.9
v 0.5 2.5 -1.4
v 0.5 2.5 -1.9
v 0.5 2.5 -2
v 0.5 2.5 -2.1
v 0.5 2.6 1.3
v 0.5 2.6 1.2
v 0.5 2.6 0.8
v 0.5 2.6 0.2
v 0.5 2.6 0
v 0.5 2.6 -0.4
v 0.5 2.6 -1
v 0.5 2.6 -1.1
v 0.5 2.6 -1.8
v 0.5 2.6 -2
v 0.5 2.7 1.2
v 0.5 2.7 1.1
v 0.5 2.7 0.2
v 0.5 2.7 0.0999999
v 0.5 2.7 0
v 0.5 2.7 -0.3
v 0.5 2.7 -0.5
v 0.5 2.7 -0.9
v 0.5 2.7 -1.7
v 0.5 2.7 -1.8
v 0.5 2.8 1.1
v 0.5 2.8 0.9
v 0.5 2.8 0.4
v 0.5 2.8 0.0999999
v 0.5 2.8 -0.3
v 0.5 2.8 -0.4
v 0.5 2.8 -0.6
v 0.5 2.8 -0.9
v 0.5 2.8 -1.5
v 0.5 2.8 -1.7
v 0.5 2.9 0.9
v 0.5 2.9 0.7
v 0.5 2.9 -0.6
v 0.5 2.9 -0.9
v 0.5 2.9 -1.3
v 0.5 2.9 -1.5
v 0.5 3 0.7
v 0.5 3 0.6
v 0.5 3 -0.4
v 0.5 3 -0.8
v 0.5 3 -1.2
v 0.5 3 -1.3
v 0.5 3.1 0.6
v 0.5 3.1 0.4
v 0.5 3.1 -0.3
v 0.5 3.2 0.4
v 0.5 3.2 0.3
v 0.5 3.2 -0.3
v 0.5 3.2 -0.8
v 0.5 3.2 -0.9
v 0.5 3.2 -1
v 0.5 3.3 0.3
v 0.5 3.3 0.0999999
v 0.5 3.3 -0.7
v 0.5 3.3 -0.9
v 0.5 3.4 0.0999999
v 0.5 3.4 0
v 0.5 3.4 -0.6
v 0.5 3.4 -0.7
v 0.5 3.5 0
v 0.5 3.5 -0.2
v 0.5 3.5 -0.4
v 0.5 3.5 -0.6
v 0.5 3.6 -0.2
v 0.5 3.6 -0.4
v 0.6 0 0.9
v 0.6 0 0.7
v 0.6 0 0.2
v 0.6 0 0
v 0.6 0 -0.7
v 0.6 0 -0.8
v 0.6 0 -1.2
v 0.6 0 -1.5
v 0.6 0 -2.6
v 0.6 0 -2.7
v 0.6 0.1 0.9
v 0.6 0.1 0.8
v 0.6 0.1 0.7
v 0.6 0.1 0.4
v 0.6 0.1 0.2
v 0.6 0.1 0
v 0.6 0.1 -0.7
v 0.6 0.1 -0.8
v 0.6 0.1 -1.2
v 0.6 0.1 -1.5
v 0.6 0.1 -2.6
v 0.6 0.1 -2.7
v 0.6 0.2 0.8
v 0.6 0.2 0.4
v 0.6 0.3 1.4
v 0.6 0.3 1.3
v 0.6 0.6 1.4
v 0.6 0.6 1.3
v 0.6 0.6 -1.9
v 0.6 0.6 -2
v 0.6 0.7 -1.9
v 0.6 0.7 -2
v 0.6 0.9 1.4
v 0.6 0.9 1.3
v 0.6 1 1.4
v 0.6 1 1.3
v 0.6 1.2 1.4
v 0.6 1.2 1.3
v 0.6 1.2 -1.9
v 0.6 1.2 -2
v 0.6 1.3 -1.9
v 0.6 1.3 -2
v 0.6 1.5 1.4
v 0.6 1.5 1.3
v 0.6 1.7 1.4
v 0.6 1.7 1.3
v 0.6 1.9 1.4
v 0.6 1.9 1.3
v 0.6 2.2 -1.1
v 0.6 2.2 -1.2
v 0.6 2.3 0.8
v 0.6 2.3 0.4
v 0.6 2.3 0.2
v 0.6 2.3 0
v 0.6 2.4 0.7
v 0.6 2.4 0.4
v 0.6 2.4 0.2
v 0.6 2.4 0
v 0.6 2.4 -1.4
v 0.6 2.4 -1.9
v 0.6 2.5 -0.7
v 0.6 2.5 -0.9
v 0.6 2.5 -1.4
v 0.6 2.5 -1.9
v 0.6 2.6 0.8
v 0.6 2.6 0.7
v 0.6 2.6 0.2
v 0.6 2.6 0
v 0.6 2.6 -0.5
v 0.6 2.6 -0.7
v 0.6 2.6 -1.1
v 0.6 2.6 -1.2
v 0.6 2.7 0.2
v 0.6 2.7 0.0999999
v 0.6 2.7 0
v 0.6 2.7 -0.3
v 0.6 2.7 -0.5
v 0.6 2.7 -0.9
v 0.6 2.8 0.4
v 0.6 2.8 0.0999999
v 0.6 2.8 -0.3
v 0.6 2.8 -0.4
v 0.6 2.8 -0.6
v 0.6 2.8 -0.9
v 0.6 2.9 -0.6
v 0.6 2.9 -0.9
v 0.6 3 -0.4
v 0.6 3 -0.8
v 0.6 3.1 0.4
v 0.6 3.1 -0.3
v 0.6 3.2 -0.3
v 0.6 3.2 -0.8
v 0.7 0 2.3
v 0.7 0 1.7
v 0.7 0 1
v 0.7 0 0.9
v 0.7 0 -1
v 0.7 0 -1.2
v 0.7 0.1 2.3
v 0.7 0.1 1.7
v 0.7 0.1 1
v 0.7 0.1 0.9
v 0.7 0.1 0.8
v 0.7 0.1 -1
v 0.7 0.1 -1.2
v 0.7 0.2 0.8
v 0.7 0.2 0.6
v 0.7 0.3 0.9
v 0.7 0.3 0.6
v 0.7 1 1.4
v 0.7 1 1.3
v 0.7 1 -1.9
v 0.7 1 -2
v 0.7 1.2 1.4
v 0.7 1.2 1.3
v 0.7 1.2 -1.9
v 0.7 1.2 -2
v 0.7 2.2 -0.5
v 0.7 2.2 -0.7
v 0.7 2.4 0.7
v 0.7 2.4 -0.4
v 0.7 2.6 0.7
v 0.7 2.6 -0.4
v 0.7 2.6 -0.5
v 0.7 2.6 -0.7
v 0.7 2.6 -1
v 0.7 2.6 -1.2
v 0.7 3 -1.2
v 0.7 3.1 -1
v 0.7 3.1 -1.2
v 0.8 0 -0.2
v 0.8 0 -0.5
v 0.8 0 -0.8
v 0.8 0 -0.9
v 0.8 0 -2.3
v 0.8 0 -2.5
v 0.8 0.1 -0.2
v 0.8 0.1 -0.5
v 0.8 0.1 -0.8
v 0.8 0.1 -0.9
v 0.8 0.1 -2.3
v 0.8 0.1 -2.5
v 0.8 0.7 -1.9
v 0.8 0.7 -2
v 0.8 1 -1.9
v 0.8 1 -2
v 0.8 1.5 -1.9
v 0.8 1.5 -2
v 0.8 1.8 -1.9
v 0.8 1.8 -2
v 0.9 0 -2.8
v 0.9 0 -2.9
v 0.9 0.1 -2.8
v 0.9 0.1 -2.9
v 0.9 0.2 0.6
v 0.9 0.2 0.5
v 0.9 0.3 0.6
v 0.9 0.3 0.5
v 1 0.1 -1.4
v 1 0.1 -1.8
v 1 0.2 -1.4
v 1 0.2 -1.5
v 1 0.3 0.8
v 1 0.3 0.6
v 1 0.3 -1.5
v 1 0.3 -1.8
v 1 0.4 0.8
v 1 0.4 0.6
v 1.1 0.3 -1.5
v 1.1 0.3 -1.8
v 1.1 0.4 -1.5
v 1.1 0.4 -1.8
v 1.1 0.9 1.4
v 1.1 0.9 1.3
v 1.1 1 1.4
v 1.1 1 1.3
v 1.1 2.7 -1.5
v 1.1 2.7 -1.7
v 1.1 2.8 -1.5
v 1.1 2.8 -1.7
v 1.2 0 -2.6
v 1.2 0 -2.7
v 1.2 0.1 -2.6
v 1.2 0.1 -2.7
v 1.2 0.6 -1.9
v 1.2 0.6 -2
v 1.2 0.8 -1.9
v 1.2 0.8 -2
v 1.2 2.8 -1.4
v 1.2 2.8 -1.5
v 1.2 2.9 -1.4
v 1.2 2.9 -1.5
v 1.3 0 -3
v 1.3 0 -3.1
v 1.3 0.1 -3
v 1.3 0.1 -3.1
v 1.3 0.4 -1.9
v 1.3 0.4 -2
v 1.3 0.5 1.4
v 1.3 0.5 1.3
v 1.3 0.6 -1.9
v 1.3 0.6 -2
v 1.3 0.9 1.4
v 1.3 0.9 1.3
v 1.3 2.6 -1.6
v 1.3 2.6 -1.7
v 1.3 2.7 -1.6
v 1.3 2.7 -1.7
v 1.4 0 2.4
v 1.4 0 2.3
v 1.4 0.1 2.4
v 1.4 0.1 2.3
v 1.5 0 1.8
v 1.5 0 1.7
v 1.5 0 -2.3
v 1.5 0 -2.4
v 1.5 0.1 1.8
v 1.5 0.1 1.7
v 1.5 0.1 0.4
v 1.5 0.1 -0.2
v 1.5 0.1 -2.3
v 1.5 0.1 -2.4
v 1.5 0.2 0.3
v 1.5 0.2 0.2
v 1.5 0.2 0.0999999
v 1.5 0.2 -0.2
v 1.5 0.3 0.4
v 1.5 0.3 0.3
v 1.5 0.3 0.2
v 1.5 0.3 0.0999999
v 1.5 2.7 -1.5
v 1.5 2.7 -1.6
v 1.5 2.8 -1.4
v 1.5 2.8 -1.5
v 1.5 2.8 -1.6
v 1.5 2.9 -1.4
v 1.5 2.9 -1.5
v 1.6 0 2.2
v 1.6 0 2.1
v 1.6 0 -2.5
v 1.6 0 -2.6
v 1.6 0.1 2.2
v 1.6 0.1 2.1
v 1.6 0.1 1.3
v 1.6 0.1 1
v 1.6 0.1 -2.5
v 1.6 0.1 -2.6
v 1.6 0.2 1.3
v 1.6 0.2 1
v 1.6 0.2 0.3
v 1.6 0.2 0.2
v 1.6 0.2 0.0999999
v 1.6 0.2 -0.1
v 1.6 0.3 0.4
v 1.6 0.3 0.3
v 1.6 0.3 0.2
v 1.6 0.3 0.0999999
v 1.6 0.4 0.2
v 1.6 0.4 -0.1
v 1.6 0.5 0.4
v 1.6 0.5 0.2
v 1.6 2.3 -2.1
v 1.6 2.3 -2.3
v 1.6 2.4 -2.1
v 1.6 2.4 -2.3
v 1.7 0 -2.4
v 1.7 0 -2.5
v 1.7 0 -2.6
v 1.7 0 -2.7
v 1.7 0.1 -2.4
v 1.7 0.1 -2.5
v 1.7 0.1 -2.6
v 1.7 0.1 -2.7
v 1.7 2.7 -1.6
v 1.7 2.7 -1.7
v 1.7 2.8 -1.6
v 1.7 2.8 -1.7
v 1.8 0 -2.8
v 1.8 0 -2.9
v 1.8 0.1 -2.8
v 1.8 0.1 -2.9
v 1.8 2.6 -1.6
v 1.8 2.6 -1.7
v 1.8 2.7 -1.6
v 1.8 2.7 -1.7
v 1.9 0 2.2
v 1.9 0 1.9
v 1.9 0.1 2.2
v 1.9 0.1 1.9
v 1.9 1.1 -1.9
v 1.9 1.1 -2
v 1.9 1.2 -1.9
v 1.9 1.2 -2
v 1.9 1.4 -1.9
v 1.9 1.4 -2
v 1.9 1.5 -1.9
v 1.9 1.5 -2
v 1.9 2.2 -2
v 1.9 2.2 -2.1
v 1.9 2.3 0.6
v 1.9 2.3 -2
v 1.9 2.3 -2.1
v 1.9 2.4 -2.1
v 1.9 2.5 -2
v 1.9 2.5 -2.1
v 1.9 2.6 0.6
v 1.9 2.6 -1.7
v 1.9 2.6 -1.8
v 1.9 2.6 -2
v 1.9 2.7 -1.7
v 1.9 2.7 -1.8
v 2 0 -2.2
v 2 0 -2.3
v 2 0.1 -2.2
v 2 0.1 -2.3
v 2 1.2 -1.9
v 2 1.2 -2
v 2 1.4 -1.9
v 2 1.4 -2
v 2.1 0 1.8
v 2.1 0 1.7
v 2.1 0.1 1.8
v 2.1 0.1 1.7
v 2.1 0.1 1.4
v 2.1 0.1 1.3
v 2.1 0.1 -0.2
v 2.1 0.1 -0.3
v 2.1 0.1 -0.5
v 2.1 0.2 1.3
v 2.1 0.2 0.0999999
v 2.1 0.2 0
v 2.1 0.2 -0.1
v 2.1 0.2 -0.2
v 2.1 0.2 -0.3
v 2.1 0.2 -0.4
v 2.1 0.3 0.0999999
v 2.1 0.3 0
v 2.1 0.3 -0.1
v 2.1 0.3 -0.3
v 2.1 0.3 -0.4
v 2.1 0.3 -0.5
v 2.1 0.4 0.0999999
v 2.1 0.4 0
v 2.1 0.8 1.4
v 2.1 0.8 1.3
v 2.2 0 -2.8
v 2.2 0 -2.9
v 2.2 0.1 -2.8
v 2.2 0.1 -2.9
v 2.3 0.2 0.0999999
v 2.3 0.2 -0.2
v 2.3 0.3 -0.2
v 2.3 0.3 -0.3
v 2.3 0.3 -0.4
v 2.3 0.3 -0.5
v 2.3 0.4 0.0999999
v 2.3 0.4 -0.5
v 2.3 2.8 -1.3
v 2.3 2.8 -1.4
v 2.3 2.9 -1.3
v 2.3 2.9 -1.4
v 2.4 0 -3
v 2.4 0 -3.1
v 2.4 0.1 -3
v 2.4 0.1 -3.1
v 2.4 1.6 -1.9
v 2.4 1.6 -2
v 2.4 1.7 -1.9
v 2.4 1.7 -2
v 2.4 1.9 -1.9
v 2.4 1.9 -2
v 2.4 2 -1.9
v 2.4 2 -2
v 2.4 2.2 0.5
v 2.4 2.2 -0.9
v 2.4 2.2 -1.3
v 2.4 2.2 -1.9
v 2.4 2.2 -2
v 2.4 2.3 0.5
v 2.4 2.3 -0.9
v 2.4 2.3 -1.3
v 2.4 2.3 -2
v 2.4 2.4 -2.1
v 2.4 2.4 -2.2
v 2.4 2.5 -2
v 2.4 2.5 -2.1
v 2.4 2.5 -2.2
v 2.4 2.6 0.6
v 2.4 2.6 0.5
v 2.4 2.6 -2
v 2.4 2.7 0.6
v 2.4 2.7 0.5
v 2.4 2.7 -2
v 2.4 2.7 -2.1
v 2.5 1.7 -1.9
v 2.5 1.7 -2
v 2.5 1.9 -1.9
v 2.5 1.9 -2
v 2.5 2.2 1.1
v 2.5 2.2 0.5
v 2.5 2.3 1.1
v 2.5 2.3 0.6
v 2.5 2.6 0.6
v 2.5 2.6 0.5
v 2.5 2.6 -1.8
v 2.5 2.6 -1.9
v 2.5 2.6 -2
v 2.5 2.7 -1.9
v 2.5 2.7 -2
v 2.5 2.8 -1.8
v 2.5 2.8 -1.9
v 2.5 2.9 -1.9
v 2.5 2.9 -2
v 2.6 2.3 1.3
v 2.6 2.3 0.6
v 2.6 2.4 1.3
v 2.6 2.4 0.7
v 2.6 2.5 0.7
v 2.6 2.5 0.6
v 2.6 2.5 -2.1
v 2.6 2.5 -2.2
v 2.6 2.6 -2.1
v 2.6 2.6 -2.2
v 2.6 2.7 1.1
v 2.6 2.7 0.6
v 2.6 2.8 1.1
v 2.6 2.8 0.9
v 2.6 2.8 -1.8
v 2.6 2.8 -1.9
v 2.6 2.9 0.9
v 2.6 2.9 0.7
v 2.6 2.9 -1.8
v 2.6 2.9 -1.9
v 2.6 3 0.7
v 2.6 3 0.6
v 2.7 0.1 1.3
v 2.7 0.1 -1
v 2.7 0.1 -1.7
v 2.7 0.1 -1.9
v 2.7 0.2 -1
v 2.7 0.2 -1.3
v 2.7 0.3 -1.3
v 2.7 0.3 -1.7
v 2.7 0.6 0.5
v 2.7 0.6 0.2
v 2.7 0.7 0.2
v 2.7 0.7 0.0999999
v 2.7 0.8 0.0999999
v 2.7 0.8 -0.1
v 2.7 0.9 0.6
v 2.7 0.9 0.5
v 2.7 0.9 -0.1
v 2.7 0.9 -0.2
v 2.7 1 0.7
v 2.7 1 0.6
v 2.7 1.1 0.7
v 2.7 1.1 0.6
v 2.7 1.1 -0.2
v 2.7 1.1 -0.3
v 2.7 1.2 -1
v 2.7 1.2 -1.2
v 2.7 1.3 -0.1
v 2.7 1.3 -0.3
v 2.7 1.3 -0.9
v 2.7 1.3 -1
v 2.7 1.3 -1.2
v 2.7 1.3 -1.3
v 2.7 1.4 0.6
v 2.7 1.4 0.5
v 2.7 1.4 0.2
v 2.7 1.4 -0.1
v 2.7 1.4 -0.8
v 2.7 1.4 -0.9
v 2.7 1.4 -1.3
v 2.7 1.4 -1.4
v 2.7 1.5 0.5
v 2.7 1.5 0.4
v 2.7 1.6 0.4
v 2.7 1.6 0.2
v 2.7 1.7 -1.3
v 2.7 1.7 -1.4
v 2.7 1.8 -1.3
v 2.7 1.8 -1.4
v 2.7 2 -0.8
v 2.7 2 -0.9
v 2.7 2 -1.3
v 2.7 2 -1.4
v 2.7 2.2 1.3
v 2.7 2.2 -0.9
v 2.7 2.2 -1.3
v 2.7 2.2 -1.9
v 2.7 2.4 1.3
v 2.7 2.4 0.7
v 2.7 2.5 1.3
v 2.7 2.5 1.2
v 2.7 2.5 0.7
v 2.7 2.5 -1.3
v 2.7 2.5 -1.7
v 2.7 2.6 1.3
v 2.7 2.6 1.2
v 2.7 2.6 -1.3
v 2.7 2.6 -1.7
v 2.7 2.6 -1.8
v 2.7 2.7 -1.7
v 2.7 2.7 -1.8
v 2.8 2.2 -0.9
v 2.8 2.2 -1.3
v 2.8 2.6 -1.3
v 2.8 2.6 -1.7
v 2.8 2.7 -1.7
v 2.8 2.8 -1.5
v 2.8 2.8 -1.7
v 2.8 2.9 -1.3
v 2.8 2.9 -1.5
v 2.8 3 -0.9
v 2.8 3 -1.2
v 2.8 3 -1.3
v 2.9 2.5 1.2
v 2.9 2.5 0.6
v 2.9 2.6 1.2
v 2.9 2.7 1.2
v 2.9 2.7 1.1
v 2.9 2.7 0.6
v -1.4 0 0.7
v -1.4 0 0.6
v -1.4 0.1 0.7
v -1.4 0.1 0.6
v -1.3 0 -0.1
v -1.3 0 -0.2
v -1.3 0 -0.8
v -1.3 0 -0.9
v -1.3 0 -1.1
v -1.3 0 -1.2
v -1.3 0.1 -0.1
v -1.3 0.1 -0.2
v -1.3 0.1 -0.8
v -1.3 0.1 -0.9
v -1.3 0.1 -1.1
v -1.3 0.1 -1.2
v -1.1 0 1.2
v -1.1 0 1.1
v -1.1 0 -1.1
v -1.1 0 -1.2
v -1.1 0.1 1.2
v -1.1 0.1 1.1
v -1.1 0.1 -1.1
v -1.1 0.1 -1.2
v -1 0 -0.1
v -1 0 -0.3
v -1 0 -0.5
v -1 0 -0.7
v -1 0.1 -0.1
v -1 0.1 -0.3
v -1 0.1 -0.5
v -1 0.1 -0.7
v -0.9 0 0.5
v -0.9 0 0.2
v -0.9 0 -0.8
v -0.9 0 -0.9
v -0.9 0.1 0.5
v -0.9 0.1 0.2
v -0.9 0.1 -0.8
v -0.9 0.1 -0.9
v -0.8 0 -1.2
v -0.8 0 -1.3
v -0.8 0.1 -1.2
v -0.8 0.1 -1.3
v -0.7 0 0.0999999
v -0.7 0 0
v -0.7 0 -1.8
v -0.7 0 -1.9
v -0.7 0 -2.2
v -0.7 0 -2.3
v -0.7 0.1 0.0999999
v -0.7 0.1 0
v -0.7 0.1 -1.8
v -0.7 0.1 -1.9
v -0.7 0.1 -2.2
v -0.7 0.1 -2.3
v -0.6 0.1 -0.7
v -0.6 0.1 -0.8
v -0.6 0.2 -0.7
v -0.6 0.2 -0.8
v -0.5 0 1.9
v -0.5 0 1.8
v -0.5 0 1.5
v -0.5 0 1.4
v -0.5 0 1.1
v -0.5 0 0.9
v -0.5 0.1 1.9
v -0.5 0.1 1.8
v -0.5 0.1 1.5
v -0.5 0.1 1.4
v -0.5 0.1 1.1
v -0.5 0.1 0.9
v -0.5 0.1 -0.8
v -0.5 0.1 -0.9
v -0.5 0.1 -1.4
v -0.5 0.1 -1.5
v -0.5 0.2 -0.8
v -0.5 0.2 -0.9
v -0.5 0.2 -1.4
v -0.5 0.2 -1.5
v -0.4 0 0.6
v -0.4 0 0.5
v -0.4 0 -0.7
v -0.4 0 -1.1
v -0.4 0 -1.4
v -0.4 0 -1.5
v -0.4 0.1 0.6
v -0.4 0.1 0.5
v -0.4 0.1 0.0999999
v -0.4 0.1 -0.1
v -0.4 0.1 -0.7
v -0.4 0.1 -1.1
v -0.4 0.1 -1.4
v -0.4 0.1 -1.5
v -0.4 0.2 0.0999999
v -0.4 0.2 -0.1
v -0.3 0 0.0999999
v -0.3 0 -0.2
v -0.3 0 -1.2
v -0.3 0 -1.3
v -0.3 0 -1.7
v -0.3 0 -1.8
v -0.3 0 -2.3
v -0.3 0 -2.5
v -0.3 0.1 0.0999999
v -0.3 0.1 -0.2
v -0.3 0.1 -1.2
v -0.3 0.1 -1.3
v -0.3 0.1 -1.7
v -0.3 0.1 -1.8
v -0.3 0.1 -2.4
v -0.3 0.1 -2.5
v -0.3 0.2 -1.2
v -0.3 0.2 -1.3
v -0.3 0.2 -2.3
v -0.3 0.2 -2.4
v -0.1 0 0.6
v -0.1 0 0.5
v -0.1 0 -0.8
v -0.1 0 -0.9
v -0.1 0.1 0.6
v -0.1 0.1 0.5
v -0.1 0.1 -0.5
v -0.1 0.1 -0.6
v -0.1 0.1 -0.8
v -0.1 0.1 -0.9
v -0.1 0.2 -0.5
v -0.1 0.2 -0.6
v 0 0 1.7
v 0 0 1.3
v 0 0 0
v 0 0 -0.1
v 0 0 -0.3
v 0 0 -0.4
v 0 0 -0.5
v 0 0 -0.7
v 0 0.1 1.7
v 0 0.1 1.3
v 0 0.1 0
v 0 0.1 -0.1
v 0 0.1 -0.3
v 0 0.1 -0.4
v 0 0.1 -0.5
v 0 0.1 -0.7
v 0.1 0 -2.6
v 0.1 0 -2.7
v 0.1 0.1 1
v 0.1 0.1 0.8
v 0.1 0.1 -2.6
v 0.1 0.1 -2.7
v 0.1 0.2 1
v 0.1 0.2 0.9
v 0.1 0.3 0.9
v 0.1 0.3 0.8
v 0.2 0 2.1
v 0.2 0 2
v 0.2 0.1 2.1
v 0.2 0.1 2
v 0.2 0.1 -2.4
v 0.2 0.1 -2.5
v 0.2 0.2 -2.4
v 0.2 0.2 -2.5
v 0.3 0 1.1
v 0.3 0 0.7
v 0.3 0 -1
v 0.3 0 -1.1
v 0.3 0 -2.2
v 0.3 0 -2.5
v 0.3 0.1 1.1
v 0.3 0.1 0.7
v 0.3 0.1 -1
v 0.3 0.1 -1.1
v 0.3 0.1 -2.2
v 0.3 0.1 -2.3
v 0.3 0.1 -2.4
v 0.3 0.1 -2.5
v 0.3 0.2 -1
v 0.3 0.2 -1.1
v 0.3 0.2 -2.3
v 0.3 0.2 -2.4
v 0.4 0 2.4
v 0.4 0 2.3
v 0.4 0 -1.8
v 0.4 0 -1.9
v 0.4 0 -2.7
v 0.4 0 -2.8
v 0.4 0.1 2.4
v 0.4 0.1 2.3
v 0.4 0.1 -1.8
v 0.4 0.1 -1.9
v 0.4 0.1 -2.7
v 0.4 0.1 -2.8
v 0.5 0 1.9
v 0.5 0 1.8
v 0.5 0.1 1.9
v 0.5 0.1 1.8
v 0.6 0 1.6
v 0.6 0 1.5
v 0.6 0 -0.2
v 0.6 0 -0.5
v 0.6 0 -2.4
v 0.6 0 -2.5
v 0.6 0.1 1.6
v 0.6 0.1 1.5
v 0.6 0.1 -0.2
v 0.6 0.1 -0.5
v 0.6 0.1 -2.4
v 0.6 0.1 -2.5
v 0.6 2.5 -1.9
v 0.6 2.5 -2
v 0.6 2.6 -1.9
v 0.6 2.6 -2
v 0.7 0 -0.8
v 0.7 0 -0.9
v 0.7 0 -2.6
v 0.7 0 -2.7
v 0.7 0.1 -0.8
v 0.7 0.1 -0.9
v 0.7 0.1 -2.6
v 0.7 0.1 -2.7
v 0.7 1.5 -1.9
v 0.7 1.5 -2
v 0.7 1.8 -1.9
v 0.7 1.8 -2
v 0.7 2.5 -1.8
v 0.7 2.5 -1.9
v 0.7 2.6 -1.7
v 0.7 2.6 -1.8
v 0.7 2.6 -1.9
v 0.7 2.7 -1.7
v 0.7 2.7 -1.8
v 0.8 2.2 0.6
v 0.8 2.2 -1.9
v 0.8 2.2 -2
v 0.8 2.2 -2.1
v 0.8 2.3 -2.1
v 0.8 2.4 -2.1
v 0.8 2.5 -1.8
v 0.8 2.5 -2.1
v 0.8 2.6 0.6
v 0.8 2.6 -1.7
v 0.8 2.6 -1.8
v 0.9 0.8 1.4
v 0.9 0.8 1.3
v 0.9 1 1.4
v 0.9 1 1.3
v 0.9 2.2 1
v 0.9 2.2 0.6
v 0.9 2.3 1
v 0.9 2.3 0.6
v 0.9 2.3 -2.2
v 0.9 2.3 -2.3
v 0.9 2.4 -2.2
v 0.9 2.4 -2.3
v 0.9 2.7 -1.6
v 0.9 2.7 -1.7
v 0.9 2.8 -1.6
v 0.9 2.8 -1.7
v 1 0 -2.8
v 1 0 -2.9
v 1 0.1 -2.8
v 1 0.1 -2.9
v 1 2.7 -1.5
v 1 2.7 -1.6
v 1 2.8 -1.5
v 1 2.8 -1.6
v 1.1 0.4 -1.9
v 1.1 0.4 -2
v 1.1 0.5 1.4
v 1.1 0.5 1.3
v 1.1 0.8 1.4
v 1.1 0.8 1.3
v 1.1 0.8 -1.9
v 1.1 0.8 -2
v 1.1 2.3 -2.1
v 1.1 2.3 -2.2
v 1.1 2.4 -2.1
v 1.1 2.4 -2.2
v 1.1 2.6 -1.6
v 1.1 2.6 -1.7
v 1.1 2.7 -1.6
v 1.1 2.7 -1.7
v 1.1 2.8 -1.4
v 1.1 2.8 -1.5
v 1.1 2.9 -1.4
v 1.1 2.9 -1.5
v 1.2 0 2.3
v 1.2 0 1.7
v 1.2 0 -2.3
v 1.2 0 -2.5
v 1.2 0.1 2.3
v 1.2 0.1 1.7
v 1.2 0.1 -2.3
v 1.2 0.1 -2.5
v 1.2 0.2 0.6
v 1.2 0.2 0.5
v 1.2 0.2 -1.5
v 1.2 0.2 -1.8
v 1.2 0.3 0.6
v 1.2 0.3 0.5
v 1.2 0.4 -1.5
v 1.2 0.4 -1.8
v 1.2 2.7 -1.6
v 1.2 2.7 -1.7
v 1.2 2.8 -1.6
v 1.2 2.8 -1.7
v 1.3 0 -2.6
v 1.3 0 -2.7
v 1.3 0.1 0.6
v 1.3 0.1 0.4
v 1.3 0.1 -2.6
v 1.3 0.1 -2.7
v 1.3 0.2 0.6
v 1.3 0.2 0.4
v 1.3 2.7 -1.5
v 1.3 2.7 -1.6
v 1.3 2.8 -1.4
v 1.3 2.8 -1.5
v 1.3 2.8 -1.6
v 1.3 2.9 -1.4
v 1.3 2.9 -1.5
v 1.4 0 -3
v 1.4 0 -3.1
v 1.4 0.1 -1.4
v 1.4 0.1 -1.8
v 1.4 0.1 -3
v 1.4 0.1 -3.1
v 1.4 0.2 -1.4
v 1.4 0.2 -1.8
v 1.4 0.3 0.8
v 1.4 0.3 0.6
v 1.4 0.4 0.8
v 1.4 0.4 0.6
v 1.4 2.6 1.2
v 1.4 2.6 0.6
v 1.4 2.6 -1.6
v 1.4 2.6 -1.7
v 1.4 2.7 1.2
v 1.4 2.7 1.1
v 1.4 2.7 -1.6
v 1.4 2.7 -1.7
v 1.4 2.8 1.1
v 1.4 2.8 0.9
v 1.4 2.9 0.9
v 1.4 2.9 0.7
v 1.4 3 0.7
v 1.4 3 0.6
v 1.5 0 2.4
v 1.5 0 2.3
v 1.5 0.1 2.4
v 1.5 0.1 2.3
v 1.5 2.5 1.2
v 1.5 2.5 0.6
v 1.5 2.6 1.2
v 1.5 2.6 0.6
v 1.6 0 1.8
v 1.6 0 1.7
v 1.6 0 -2.3
v 1.6 0 -2.4
v 1.6 0.1 1.8
v 1.6 0.1 1.7
v 1.6 0.1 1.4
v 1.6 0.1 1.3
v 1.6 0.1 -2.3
v 1.6 0.1 -2.4
v 1.6 0.2 1.3
v 1.6 0.8 1.4
v 1.6 0.8 1.3
v 1.6 2.3 0.9
v 1.6 2.3 0.6
v 1.6 2.5 0.9
v 1.6 2.5 0.6
v 1.7 0 2.2
v 1.7 0 2.1
v 1.7 0.1 2.2
v 1.7 0.1 2.1
v 1.7 0.1 0.9
v 1.7 0.1 0.6
v 1.7 0.2 0
v 1.7 0.2 -0.1
v 1.7 0.3 0.9
v 1.7 0.3 0.6
v 1.7 0.3 0.0999999
v 1.7 0.3 0
v 1.7 0.4 0.0999999
v 1.7 0.4 -0.1
v 1.7 1.2 -1.9
v 1.7 1.2 -2
v 1.7 1.3 -1.9
v 1.7 1.3 -2
v 1.7 2.3 1
v 1.7 2.3 0.9
v 1.7 2.5 1
v 1.7 2.5 0.9
v 1.8 1.1 -1.9
v 1.8 1.1 -2
v 1.8 1.2 -1.9
v 1.8 1.2 -2
v 1.8 1.3 -1.9
v 1.8 1.3 -2
v 1.8 1.5 -1.9
v 1.8 1.5 -2
v 1.9 0 -2.8
v 1.9 0 -2.9
v 1.9 0.1 -2.8
v 1.9 0.1 -2.9
v 1.9 0.3 0.4
v 1.9 0.3 0.0999999
v 1.9 0.4 0.2
v 1.9 0.4 0.0999999
v 1.9 0.5 0.4
v 1.9 0.5 0.2
v 1.9 2.2 1.1
v 1.9 2.2 1
v 1.9 2.4 1.3
v 1.9 2.4 1.1
v 1.9 2.5 1.3
v 1.9 2.5 1.2
v 1.9 2.5 1
v 1.9 2.6 1.3
v 1.9 2.6 1.2
v 2 0 2.2
v 2 0 1.9
v 2 0 -2.4
v 2 0 -2.7
v 2 0.1 2.2
v 2 0.1 1.9
v 2 0.1 -2.4
v 2 0.1 -2.7
v 2 0.2 0.4
v 2 0.2 0
v 2 0.3 0.4
v 2 0.3 0
v 2 1.8 -1.9
v 2 1.8 -2
v 2 2 -1.9
v 2 2 -2
v 2 2.3 0.6
v 2 2.3 0.5
v 2 2.6 0.6
v 2 2.6 0.5
v 2.1 0 -1
v 2.1 0 -1.5
v 2.1 0 -2.2
v 2.1 0 -2.3
v 2.1 0.1 1.3
v 2.1 0.1 1
v 2.1 0.1 0.4
v 2.1 0.1 0.0999999
v 2.1 0.1 -1
v 2.1 0.1 -1.5
v 2.1 0.1 -2.2
v 2.1 0.1 -2.3
v 2.1 0.2 1.3
v 2.1 0.2 1
v 2.1 0.2 0.4
v 2.1 0.2 0.0999999
v 2.1 1.7 -1.9
v 2.1 1.7 -2
v 2.1 1.8 -1.9
v 2.1 1.8 -2
v 2.1 2.3 1.3
v 2.1 2.3 1.1
v 2.1 2.4 1.3
v 2.1 2.4 1.1
v 2.1 2.6 0.6
v 2.1 2.6 0.5
v 2.1 2.7 0.6
v 2.1 2.7 0.5
v 2.2 0 1.8
v 2.2 0 1.7
v 2.2 0 -1.5
v 2.2 0 -1.6
v 2.2 0.1 1.8
v 2.2 0.1 1.7
v 2.2 0.1 -1.5
v 2.2 0.1 -1.6
v 2.2 0.2 0.0999999
v 2.2 0.2 0
v 2.2 0.2 -0.1
v 2.2 0.3 0.0999999
v 2.2 0.3 0
v 2.2 0.3 -0.1
v 2.2 0.4 0.0999999
v 2.2 0.4 0
v 2.2 1.6 -1.9
v 2.2 1.6 -2
v 2.2 1.7 -1.9
v 2.2 1.7 -2
v 2.2 2.8 -1.3
v 2.2 2.8 -1.4
v 2.2 2.9 -1.3
v 2.2 2.9 -1.4
v 2.3 0 -1.6
v 2.3 0 -1.7
v 2.3 0 -2.8
v 2.3 0 -2.9
v 2.3 0.1 -1.6
v 2.3 0.1 -1.7
v 2.3 0.1 -2.8
v 2.3 0.1 -2.9
v 2.4 0.1 0.0999999
v 2.4 0.1 -0.5
v 2.4 0.2 -0.2
v 2.4 0.2 -0.3
v 2.4 0.3 -0.2
v 2.4 0.3 -0.3
v 2.4 0.4 0.0999999
v 2.4 0.4 -0.5
v 2.4 2.3 -0.9
v 2.4 2.3 -1.3
v 2.4 2.6 -1.3
v 2.4 2.6 -1.8
v 2.4 2.7 -1.7
v 2.4 2.7 -1.8
v 2.4 2.8 -1.5
v 2.4 2.8 -1.7
v 2.4 2.9 -1.3
v 2.4 2.9 -1.5
v 2.4 3 -0.9
v 2.4 3 -1.2
v 2.4 3 -1.3
v 2.5 0 -3
v 2.5 0 -3.1
v 2.5 0.1 -3
v 2.5 0.1 -3.1
v 2.5 2.5 -1.3
v 2.5 2.5 -1.7
v 2.5 2.6 -1.3
v 2.5 2.6 -1.7
v 2.6 2.8 -1.9
v 2.6 2.8 -2
v 2.6 2.9 -1.9
v 2.6 2.9 -2
v 2.7 2.4 -2.1
v 2.7 2.4 -2.2
v 2.7 2.5 -2
v 2.7 2.5 -2.1
v 2.7 2.6 -1.9
v 2.7 2.6 -2
v 2.7 2.6 -2.1
v 2.7 2.6 -2.2
v 2.7 2.7 -1.8
v 2.7 2.7 -1.9
v 2.7 2.7 -2
v 2.7 2.7 -2.1
v 2.7 2.8 -1.9
v 2.7 2.8 -2
v 2.7 2.9 -1.8
v 2.7 2.9 -1.9
v 2.8 0 -1.7
v 2.8 0 -1.8
v 2.8 0.1 1.4
v 2.8 0.1 -1
v 2.8 0.1 -1.7
v 2.8 0.1 -1.8
v 2.8 0.1 -2
v 2.8 0.2 -1
v 2.8 0.2 -1.3
v 2.8 0.3 -1.3
v 2.8 0.3 -1.7
v 2.8 0.6 0.5
v 2.8 0.6 0.2
v 2.8 0.7 0.2
v 2.8 0.7 0.0999999
v 2.8 0.8 0.0999999
v 2.8 0.8 -0.1
v 2.8 0.9 0.6
v 2.8 0.9 0.5
v 2.8 0.9 -0.1
v 2.8 0.9 -0.2
v 2.8 1 0.7
v 2.8 1 0.6
v 2.8 1.1 0.7
v 2.8 1.1 0.6
v 2.8 1.1 -0.2
v 2.8 1.1 -0.3
v 2.8 1.2 -1
v 2.8 1.2 -1.2
v 2.8 1.3 -0.1
v 2.8 1.3 -0.3
v 2.8 1.3 -0.9
v 2.8 1.3 -1
v 2.8 1.3 -1.2
v 2.8 1.3 -1.3
v 2.8 1.4 0.6
v 2.8 1.4 0.5
v 2.8 1.4 0.2
v 2.8 1.4 -0.1
v 2.8 1.4 -0.8
v 2.8 1.4 -0.9
v 2.8 1.4 -1.3
v 2.8 1.4 -1.4
v 2.8 1.5 0.5
v 2.8 1.5 0.4
v 2.8 1.6 0.4
v 2.8 1.6 0.2
v 2.8 1.7 -1.3
v 2.8 1.7 -1.4
v 2.8 1.8 -1.3
v 2.8 1.8 -1.4
v 2.8 2 -0.8
v 2.8 2 -0.9
v 2.8 2 -1.3
v 2.8 2 -1.4
v 2.8 2.2 1.4
v 2.8 2.2 -0.9
v 2.8 2.2 -1.3
v 2.8 2.2 -2
v 2.9 0 1.4
v 2.9 0 -1
v 2.9 0 -1.8
v 2.9 0 -2.1
v 2.9 0.1 1.4
v 2.9 0.1 -1
v 2.9 0.1 -1.8
v 2.9 0.1 -2.1
v 2.9 2.6 -1.8
v 2.9 2.6 -1.9
v 2.9 2.7 -1.8
v 2.9 2.7 -1.9
v 3 2.2 1.8
v 3 2.2 1.7
v 3 2.2 1.5
v 3 2.2 -2.1
v 3 2.2 -2.3
v 3 2.2 -2.4
v 3 2.3 1.8
v 3 2.3 1.7
v 3 2.3 1.5
v 3 2.3 -2.1
v 3 2.3 -2.3
v 3 2.3 -2.4
v 3 2.4 1.7
v 3 2.4 1.5
v 3 2.4 -2.1
v 3 2.4 -2.3
v 3 2.5 1.5
v 3 2.5 1.3
v 3 2.5 -2
v 3 2.5 -2.1
v 3 2.6 1.3
v 3 2.6 1.2
v 3 2.6 -1.8
v 3 2.6 -2
v 3 2.7 1.2
v 3 2.7 1.1
v 3 2.7 -1.7
v 3 2.7 -1.8
v 3 2.8 1.1
v 3 2.8 0.9
v 3 2.8 -1.5
v 3 2.8 -1.7
v 3 2.9 0.9
v 3 2.9 0.7
v 3 2.9 -1.3
v 3 2.9 -1.5
v 3 3 0.7
v 3 3 0.6
v 3 3 -1.2
v 3 3 -1.3
v 3 3.1 0.6
v 3 3.1 0.4
v 3 3.1 -1
v 3 3.1 -1.2
v 3 3.2 0.4
v 3 3.2 0.3
v 3 3.2 -0.9
v 3 3.2 -1
v 3 3.3 0.3
v 3 3.3 0.0999999
v 3 3.3 -0.7
v 3 3.3 -0.9
v 3 3.4 0.0999999
v 3 3.4 0
v 3 3.4 -0.6
v 3 3.4 -0.7
v 3 3.5 0
v 3 3.5 -0.2
v 3 3.5 -0.4
v 3 3.5 -0.6
v 3 3.6 -0.2
v 3 3.6 -0.4
v 0.3 0 2.4
v 0.3 0.1 2.4
v 0.4 0 2.4
v 0.4 0.1 2.4
v 1.4 0 2.4
v 1.4 0.1 2.4
v 1.5 0 2.4
v 1.5 0.1 2.4
v 0.7 0 2.3
v 0.7 0.1 2.3
v 1.2 0 2.3
v 1.2 0.1 2.3
v 1.6 0 2.2
v 1.6 0.1 2.2
v 1.7 0 2.2
v 1.7 0.1 2.2
v 1.9 0 2.2
v 1.9 0.1 2.2
v 2 0 2.2
v 2 0.1 2.2
v 0.1 0 2.1
v 0.1 0.1 2.1
v 0.2 0 2.1
v 0.2 0.1 2.1
v -0.6 0 1.9
v -0.6 0.1 1.9
v -0.5 0 1.9
v -0.5 0.1 1.9
v 0.4 0 1.9
v 0.4 0.1 1.9
v 0.5 0 1.9
v 0.5 0.1 1.9
v 0.5 2.2 1.8
v 0.5 2.3 1.8
v 1.5 0 1.8
v 1.5 0.1 1.8
v 1.6 0 1.8
v 1.6 0.1 1.8
v 2.1 0 1.8
v 2.1 0.1 1.8
v 2.2 0 1.8
v 2.2 0.1 1.8
v 3 2.2 1.8
v 3 2.3 1.8
v -0.4 0 1.7
v -0.4 0.1 1.7
v 0 0 1.7
v 0 0.1 1.7
v 0.5 2.3 1.7
v 0.5 2.4 1.7
v 3 2.3 1.7
v 3 2.4 1.7
v 0.5 0 1.6
v 0.5 0.1 1.6
v 0.6 0 1.6
v 0.6 0.1 1.6
v -0.6 0 1.5
v -0.6 0.1 1.5
v -0.5 0 1.5
v -0.5 0.1 1.5
v 0.5 2.2 1.5
v 0.5 2.3 1.5
v 0.5 2.4 1.5
v 0.5 2.5 1.5
v 3 2.2 1.5
v 3 2.3 1.5
v 3 2.4 1.5
v 3 2.5 1.5
v 0.4 0 1.4
v 0.4 0.3 1.4
v 0.5 0 1.4
v 0.5 0.1 1.4
v 0.5 0.6 1.4
v 0.5 0.9 1.4
v 0.5 1.5 1.4
v 0.5 1.7 1.4
v 0.5 1.9 1.4
v 0.5 2.2 1.4
v 0.6 0.3 1.4
v 0.6 0.6 1.4
v 0.6 0.9 1.4
v 0.6 1 1.4
v 0.6 1.2 1.4
v 0.6 1.5 1.4
v 0.6 1.7 1.4
v 0.6 1.9 1.4
v 0.7 1 1.4
v 0.7 1.2 1.4
v 0.9 0.8 1.4
v 0.9 1 1.4
v 1.1 0.5 1.4
v 1.1 0.8 1.4
v 1.1 0.9 1.4
v 1.1 1 1.4
v 1.3 0.5 1.4
v 1.3 0.9 1.4
v 1.6 0.1 1.4
v 1.6 0.8 1.4
v 2.1 0.1 1.4
v 2.1 0.8 1.4
v 2.8 0.1 1.4
v 2.8 2.2 1.4
v 2.9 0 1.4
v 2.9 0.1 1.4
v 0.5 2.5 1.3
v 0.5 2.6 1.3
v 1.6 0.1 1.3
v 1.6 0.2 1.3
v 1.9 2.5 1.3
v 1.9 2.6 1.3
v 2.1 0.1 1.3
v 2.1 0.2 1.3
v 2.7 2.5 1.3
v 2.7 2.6 1.3
v 3 2.5 1.3
v 3 2.6 1.3
v -1.2 0 1.2
v -1.2 0.1 1.2
v -1.1 0 1.2
v -1.1 0.1 1.2
v 0.5 2.6 1.2
v 0.5 2.7 1.2
v 1.4 2.6 1.2
v 1.4 2.7 1.2
v 2.9 2.6 1.2
v 2.9 2.7 1.2
v 3 2.6 1.2
v 3 2.7 1.2
v -0.8 0 1.1
v -0.8 0.1 1.1
v -0.5 0 1.1
v -0.5 0.1 1.1
v -0.1 0 1.1
v -0.1 0.1 1.1
v 0.3 0 1.1
v 0.3 0.1 1.1
v 0.5 2.7 1.1
v 0.5 2.8 1.1
v 1.4 2.7 1.1
v 1.4 2.8 1.1
v 2.6 2.7 1.1
v 2.6 2.8 1.1
v 2.9 2.7 1.1
v 3 2.7 1.1
v 3 2.8 1.1
v -0.1 0.1 1
v -0.1 0.2 1
v 0.1 0.1 1
v 0.1 0.2 1
v 0 0.2 0.9
v 0 0.3 0.9
v 0.1 0.2 0.9
v 0.1 0.3 0.9
v 0.5 2.8 0.9
v 0.5 2.9 0.9
v 0.6 0 0.9
v 0.6 0.1 0.9
v 0.7 0 0.9
v 0.7 0.1 0.9
v 0.7 0.3 0.9
v 1.4 2.8 0.9
v 1.4 2.9 0.9
v 1.7 0.1 0.9
v 1.7 0.3 0.9
v 2.6 2.8 0.9
v 2.6 2.9 0.9
v 3 2.8 0.9
v 3 2.9 0.9
v 0.6 0.1 0.8
v 0.6 0.2 0.8
v 0.7 0.1 0.8
v 0.7 0.2 0.8
v 1 0.3 0.8
v 1 0.4 0.8
v 1.4 0.3 0.8
v 1.4 0.4 0.8
v -1.5 0 0.7
v -1.5 0.1 0.7
v -1.4 0 0.7
v -1.4 0.1 0.7
v 0.5 0 0.7
v 0.5 0.1 0.7
v 0.5 2.9 0.7
v 0.5 3 0.7
v 0.6 0 0.7
v 0.6 0.1 0.7
v 1.4 2.9 0.7
v 1.4 3 0.7
v 2.6 2.4 0.7
v 2.6 2.5 0.7
v 2.6 2.9 0.7
v 2.6 3 0.7
v 2.7 2.4 0.7
v 2.7 2.5 0.7
v 3 2.9 0.7
v 3 3 0.7
v -0.7 0 0.6
v -0.7 0.1 0.6
v -0.4 0 0.6
v -0.4 0.1 0.6
v -0.2 0 0.6
v -0.2 0.1 0.6
v -0.1 0 0.6
v -0.1 0.1 0.6
v 0.5 3 0.6
v 0.5 3.1 0.6
v 1.4 2.6 0.6
v 1.4 3 0.6
v 1.5 2.6 0.6
v 1.9 2.3 0.6
v 1.9 2.6 0.6
v 2 2.3 0.6
v 2 2.6 0.6
v 2.1 2.6 0.6
v 2.1 2.7 0.6
v 2.4 2.6 0.6
v 2.4 2.7 0.6
v 2.5 2.3 0.6
v 2.5 2.6 0.6
v 2.6 2.3 0.6
v 2.6 2.5 0.6
v 2.6 2.7 0.6
v 2.6 3 0.6
v 2.9 2.5 0.6
v 2.9 2.7 0.6
v 3 3 0.6
v 3 3.1 0.6
v -1.1 0 0.5
v -1.1 0.1 0.5
v -0.9 0 0.5
v -0.9 0.1 0.5
v 2 2.3 0.5
v 2 2.6 0.5
v 2.1 2.6 0.5
v 2.1 2.7 0.5
v 2.4 2.2 0.5
v 2.4 2.3 0.5
v 2.4 2.6 0.5
v 2.4 2.7 0.5
v 2.5 2.2 0.5
v 2.5 2.6 0.5
v 0.5 2.3 0.4
v 0.5 2.4 0.4
v 0.5 3.1 0.4
v 0.5 3.2 0.4
v 0.6 2.3 0.4
v 0.6 2.4 0.4
v 1.5 0.1 0.4
v 1.5 0.3 0.4
v 1.6 0.3 0.4
v 1.6 0.5 0.4
v 1.9 0.3 0.4
v 1.9 0.5 0.4
v 2 0.2 0.4
v 2 0.3 0.4
v 2.1 0.1 0.4
v 2.1 0.2 0.4
v 3 3.1 0.4
v 3 3.2 0.4
v 0.5 3.2 0.3
v 0.5 3.3 0.3
v 3 3.2 0.3
v 3 3.3 0.3
v 1.5 0.2 0.2
v 1.5 0.3 0.2
v 1.6 0.2 0.2
v 1.6 0.3 0.2
v 2.7 0.6 0.2
v 2.7 0.7 0.2
v 2.7 1.4 0.2
v 2.7 1.6 0.2
v 2.8 0.6 0.2
v 2.8 0.7 0.2
v 2.8 1.4 0.2
v 2.8 1.6 0.2
v -0.8 0 0.0999999
v -0.8 0.1 0.0999999
v -0.7 0 0.0999999
v -0.7 0.1 0.0999999
v -0.6 0 0.0999999
v -0.6 0.1 0.0999999
v -0.6 0.2 0.0999999
v -0.4 0.1 0.0999999
v -0.4 0.2 0.0999999
v -0.3 0 0.0999999
v -0.3 0.1 0.0999999
v 0.5 3.3 0.0999999
v 0.5 3.4 0.0999999
v 2.1 0.1 0.0999999
v 2.1 0.2 0.0999999
v 2.1 0.3 0.0999999
v 2.1 0.4 0.0999999
v 2.2 0.2 0.0999999
v 2.2 0.3 0.0999999
v 2.2 0.4 0.0999999
v 2.3 0.2 0.0999999
v 2.3 0.4 0.0999999
v 2.4 0.1 0.0999999
v 2.4 0.4 0.0999999
v 2.7 0.7 0.0999999
v 2.7 0.8 0.0999999
v 2.8 0.7 0.0999999
v 2.8 0.8 0.0999999
v 3 3.3 0.0999999
v 3 3.4 0.0999999
v -0.1 0 0
v -0.1 0.1 0
v 0 0 0
v 0 0.1 0
v 0.5 0 0
v 0.5 0.1 0
v 0.5 2.3 0
v 0.5 2.4 0
v 0.5 2.6 0
v 0.5 2.7 0
v 0.5 3.4 0
v 0.5 3.5 0
v 0.6 0 0
v 0.6 0.1 0
v 0.6 2.3 0
v 0.6 2.4 0
v 0.6 2.6 0
v 0.6 2.7 0
v 3 3.4 0
v 3 3.5 0
v -1.4 0 -0.1
v -1.4 0.1 -0.1
v -1.3 0 -0.1
v -1.3 0.1 -0.1
v -1.2 0 -0.1
v -1.2 0.1 -0.1
v -1 0 -0.1
v -1 0.1 -0.1
v 2.7 0.8 -0.1
v 2.7 0.9 -0.1
v 2.7 1.3 -0.1
v 2.7 1.4 -0.1
v 2.8 0.8 -0.1
v 2.8 0.9 -0.1
v 2.8 1.3 -0.1
v 2.8 1.4 -0.1
v 0.5 3.5 -0.2
v 0.5 3.6 -0.2
v 2.7 0.9 -0.2
v 2.7 1.1 -0.2
v 2.8 0.9 -0.2
v 2.8 1.1 -0.2
v 3 3.5 -0.2
v 3 3.6 -0.2
v -0.1 0 -0.3
v -0.1 0.1 -0.3
v 0 0 -0.3
v 0 0.1 -0.3
v 0.5 2.7 -0.3
v 0.5 2.8 -0.3
v 0.6 2.7 -0.3
v 0.6 2.8 -0.3
v 2.1 0.2 -0.3
v 2.1 0.3 -0.3
v 2.2 0.2 -0.3
v 2.3 0.2 -0.3
v 2.3 0.3 -0.3
v 2.4 0.2 -0.3
v 2.4 0.3 -0.3
v 2.7 1.1 -0.3
v 2.7 1.3 -0.3
v 2.8 1.1 -0.3
v 2.8 1.3 -0.3
v 0.5 2.4 -0.4
v 0.5 2.6 -0.4
v 0.5 2.8 -0.4
v 0.5 3 -0.4
v 0.6 2.8 -0.4
v 0.6 3 -0.4
v 0.7 2.4 -0.4
v 0.7 2.6 -0.4
v -1.1 0 -0.5
v -1.1 0.1 -0.5
v -1 0 -0.5
v -1 0.1 -0.5
v -0.2 0 -0.5
v -0.2 0.1 -0.5
v -0.2 0.2 -0.5
v -0.1 0.1 -0.5
v -0.1 0.2 -0.5
v 0 0 -0.5
v 0 0.1 -0.5
v 0.6 0 -0.5
v 0.6 0.1 -0.5
v 0.8 0 -0.5
v 0.8 0.1 -0.5
v -0.7 0 -0.7
v -0.7 0.1 -0.7
v -0.7 0.2 -0.7
v -0.6 0.1 -0.7
v -0.6 0.2 -0.7
v -0.4 0 -0.7
v -0.4 0.1 -0.7
v 0.5 2.2 -0.7
v 0.5 2.5 -0.7
v 0.6 2.5 -0.7
v 0.6 2.6 -0.7
v 0.7 2.2 -0.7
v 0.7 2.6 -0.7
v -1.4 0 -0.8
v -1.4 0.1 -0.8
v -1.3 0 -0.8
v -1.3 0.1 -0.8
v -1 0 -0.8
v -1 0.1 -0.8
v -0.9 0 -0.8
v -0.9 0.1 -0.8
v -0.6 0.1 -0.8
v -0.6 0.2 -0.8
v -0.5 0.1 -0.8
v -0.5 0.2 -0.8
v -0.3 0 -0.8
v -0.3 0.1 -0.8
v -0.1 0 -0.8
v -0.1 0.1 -0.8
v 0.5 0 -0.8
v 0.5 0.1 -0.8
v 0.5 3 -0.8
v 0.5 3.2 -0.8
v 0.6 0 -0.8
v 0.6 0.1 -0.8
v 0.6 3 -0.8
v 0.6 3.2 -0.8
v 0.5 2.5 -0.9
v 0.5 2.7 -0.9
v 0.5 2.8 -0.9
v 0.5 2.9 -0.9
v 0.6 2.5 -0.9
v 0.6 2.7 -0.9
v 0.6 2.8 -0.9
v 0.6 2.9 -0.9
v 0.7 0 -0.9
v 0.7 0.1 -0.9
v 0.8 0 -0.9
v 0.8 0.1 -0.9
v 0.2 0 -1
v 0.2 0.1 -1
v 0.2 0.2 -1
v 0.3 0 -1
v 0.3 0.1 -1
v 0.3 0.2 -1
v -1.4 0 -1.1
v -1.4 0.1 -1.1
v -1.3 0 -1.1
v -1.3 0.1 -1.1
v -1.2 0 -1.1
v -1.2 0.1 -1.1
v -1.1 0 -1.1
v -1.1 0.1 -1.1
v -0.9 0 -1.2
v -0.9 0.1 -1.2
v -0.8 0 -1.2
v -0.8 0.1 -1.2
v -0.5 0 -1.2
v -0.5 0.1 -1.2
v -0.4 0 -1.2
v -0.4 0.1 -1.2
v -0.4 0.2 -1.2
v -0.3 0 -1.2
v -0.3 0.1 -1.2
v -0.3 0.2 -1.2
v 0.5 2.2 -1.2
v 0.5 3 -1.2
v 0.6 0 -1.2
v 0.6 0.1 -1.2
v 0.6 2.2 -1.2
v 0.6 2.6 -1.2
v 0.7 0 -1.2
v 0.7 0.1 -1.2
v 0.7 2.6 -1.2
v 0.7 3 -1.2
v 2.7 1.2 -1.2
v 2.7 1.3 -1.2
v 2.8 1.2 -1.2
v 2.8 1.3 -1.2
v 2.4 2.2 -1.3
v 2.4 2.3 -1.3
v 2.4 2.6 -1.3
v 2.5 2.5 -1.3
v 2.5 2.6 -1.3
v 2.7 1.3 -1.3
v 2.7 1.4 -1.3
v 2.7 1.7 -1.3
v 2.7 1.8 -1.3
v 2.7 2 -1.3
v 2.7 2.2 -1.3
v 2.7 2.5 -1.3
v 2.7 2.6 -1.3
v 2.8 1.3 -1.3
v 2.8 1.4 -1.3
v 2.8 1.7 -1.3
v 2.8 1.8 -1.3
v 2.8 2 -1.3
v 2.8 2.2 -1.3
v 2.8 2.6 -1.3
v -0.6 0 -1.4
v -0.6 0.2 -1.4
v -0.5 0.1 -1.4
v -0.5 0.2 -1.4
v -0.4 0 -1.4
v -0.4 0.1 -1.4
v 1 0.1 -1.4
v 1 0.2 -1.4
v 1.4 0.1 -1.4
v 1.4 0.2 -1.4
v 2.2 2.8 -1.4
v 2.2 2.9 -1.4
v 2.3 2.8 -1.4
v 2.3 2.9 -1.4
v 2.7 1.4 -1.4
v 2.7 1.7 -1.4
v 2.7 1.8 -1.4
v 2.7 2 -1.4
v 2.8 1.4 -1.4
v 2.8 1.7 -1.4
v 2.8 1.8 -1.4
v 2.8 2 -1.4
v 0.5 0 -1.5
v 0.5 0.1 -1.5
v 0.6 0 -1.5
v 0.6 0.1 -1.5
v 1 0.2 -1.5
v 1 0.3 -1.5
v 1.1 0.3 -1.5
v 1.1 0.4 -1.5
v 1.2 0.2 -1.5
v 1.2 0.4 -1.5
v 2.1 0 -1.5
v 2.1 0.1 -1.5
v 2.2 0 -1.5
v 2.2 0.1 -1.5
v 2.2 0 -1.6
v 2.2 0.1 -1.6
v 2.3 0 -1.6
v 2.3 0.1 -1.6
v -0.4 0 -1.7
v -0.4 0.1 -1.7
v -0.3 0 -1.7
v -0.3 0.1 -1.7
v 2.3 0 -1.7
v 2.3 0.1 -1.7
v 2.5 2.5 -1.7
v 2.5 2.6 -1.7
v 2.7 0.1 -1.7
v 2.7 0.3 -1.7
v 2.7 2.5 -1.7
v 2.7 2.6 -1.7
v 2.7 2.7 -1.7
v 2.8 0 -1.7
v 2.8 0.1 -1.7
v 2.8 0.3 -1.7
v 2.8 2.6 -1.7
v 2.8 2.7 -1.7
v -0.8 0 -1.8
v -0.8 0.1 -1.8
v -0.7 0 -1.8
v -0.7 0.1 -1.8
v 0 0 -1.8
v 0 0.1 -1.8
v 0.4 0 -1.8
v 0.4 0.1 -1.8
v 2.5 2.6 -1.8
v 2.5 2.8 -1.8
v 2.6 2.8 -1.8
v 2.6 2.9 -1.8
v 2.7 2.6 -1.8
v 2.7 2.7 -1.8
v 2.7 2.9 -1.8
v 2.8 0 -1.8
v 2.8 0.1 -1.8
v 2.9 0 -1.8
v 2.9 0.1 -1.8
v 0.4 0.2 -1.9
v 0.4 0.5 -1.9
v 0.4 1.5 -1.9
v 0.4 1.9 -1.9
v 0.5 0.1 -1.9
v 0.5 0.2 -1.9
v 0.5 0.5 -1.9
v 0.5 0.6 -1.9
v 0.5 1.3 -1.9
v 0.5 1.5 -1.9
v 0.5 1.9 -1.9
v 0.5 2.2 -1.9
v 0.5 2.4 -1.9
v 0.5 2.5 -1.9
v 0.6 0.6 -1.9
v 0.6 0.7 -1.9
v 0.6 1.2 -1.9
v 0.6 1.3 -1.9
v 0.6 2.4 -1.9
v 0.6 2.5 -1.9
v 0.7 1 -1.9
v 0.7 1.2 -1.9
v 0.7 1.5 -1.9
v 0.7 1.8 -1.9
v 0.8 0.7 -1.9
v 0.8 1 -1.9
v 0.8 1.5 -1.9
v 0.8 1.8 -1.9
v 0.8 2.2 -1.9
v 1.1 0.4 -1.9
v 1.1 0.8 -1.9
v 1.2 0.6 -1.9
v 1.2 0.8 -1.9
v 1.3 0.4 -1.9
v 1.3 0.6 -1.9
v 1.4 1.8 -1.9
v 1.4 2 -1.9
v 1.5 1.8 -1.9
v 1.5 1.9 -1.9
v 1.6 1.9 -1.9
v 1.6 2 -1.9
v 1.7 0.8 -1.9
v 1.7 0.9 -1.9
v 1.7 1.2 -1.9
v 1.7 1.3 -1.9
v 1.8 0.6 -1.9
v 1.8 0.8 -1.9
v 1.8 1.1 -1.9
v 1.8 1.2 -1.9
v 1.8 1.3 -1.9
v 1.8 1.5 -1.9
v 1.9 0.6 -1.9
v 1.9 0.7 -1.9
v 1.9 1.1 -1.9
v 1.9 1.2 -1.9
v 1.9 1.4 -1.9
v 1.9 1.5 -1.9
v 2 0.7 -1.9
v 2 0.9 -1.9
v 2 1.2 -1.9
v 2 1.4 -1.9
v 2 1.8 -1.9
v 2 2 -1.9
v 2.1 1.7 -1.9
v 2.1 1.8 -1.9
v 2.2 1.6 -1.9
v 2.2 1.7 -1.9
v 2.3 1.1 -1.9
v 2.3 1.4 -1.9
v 2.4 1 -1.9
v 2.4 1.1 -1.9
v 2.4 1.3 -1.9
v 2.4 1.4 -1.9
v 2.4 1.6 -1.9
v 2.4 1.7 -1.9
v 2.4 1.9 -1.9
v 2.4 2 -1.9
v 2.4 2.2 -1.9
v 2.5 1 -1.9
v 2.5 1.2 -1.9
v 2.5 1.7 -1.9
v 2.5 1.9 -1.9
v 2.5 2.8 -1.9
v 2.5 2.9 -1.9
v 2.6 1.2 -1.9
v 2.6 1.3 -1.9
v 2.6 2.8 -1.9
v 2.6 2.9 -1.9
v 2.7 0.1 -1.9
v 2.7 2.2 -1.9
v 1.9 2.2 -2
v 1.9 2.3 -2
v 2.4 2.2 -2
v 2.4 2.3 -2
v 2.4 2.6 -2
v 2.4 2.7 -2
v 2.5 2.6 -2
v 2.5 2.7 -2
v 0.8 2.3 -2.1
v 0.8 2.4 -2.1
v 1.1 2.3 -2.1
v 1.1 2.4 -2.1
v 1.6 2.3 -2.1
v 1.6 2.4 -2.1
v 1.9 2.3 -2.1
v 1.9 2.4 -2.1
v -0.8 0 -2.2
v -0.8 0.1 -2.2
v -0.7 0 -2.2
v -0.7 0.1 -2.2
v 0 0 -2.2
v 0 0.1 -2.2
v 0.3 0 -2.2
v 0.3 0.1 -2.2
v 2 0 -2.2
v 2 0.1 -2.2
v 2.1 0 -2.2
v 2.1 0.1 -2.2
v -0.5 0 -2.3
v -0.5 0.1 -2.3
v -0.4 0.1 -2.3
v -0.4 0.2 -2.3
v -0.3 0 -2.3
v -0.3 0.2 -2.3
v 0.2 0.1 -2.3
v 0.2 0.2 -2.3
v 0.3 0.1 -2.3
v 0.3 0.2 -2.3
v 0.5 2.2 -2.3
v 0.5 2.3 -2.3
v 0.8 0 -2.3
v 0.8 0.1 -2.3
v 0.9 2.3 -2.3
v 1.2 0 -2.3
v 1.2 0.1 -2.3
v 1.5 0 -2.3
v 1.5 0.1 -2.3
v 1.6 0 -2.3
v 1.6 0.1 -2.3
v 1.6 2.3 -2.3
v 3 2.2 -2.3
v 3 2.3 -2.3
v 0.1 0.1 -2.4
v 0.1 0.2 -2.4
v 0.2 0.1 -2.4
v 0.2 0.2 -2.4
v 0.5 0 -2.4
v 0.5 0.1 -2.4
v 0.6 0 -2.4
v 0.6 0.1 -2.4
v 1.7 0 -2.4
v 1.7 0.1 -2.4
v 2 0 -2.4
v 2 0.1 -2.4
v 1.6 0 -2.5
v 1.6 0.1 -2.5
v 1.7 0 -2.5
v 1.7 0.1 -2.5
v 0 0 -2.6
v 0 0.1 -2.6
v 0.1 0 -2.6
v 0.1 0.1 -2.6
v 0.6 0 -2.6
v 0.6 0.1 -2.6
v 0.7 0 -2.6
v 0.7 0.1 -2.6
v 1.2 0 -2.6
v 1.2 0.1 -2.6
v 1.3 0 -2.6
v 1.3 0.1 -2.6
v 0.3 0 -2.7
v 0.3 0.1 -2.7
v 0.4 0 -2.7
v 0.4 0.1 -2.7
v 0.9 0 -2.8
v 0.9 0.1 -2.8
v 1 0 -2.8
v 1 0.1 -2.8
v 1.8 0 -2.8
v 1.8 0.1 -2.8
v 1.9 0 -2.8
v 1.9 0.1 -2.8
v 2.2 0 -2.8
v 2.2 0.1 -2.8
v 2.3 0 -2.8
v 2.3 0.1 -2.8
v 1.3 0 -3
v 1.3 0.1 -3
v 1.4 0 -3
v 1.4 0.1 -3
v 2.4 0 -3
v 2.4 0.1 -3
v 2.5 0 -3
v 2.5 0.1 -3
v 0.3 0 2.3
v 0.3 0.1 2.3
v 0.4 0 2.3
v 0.4 0.1 2.3
v 1.4 0 2.3
v 1.4 0.1 2.3
v 1.5 0 2.3
v 1.5 0.1 2.3
v 1.6 0 2.1
v 1.6 0.1 2.1
v 1.7 0 2.1
v 1.7 0.1 2.1
v 0.1 0 2
v 0.1 0.1 2
v 0.2 0 2
v 0.2 0.1 2
v 1.9 0 1.9
v 1.9 0.1 1.9
v 2 0 1.9
v 2 0.1 1.9
v -0.6 0 1.8
v -0.6 0.1 1.8
v -0.5 0 1.8
v -0.5 0.1 1.8
v 0.4 0 1.8
v 0.4 0.1 1.8
v 0.5 0 1.8
v 0.5 0.1 1.8
v 0.5 2.2 1.7
v 0.5 2.3 1.7
v 0.7 0 1.7
v 0.7 0.1 1.7
v 1.2 0 1.7
v 1.2 0.1 1.7
v 1.5 0 1.7
v 1.5 0.1 1.7
v 1.6 0 1.7
v 1.6 0.1 1.7
v 2.1 0 1.7
v 2.1 0.1 1.7
v 2.2 0 1.7
v 2.2 0.1 1.7
v 3 2.2 1.7
v 3 2.3 1.7
v 0.5 0 1.5
v 0.5 0.1 1.5
v 0.6 0 1.5
v 0.6 0.1 1.5
v -0.6 0 1.4
v -0.6 0.1 1.4
v -0.5 0 1.4
v -0.5 0.1 1.4
v -0.4 0 1.3
v -0.4 0.1 1.3
v 0 0 1.3
v 0 0.1 1.3
v 0.4 0 1.3
v 0.4 0.3 1.3
v 0.5 0 1.3
v 0.5 0.1 1.3
v 0.5 0.6 1.3
v 0.5 0.9 1.3
v 0.5 1.5 1.3
v 0.5 1.7 1.3
v 0.5 1.9 1.3
v 0.5 2.2 1.3
v 0.6 0.3 1.3
v 0.6 0.6 1.3
v 0.6 0.9 1.3
v 0.6 1 1.3
v 0.6 1.2 1.3
v 0.6 1.5 1.3
v 0.6 1.7 1.3
v 0.6 1.9 1.3
v 0.7 1 1.3
v 0.7 1.2 1.3
v 0.9 0.8 1.3
v 0.9 1 1.3
v 1.1 0.5 1.3
v 1.1 0.8 1.3
v 1.1 0.9 1.3
v 1.1 1 1.3
v 1.3 0.5 1.3
v 1.3 0.9 1.3
v 1.6 0.1 1.3
v 1.6 0.2 1.3
v 1.6 0.8 1.3
v 1.9 2.4 1.3
v 1.9 2.5 1.3
v 2.1 0.1 1.3
v 2.1 0.2 1.3
v 2.1 0.8 1.3
v 2.1 2.3 1.3
v 2.1 2.4 1.3
v 2.6 2.3 1.3
v 2.6 2.4 1.3
v 2.7 0.1 1.3
v 2.7 2.2 1.3
v 2.7 2.4 1.3
v 2.7 2.5 1.3
v 1.5 2.5 1.2
v 1.5 2.6 1.2
v 1.9 2.5 1.2
v 1.9 2.6 1.2
v 2.7 2.5 1.2
v 2.7 2.6 1.2
v 2.9 2.5 1.2
v 2.9 2.6 1.2
v -1.2 0 1.1
v -1.2 0.1 1.1
v -1.1 0 1.1
v -1.1 0.1 1.1
v 1.9 2.2 1.1
v 1.9 2.4 1.1
v 2.1 2.3 1.1
v 2.1 2.4 1.1
v 2.5 2.2 1.1
v 2.5 2.3 1.1
v 0.5 0 1
v 0.5 0.1 1
v 0.7 0 1
v 0.7 0.1 1
v 0.9 2.2 1
v 0.9 2.3 1
v 1.6 0.1 1
v 1.6 0.2 1
v 1.7 2.3 1
v 1.7 2.5 1
v 1.9 2.2 1
v 1.9 2.5 1
v 2.1 0.1 1
v 2.1 0.2 1
v -0.8 0 0.9
v -0.8 0.1 0.9
v -0.5 0 0.9
v -0.5 0.1 0.9
v 1.6 2.3 0.9
v 1.6 2.5 0.9
v 1.7 2.3 0.9
v 1.7 2.5 0.9
v -0.1 0.1 0.8
v -0.1 0.2 0.8
v 0 0.2 0.8
v 0 0.3 0.8
v 0.1 0.1 0.8
v 0.1 0.3 0.8
v 0.5 2.3 0.8
v 0.5 2.6 0.8
v 0.6 2.3 0.8
v 0.6 2.6 0.8
v -0.1 0 0.7
v -0.1 0.1 0.7
v 0.3 0 0.7
v 0.3 0.1 0.7
v 0.6 2.4 0.7
v 0.6 2.6 0.7
v 0.7 2.4 0.7
v 0.7 2.6 0.7
v 2.7 1 0.7
v 2.7 1.1 0.7
v 2.8 1 0.7
v 2.8 1.1 0.7
v -1.5 0 0.6
v -1.5 0.1 0.6
v -1.4 0 0.6
v -1.4 0.1 0.6
v 0.7 0.2 0.6
v 0.7 0.3 0.6
v 0.8 2.2 0.6
v 0.8 2.6 0.6
v 0.9 0.2 0.6
v 0.9 0.3 0.6
v 0.9 2.2 0.6
v 0.9 2.3 0.6
v 1 0.3 0.6
v 1 0.4 0.6
v 1.2 0.2 0.6
v 1.2 0.3 0.6
v 1.3 0.1 0.6
v 1.3 0.2 0.6
v 1.4 0.3 0.6
v 1.4 0.4 0.6
v 1.5 2.5 0.6
v 1.5 2.6 0.6
v 1.6 2.3 0.6
v 1.6 2.5 0.6
v 1.7 0.1 0.6
v 1.7 0.3 0.6
v 2.7 0.9 0.6
v 2.7 1 0.6
v 2.7 1.1 0.6
v 2.7 1.4 0.6
v 2.8 0.9 0.6
v 2.8 1 0.6
v 2.8 1.1 0.6
v 2.8 1.4 0.6
v -0.7 0 0.5
v -0.7 0.1 0.5
v -0.4 0 0.5
v -0.4 0.1 0.5
v -0.2 0 0.5
v -0.2 0.1 0.5
v -0.1 0 0.5
v -0.1 0.1 0.5
v 0.9 0.2 0.5
v 0.9 0.3 0.5
v 1.2 0.2 0.5
v 1.2 0.3 0.5
v 2.7 0.6 0.5
v 2.7 0.9 0.5
v 2.7 1.4 0.5
v 2.7 1.5 0.5
v 2.8 0.6 0.5
v 2.8 0.9 0.5
v 2.8 1.4 0.5
v 2.8 1.5 0.5
v 0.5 2.8 0.4
v 0.5 3.1 0.4
v 0.6 0.1 0.4
v 0.6 0.2 0.4
v 0.6 2.8 0.4
v 0.6 3.1 0.4
v 1.3 0.1 0.4
v 1.3 0.2 0.4
v 2.7 1.5 0.4
v 2.7 1.6 0.4
v 2.8 1.5 0.4
v 2.8 1.6 0.4
v 1.5 0.2 0.3
v 1.5 0.3 0.3
v 1.6 0.2 0.3
v 1.6 0.3 0.3
v -1.1 0 0.2
v -1.1 0.1 0.2
v -0.9 0 0.2
v -0.9 0.1 0.2
v 0.5 0 0.2
v 0.5 0.1 0.2
v 0.5 2.3 0.2
v 0.5 2.4 0.2
v 0.5 2.6 0.2
v 0.5 2.7 0.2
v 0.6 0 0.2
v 0.6 0.1 0.2
v 0.6 2.3 0.2
v 0.6 2.4 0.2
v 0.6 2.6 0.2
v 0.6 2.7 0.2
v 1.6 0.4 0.2
v 1.6 0.5 0.2
v 1.9 0.4 0.2
v 1.9 0.5 0.2
v 0.5 2.7 0.0999999
v 0.5 2.8 0.0999999
v 0.6 2.7 0.0999999
v 0.6 2.8 0.0999999
v 1.5 0.2 0.0999999
v 1.5 0.3 0.0999999
v 1.6 0.2 0.0999999
v 1.6 0.3 0.0999999
v 1.7 0.3 0.0999999
v 1.7 0.4 0.0999999
v 1.9 0.3 0.0999999
v 1.9 0.4 0.0999999
v -0.8 0 0
v -0.8 0.1 0
v -0.7 0 0
v -0.7 0.1 0
v 1.7 0.2 0
v 1.7 0.3 0
v 2 0.2 0
v 2 0.3 0
v 2.1 0.3 0
v 2.1 0.4 0
v 2.2 0.3 0
v 2.2 0.4 0
v -0.6 0.1 -0.1
v -0.6 0.2 -0.1
v -0.4 0.1 -0.1
v -0.4 0.2 -0.1
v -0.1 0 -0.1
v -0.1 0.1 -0.1
v 0 0 -0.1
v 0 0.1 -0.1
v 1.6 0.2 -0.1
v 1.6 0.4 -0.1
v 1.7 0.2 -0.1
v 1.7 0.4 -0.1
v 2.1 0.2 -0.1
v 2.1 0.3 -0.1
v 2.2 0.2 -0.1
v 2.2 0.3 -0.1
v -1.4 0 -0.2
v -1.4 0.1 -0.2
v -1.3 0 -0.2
v -1.3 0.1 -0.2
v -0.6 0 -0.2
v -0.6 0.1 -0.2
v -0.3 0 -0.2
v -0.3 0.1 -0.2
v 0.6 0 -0.2
v 0.6 0.1 -0.2
v 0.8 0 -0.2
v 0.8 0.1 -0.2
v 1.5 0.1 -0.2
v 1.5 0.2 -0.2
v 2.1 0.1 -0.2
v 2.1 0.2 -0.2
v 2.3 0.2 -0.2
v 2.3 0.3 -0.2
v 2.4 0.2 -0.2
v 2.4 0.3 -0.2
v -1.2 0 -0.3
v -1.2 0.1 -0.3
v -1 0 -0.3
v -1 0.1 -0.3
v 0.5 3.1 -0.3
v 0.5 3.2 -0.3
v 0.6 3.1 -0.3
v 0.6 3.2 -0.3
v -0.1 0 -0.4
v -0.1 0.1 -0.4
v 0 0 -0.4
v 0 0.1 -0.4
v 0.5 3.5 -0.4
v 0.5 3.6 -0.4
v 3 3.5 -0.4
v 3 3.6 -0.4
v 0.5 2.2 -0.5
v 0.5 2.7 -0.5
v 0.6 2.6 -0.5
v 0.6 2.7 -0.5
v 0.7 2.2 -0.5
v 0.7 2.6 -0.5
v 2.1 0.1 -0.5
v 2.1 0.3 -0.5
v 2.3 0.3 -0.5
v 2.3 0.4 -0.5
v 2.4 0.1 -0.5
v 2.4 0.4 -0.5
v -0.2 0.1 -0.6
v -0.2 0.2 -0.6
v -0.1 0.1 -0.6
v -0.1 0.2 -0.6
v 0.5 2.8 -0.6
v 0.5 2.9 -0.6
v 0.5 3.4 -0.6
v 0.5 3.5 -0.6
v 0.6 2.8 -0.6
v 0.6 2.9 -0.6
v 3 3.4 -0.6
v 3 3.5 -0.6
v -1.1 0 -0.7
v -1.1 0.1 -0.7
v -1 0 -0.7
v -1 0.1 -0.7
v -0.2 0 -0.7
v -0.2 0.1 -0.7
v 0 0 -0.7
v 0 0.1 -0.7
v 0.5 0 -0.7
v 0.5 0.1 -0.7
v 0.5 3.3 -0.7
v 0.5 3.4 -0.7
v 0.6 0 -0.7
v 0.6 0.1 -0.7
v 3 3.3 -0.7
v 3 3.4 -0.7
v -0.7 0.1 -0.8
v -0.7 0.2 -0.8
v -0.6 0.1 -0.8
v -0.6 0.2 -0.8
v 0.7 0 -0.8
v 0.7 0.1 -0.8
v 0.8 0 -0.8
v 0.8 0.1 -0.8
v 2.7 1.4 -0.8
v 2.7 2 -0.8
v 2.8 1.4 -0.8
v 2.8 2 -0.8
v -1.4 0 -0.9
v -1.4 0.1 -0.9
v -1.3 0 -0.9
v -1.3 0.1 -0.9
v -1 0 -0.9
v -1 0.1 -0.9
v -0.9 0 -0.9
v -0.9 0.1 -0.9
v -0.6 0.1 -0.9
v -0.6 0.2 -0.9
v -0.5 0.1 -0.9
v -0.5 0.2 -0.9
v -0.3 0 -0.9
v -0.3 0.1 -0.9
v -0.1 0 -0.9
v -0.1 0.1 -0.9
v 0.5 3.2 -0.9
v 0.5 3.3 -0.9
v 2.4 2.2 -0.9
v 2.4 2.3 -0.9
v 2.4 3 -0.9
v 2.7 1.3 -0.9
v 2.7 1.4 -0.9
v 2.7 2 -0.9
v 2.7 2.2 -0.9
v 2.8 1.3 -0.9
v 2.8 1.4 -0.9
v 2.8 2 -0.9
v 2.8 2.2 -0.9
v 2.8 3 -0.9
v 3 3.2 -0.9
v 3 3.3 -0.9
v 0.5 0 -1
v 0.5 0.1 -1
v 0.5 2.6 -1
v 0.5 3.2 -1
v 0.7 0 -1
v 0.7 0.1 -1
v 0.7 2.6 -1
v 0.7 3.1 -1
v 2.1 0 -1
v 2.1 0.1 -1
v 2.7 0.1 -1
v 2.7 0.2 -1
v 2.7 1.2 -1
v 2.7 1.3 -1
v 2.8 0.1 -1
v 2.8 0.2 -1
v 2.8 1.2 -1
v 2.8 1.3 -1
v 2.9 0 -1
v 2.9 0.1 -1
v 3 3.1 -1
v 3 3.2 -1
v -0.7 0 -1.1
v -0.7 0.1 -1.1
v -0.4 0 -1.1
v -0.4 0.1 -1.1
v 0.2 0 -1.1
v 0.2 0.1 -1.1
v 0.2 0.2 -1.1
v 0.3 0 -1.1
v 0.3 0.1 -1.1
v 0.3 0.2 -1.1
v 0.5 2.2 -1.1
v 0.5 2.6 -1.1
v 0.6 2.2 -1.1
v 0.6 2.6 -1.1
v -1.4 0 -1.2
v -1.4 0.1 -1.2
v -1.3 0 -1.2
v -1.3 0.1 -1.2
v -1.2 0 -1.2
v -1.2 0.1 -1.2
v -1.1 0 -1.2
v -1.1 0.1 -1.2
v 0.7 3 -1.2
v 0.7 3.1 -1.2
v 2.4 3 -1.2
v 2.8 3 -1.2
v 3 3 -1.2
v 3 3.1 -1.2
v -0.9 0 -1.3
v -0.9 0.1 -1.3
v -0.8 0 -1.3
v -0.8 0.1 -1.3
v -0.5 0 -1.3
v -0.5 0.1 -1.3
v -0.4 0 -1.3
v -0.4 0.1 -1.3
v -0.4 0.2 -1.3
v -0.3 0 -1.3
v -0.3 0.1 -1.3
v -0.3 0.2 -1.3
v 0.5 2.9 -1.3
v 0.5 3 -1.3
v 2.2 2.8 -1.3
v 2.2 2.9 -1.3
v 2.3 2.8 -1.3
v 2.3 2.9 -1.3
v 2.4 2.9 -1.3
v 2.4 3 -1.3
v 2.7 0.2 -1.3
v 2.7 0.3 -1.3
v 2.8 0.2 -1.3
v 2.8 0.3 -1.3
v 2.8 2.9 -1.3
v 2.8 3 -1.3
v 3 2.9 -1.3
v 3 3 -1.3
v 0.5 2.4 -1.4
v 0.5 2.5 -1.4
v 0.6 2.4 -1.4
v 0.6 2.5 -1.4
v 1.1 2.8 -1.4
v 1.1 2.9 -1.4
v 1.2 2.8 -1.4
v 1.2 2.9 -1.4
v 1.3 2.8 -1.4
v 1.3 2.9 -1.4
v 1.5 2.8 -1.4
v 1.5 2.9 -1.4
v -0.6 0 -1.5
v -0.6 0.2 -1.5
v -0.5 0.1 -1.5
v -0.5 0.2 -1.5
v -0.4 0 -1.5
v -0.4 0.1 -1.5
v 0.5 2.8 -1.5
v 0.5 2.9 -1.5
v 1 2.7 -1.5
v 1 2.8 -1.5
v 1.1 2.7 -1.5
v 1.1 2.8 -1.5
v 1.1 2.9 -1.5
v 1.2 2.8 -1.5
v 1.2 2.9 -1.5
v 1.3 2.7 -1.5
v 1.3 2.8 -1.5
v 1.3 2.9 -1.5
v 1.5 2.7 -1.5
v 1.5 2.8 -1.5
v 1.5 2.9 -1.5
v 2.4 2.8 -1.5
v 2.4 2.9 -1.5
v 2.8 2.8 -1.5
v 2.8 2.9 -1.5
v 3 2.8 -1.5
v 3 2.9 -1.5
v 0.9 2.7 -1.6
v 0.9 2.8 -1.6
v 1 2.7 -1.6
v 1 2.8 -1.6
v 1.1 2.6 -1.6
v 1.1 2.7 -1.6
v 1.2 2.7 -1.6
v 1.2 2.8 -1.6
v 1.3 2.6 -1.6
v 1.3 2.7 -1.6
v 1.3 2.8 -1.6
v 1.4 2.6 -1.6
v 1.4 2.7 -1.6
v 1.5 2.7 -1.6
v 1.5 2.8 -1.6
v 1.7 2.7 -1.6
v 1.7 2.8 -1.6
v 1.8 2.6 -1.6
v 1.8 2.7 -1.6
v 0.5 2.7 -1.7
v 0.5 2.8 -1.7
v 0.7 2.6 -1.7
v 0.7 2.7 -1.7
v 0.8 2.6 -1.7
v 0.9 2.7 -1.7
v 0.9 2.8 -1.7
v 1.1 2.6 -1.7
v 1.1 2.7 -1.7
v 1.1 2.8 -1.7
v 1.2 2.7 -1.7
v 1.2 2.8 -1.7
v 1.3 2.6 -1.7
v 1.3 2.7 -1.7
v 1.4 2.6 -1.7
v 1.4 2.7 -1.7
v 1.7 2.7 -1.7
v 1.7 2.8 -1.7
v 1.8 2.6 -1.7
v 1.8 2.7 -1.7
v 1.9 2.6 -1.7
v 1.9 2.7 -1.7
v 2.4 2.7 -1.7
v 2.4 2.8 -1.7
v 2.8 2.7 -1.7
v 2.8 2.8 -1.7
v 3 2.7 -1.7
v 3 2.8 -1.7
v -0.4 0 -1.8
v -0.4 0.1 -1.8
v -0.3 0 -1.8
v -0.3 0.1 -1.8
v 0.5 2.6 -1.8
v 0.5 2.7 -1.8
v 0.7 2.5 -1.8
v 0.7 2.6 -1.8
v 0.7 2.7 -1.8
v 0.8 2.5 -1.8
v 0.8 2.6 -1.8
v 1 0.1 -1.8
v 1 0.3 -1.8
v 1.1 0.3 -1.8
v 1.1 0.4 -1.8
v 1.2 0.2 -1.8
v 1.2 0.4 -1.8
v 1.4 0.1 -1.8
v 1.4 0.2 -1.8
v 1.9 2.6 -1.8
v 1.9 2.7 -1.8
v 2.4 2.6 -1.8
v 2.4 2.7 -1.8
v 2.9 2.6 -1.8
v 2.9 2.7 -1.8
v 3 2.6 -1.8
v 3 2.7 -1.8
v -0.8 0 -1.9
v -0.8 0.1 -1.9
v -0.7 0 -1.9
v -0.7 0.1 -1.9
v 0 0 -1.9
v 0 0.1 -1.9
v 0.4 0 -1.9
v 0.4 0.1 -1.9
v 0.6 2.5 -1.9
v 0.6 2.6 -1.9
v 0.7 2.5 -1.9
v 0.7 2.6 -1.9
v 2.6 2.8 -1.9
v 2.6 2.9 -1.9
v 2.7 2.6 -1.9
v 2.7 2.7 -1.9
v 2.7 2.8 -1.9
v 2.7 2.9 -1.9
v 2.9 2.6 -1.9
v 2.9 2.7 -1.9
v 0.4 0.2 -2
v 0.4 0.5 -2
v 0.4 1.5 -2
v 0.4 1.9 -2
v 0.5 0.1 -2
v 0.5 0.2 -2
v 0.5 0.5 -2
v 0.5 0.6 -2
v 0.5 1.3 -2
v 0.5 1.5 -2
v 0.5 1.9 -2
v 0.5 2.2 -2
v 0.5 2.5 -2
v 0.5 2.6 -2
v 0.6 0.6 -2
v 0.6 0.7 -2
v 0.6 1.2 -2
v 0.6 1.3 -2
v 0.6 2.5 -2
v 0.6 2.6 -2
v 0.7 1 -2
v 0.7 1.2 -2
v 0.7 1.5 -2
v 0.7 1.8 -2
v 0.8 0.7 -2
v 0.8 1 -2
v 0.8 1.5 -2
v 0.8 1.8 -2
v 0.8 2.2 -2
v 1.1 0.4 -2
v 1.1 0.8 -2
v 1.2 0.6 -2
v 1.2 0.8 -2
v 1.3 0.4 -2
v 1.3 0.6 -2
v 1.4 1.8 -2
v 1.4 2 -2
v 1.5 1.8 -2
v 1.5 1.9 -2
v 1.6 1.9 -2
v 1.6 2 -2
v 1.7 0.8 -2
v 1.7 0.9 -2
v 1.7 1.2 -2
v 1.7 1.3 -2
v 1.8 0.6 -2
v 1.8 0.8 -2
v 1.8 1.1 -2
v 1.8 1.2 -2
v 1.8 1.3 -2
v 1.8 1.5 -2
v 1.9 0.6 -2
v 1.9 0.7 -2
v 1.9 1.1 -2
v 1.9 1.2 -2
v 1.9 1.4 -2
v 1.9 1.5 -2
v 1.9 2.2 -2
v 1.9 2.5 -2
v 1.9 2.6 -2
v 2 0.7 -2
v 2 0.9 -2
v 2 1.2 -2
v 2 1.4 -2
v 2 1.8 -2
v 2 2 -2
v 2.1 1.7 -2
v 2.1 1.8 -2
v 2.2 1.6 -2
v 2.2 1.7 -2
v 2.3 1.1 -2
v 2.3 1.4 -2
v 2.4 1 -2
v 2.4 1.1 -2
v 2.4 1.3 -2
v 2.4 1.4 -2
v 2.4 1.6 -2
v 2.4 1.7 -2
v 2.4 1.9 -2
v 2.4 2 -2
v 2.4 2.5 -2
v 2.4 2.6 -2
v 2.5 1 -2
v 2.5 1.2 -2
v 2.5 1.7 -2
v 2.5 1.9 -2
v 2.5 2.7 -2
v 2.5 2.9 -2
v 2.6 1.2 -2
v 2.6 1.3 -2
v 2.6 2.8 -2
v 2.6 2.9 -2
v 2.7 2.5 -2
v 2.7 2.6 -2
v 2.7 2.7 -2
v 2.7 2.8 -2
v 2.8 0.1 -2
v 2.8 2.2 -2
v 3 2.5 -2
v 3 2.6 -2
v 0.5 0 -2.1
v 0.5 0.1 -2.1
v 0.5 2.2 -2.1
v 0.5 2.3 -2.1
v 0.5 2.4 -2.1
v 0.5 2.5 -2.1
v 0.8 2.2 -2.1
v 0.8 2.3 -2.1
v 0.8 2.4 -2.1
v 0.8 2.5 -2.1
v 1.9 2.2 -2.1
v 1.9 2.3 -2.1
v 1.9 2.4 -2.1
v 1.9 2.5 -2.1
v 2.4 2.4 -2.1
v 2.4 2.5 -2.1
v 2.4 2.7 -2.1
v 2.5 2.5 -2.1
v 2.5 2.6 -2.1
v 2.6 2.5 -2.1
v 2.6 2.6 -2.1
v 2.7 2.4 -2.1
v 2.7 2.5 -2.1
v 2.7 2.6 -2.1
v 2.7 2.7 -2.1
v 2.9 0 -2.1
v 2.9 0.1 -2.1
v 3 2.2 -2.1
v 3 2.3 -2.1
v 3 2.4 -2.1
v 3 2.5 -2.1
v 0.9 2.3 -2.2
v 0.9 2.4 -2.2
v 1.1 2.3 -2.2
v 1.1 2.4 -2.2
v 2.4 2.4 -2.2
v 2.4 2.5 -2.2
v 2.6 2.5 -2.2
v 2.6 2.6 -2.2
v 2.7 2.4 -2.2
v 2.7 2.6 -2.2
v -0.8 0 -2.3
v -0.8 0.1 -2.3
v -0.7 0 -2.3
v -0.7 0.1 -2.3
v 0.5 2.3 -2.3
v 0.5 2.4 -2.3
v 0.9 2.3 -2.3
v 0.9 2.4 -2.3
v 1.6 2.3 -2.3
v 1.6 2.4 -2.3
v 2 0 -2.3
v 2 0.1 -2.3
v 2.1 0 -2.3
v 2.1 0.1 -2.3
v 3 2.3 -2.3
v 3 2.4 -2.3
v -0.5 0 -2.4
v -0.5 0.1 -2.4
v -0.4 0 -2.4
v -0.4 0.1 -2.4
v -0.4 0.2 -2.4
v -0.3 0.1 -2.4
v -0.3 0.2 -2.4
v 0.2 0.1 -2.4
v 0.2 0.2 -2.4
v 0.3 0.1 -2.4
v 0.3 0.2 -2.4
v 0.5 2.2 -2.4
v 0.5 2.3 -2.4
v 1.5 0 -2.4
v 1.5 0.1 -2.4
v 1.6 0 -2.4
v 1.6 0.1 -2.4
v 3 2.2 -2.4
v 3 2.3 -2.4
v -0.4 0 -2.5
v -0.4 0.1 -2.5
v -0.3 0 -2.5
v -0.3 0.1 -2.5
v 0 0 -2.5
v 0 0.1 -2.5
v 0.1 0.1 -2.5
v 0.1 0.2 -2.5
v 0.2 0.1 -2.5
v 0.2 0.2 -2.5
v 0.3 0 -2.5
v 0.3 0.1 -2.5
v 0.5 0 -2.5
v 0.5 0.1 -2.5
v 0.6 0 -2.5
v 0.6 0.1 -2.5
v 0.8 0 -2.5
v 0.8 0.1 -2.5
v 1.2 0 -2.5
v 1.2 0.1 -2.5
v 1.6 0 -2.6
v 1.6 0.1 -2.6
v 1.7 0 -2.6
v 1.7 0.1 -2.6
v 0 0 -2.7
v 0 0.1 -2.7
v 0.1 0 -2.7
v 0.1 0.1 -2.7
v 0.6 0 -2.7
v 0.6 0.1 -2.7
v 0.7 0 -2.7
v 0.7 0.1 -2.7
v 1.2 0 -2.7
v 1.2 0.1 -2.7
v 1.3 0 -2.7
v 1.3 0.1 -2.7
v 1.7 0 -2.7
v 1.7 0.1 -2.7
v 2 0 -2.7
v 2 0.1 -2.7
v 0.3 0 -2.8
v 0.3 0.1 -2.8
v 0.4 0 -2.8
v 0.4 0.1 -2.8
v 0.9 0 -2.9
v 0.9 0.1 -2.9
v 1 0 -2.9
v 1 0.1 -2.9
v 1.8 0 -2.9
v 1.8 0.1 -2.9
v 1.9 0 -2.9
v 1.9 0.1 -2.9
v 2.2 0 -2.9
v 2.2 0.1 -2.9
v 2.3 0 -2.9
v 2.3 0.1 -2.9
v 1.3 0 -3.1
v 1.3 0.1 -3.1
v 1.4 0 -3.1
v 1.4 0.1 -3.1
v 2.4 0 -3.1
v 2.4 0.1 -3.1
v 2.5 0 -3.1
v 2.5 0.1 -3.1
v 0.3 0 2.4
v 0.4 0 2.4
v 1.4 0 2.4
v 1.5 0 2.4
v 0.3 0 2.3
v 0.4 0 2.3
v 0.7 0 2.3
v 1.2 0 2.3
v 1.4 0 2.3
v 1.5 0 2.3
v 1.6 0 2.2
v 1.7 0 2.2
v 1.9 0 2.2
v 2 0 2.2
v 0.1 0 2.1
v 0.2 0 2.1
v 1.6 0 2.1
v 1.7 0 2.1
v 0.1 0 2
v 0.2 0 2
v -0.6 0 1.9
v -0.5 0 1.9
v 0.4 0 1.9
v 0.5 0 1.9
v 1.9 0 1.9
v 2 0 1.9
v -0.6 0 1.8
v -0.5 0 1.8
v 0.4 0 1.8
v 0.5 0 1.8
v 1.5 0 1.8
v 1.6 0 1.8
v 2.1 0 1.8
v 2.2 0 1.8
v -0.4 0 1.7
v 0 0 1.7
v 0.7 0 1.7
v 1.2 0 1.7
v 1.5 0 1.7
v 1.6 0 1.7
v 2.1 0 1.7
v 2.2 0 1.7
v 0.5 0 1.6
v 0.6 0 1.6
v -0.6 0 1.5
v -0.5 0 1.5
v 0.5 0 1.5
v 0.6 0 1.5
v -0.6 0 1.4
v -0.5 0 1.4
v 0.4 0 1.4
v 0.5 0 1.4
v 2.9 0 1.4
v -0.4 0 1.3
v 0 0 1.3
v 0.4 0 1.3
v 0.5 0 1.3
v -1.2 0 1.2
v -1.1 0 1.2
v -1.2 0 1.1
v -1.1 0 1.1
v -0.8 0 1.1
v -0.5 0 1.1
v -0.1 0 1.1
v 0.3 0 1.1
v 0.5 0 1
v 0.7 0 1
v -0.8 0 0.9
v -0.5 0 0.9
v 0.6 0 0.9
v 0.7 0 0.9
v -1.5 0 0.7
v -1.4 0 0.7
v -0.1 0 0.7
v 0.3 0 0.7
v 0.5 0 0.7
v 0.6 0 0.7
v -1.5 0 0.6
v -1.4 0 0.6
v -0.7 0 0.6
v -0.4 0 0.6
v -0.2 0 0.6
v -0.1 0 0.6
v -1.1 0 0.5
v -0.9 0 0.5
v -0.7 0 0.5
v -0.4 0 0.5
v -0.2 0 0.5
v -0.1 0 0.5
v -1.1 0 0.2
v -0.9 0 0.2
v 0.5 0 0.2
v 0.6 0 0.2
v -0.8 0 0.0999999
v -0.7 0 0.0999999
v -0.6 0 0.0999999
v -0.3 0 0.0999999
v -0.8 0 0
v -0.7 0 0
v -0.1 0 0
v 0 0 0
v 0.5 0 0
v 0.6 0 0
v -1.4 0 -0.1
v -1.3 0 -0.1
v -1.2 0 -0.1
v -1 0 -0.1
v -0.1 0 -0.1
v 0 0 -0.1
v -1.4 0 -0.2
v -1.3 0 -0.2
v -0.6 0 -0.2
v -0.3 0 -0.2
v 0.6 0 -0.2
v 0.8 0 -0.2
v -1.2 0 -0.3
v -1 0 -0.3
v -0.1 0 -0.3
v 0 0 -0.3
v -0.1 0 -0.4
v 0 0 -0.4
v -1.1 0 -0.5
v -1 0 -0.5
v -0.2 0 -0.5
v 0 0 -0.5
v 0.6 0 -0.5
v 0.8 0 -0.5
v -1.1 0 -0.7
v -1 0 -0.7
v -0.7 0 -0.7
v -0.4 0 -0.7
v -0.2 0 -0.7
v 0 0 -0.7
v 0.5 0 -0.7
v 0.6 0 -0.7
v -1.4 0 -0.8
v -1.3 0 -0.8
v -1 0 -0.8
v -0.9 0 -0.8
v -0.3 0 -0.8
v -0.1 0 -0.8
v 0.5 0 -0.8
v 0.6 0 -0.8
v 0.7 0 -0.8
v 0.8 0 -0.8
v -1.4 0 -0.9
v -1.3 0 -0.9
v -1 0 -0.9
v -0.9 0 -0.9
v -0.3 0 -0.9
v -0.1 0 -0.9
v 0.7 0 -0.9
v 0.8 0 -0.9
v 0.2 0 -1
v 0.3 0 -1
v 0.5 0 -1
v 0.7 0 -1
v 2.1 0 -1
v 2.9 0 -1
v -1.4 0 -1.1
v -1.3 0 -1.1
v -1.2 0 -1.1
v -1.1 0 -1.1
v -0.7 0 -1.1
v -0.4 0 -1.1
v 0.2 0 -1.1
v 0.3 0 -1.1
v -1.4 0 -1.2
v -1.3 0 -1.2
v -1.2 0 -1.2
v -1.1 0 -1.2
v -0.9 0 -1.2
v -0.8 0 -1.2
v -0.5 0 -1.2
v -0.4 0 -1.2
v -0.3 0 -1.2
v 0.6 0 -1.2
v 0.7 0 -1.2
v -0.9 0 -1.3
v -0.8 0 -1.3
v -0.5 0 -1.3
v -0.4 0 -1.3
v -0.3 0 -1.3
v -0.6 0 -1.4
v -0.4 0 -1.4
v -0.6 0 -1.5
v -0.4 0 -1.5
v 0.5 0 -1.5
v 0.6 0 -1.5
v 2.1 0 -1.5
v 2.2 0 -1.5
v 2.2 0 -1.6
v 2.3 0 -1.6
v -0.4 0 -1.7
v -0.3 0 -1.7
v 2.3 0 -1.7
v 2.8 0 -1.7
v -0.8 0 -1.8
v -0.7 0 -1.8
v -0.4 0 -1.8
v -0.3 0 -1.8
v 0 0 -1.8
v 0.4 0 -1.8
v 2.8 0 -1.8
v 2.9 0 -1.8
v -0.8 0 -1.9
v -0.7 0 -1.9
v 0 0 -1.9
v 0.4 0 -1.9
v 0.5 0 -2.1
v 2.9 0 -2.1
v -0.8 0 -2.2
v -0.7 0 -2.2
v 0 0 -2.2
v 0.3 0 -2.2
v 2 0 -2.2
v 2.1 0 -2.2
v -0.8 0 -2.3
v -0.7 0 -2.3
v -0.5 0 -2.3
v -0.3 0 -2.3
v 0.8 0 -2.3
v 1.2 0 -2.3
v 1.5 0 -2.3
v 1.6 0 -2.3
v 2 0 -2.3
v 2.1 0 -2.3
v -0.5 0 -2.4
v -0.4 0 -2.4
v 0.5 0 -2.4
v 0.6 0 -2.4
v 1.5 0 -2.4
v 1.6 0 -2.4
v 1.7 0 -2.4
v 2 0 -2.4
v -0.4 0 -2.5
v -0.3 0 -2.5
v 0 0 -2.5
v 0.3 0 -2.5
v 0.5 0 -2.5
v 0.6 0 -2.5
v 0.8 0 -2.5
v 1.2 0 -2.5
v 1.6 0 -2.5
v 1.7 0 -2.5
v 0 0 -2.6
v 0.1 0 -2.6
v 0.6 0 -2.6
v 0.7 0 -2.6
v 1.2 0 -2.6
v 1.3 0 -2.6
v 1.6 0 -2.6
v 1.7 0 -2.6
v 0 0 -2.7
v 0.1 0 -2.7
v 0.3 0 -2.7
v 0.4 0 -2.7
v 0.6 0 -2.7
v 0.7 0 -2.7
v 1.2 0 -2.7
v 1.3 0 -2.7
v 1.7 0 -2.7
v 2 0 -2.7
v 0.3 0 -2.8
v 0.4 0 -2.8
v 0.9 0 -2.8
v 1 0 -2.8
v 1.8 0 -2.8
v 1.9 0 -2.8
v 2.2 0 -2.8
v 2.3 0 -2.8
v 0.9 0 -2.9
v 1 0 -2.9
v 1.8 0 -2.9
v 1.9 0 -2.9
v 2.2 0 -2.9
v 2.3 0 -2.9
v 1.3 0 -3
v 1.4 0 -3
v 2.4 0 -3
v 2.5 0 -3
v 1.3 0 -3.1
v 1.4 0 -3.1
v 2.4 0 -3.1
v 2.5 0 -3.1
v 2.7 0.2 -1
v 2.8 0.2 -1
v 2.7 0.2 -1.3
v 2.8 0.2 -1.3
v 0.4 0.2 -1.9
v 0.5 0.2 -1.9
v 0.4 0.2 -2
v 0.5 0.2 -2
v 2.3 0.3 -0.2
v 2.4 0.3 -0.2
v 2.3 0.3 -0.3
v 2.4 0.3 -0.3
v 2.7 0.3 -1.3
v 2.8 0.3 -1.3
v 2.7 0.3 -1.7
v 2.8 0.3 -1.7
v 0.5 0.6 1.4
v 0.6 0.6 1.4
v 0.5 0.6 1.3
v 0.6 0.6 1.3
v 1.2 0.6 -1.9
v 1.3 0.6 -1.9
v 1.2 0.6 -2
v 1.3 0.6 -2
v 1.6 0.8 1.4
v 2.1 0.8 1.4
v 1.6 0.8 1.3
v 2.1 0.8 1.3
v 1.1 0.8 -1.9
v 1.2 0.8 -1.9
v 1.1 0.8 -2
v 1.2 0.8 -2
v 1.1 0.9 1.4
v 1.3 0.9 1.4
v 1.1 0.9 1.3
v 1.3 0.9 1.3
v 0.9 1 1.4
v 1.1 1 1.4
v 0.9 1 1.3
v 1.1 1 1.3
v 0.7 1 -1.9
v 0.8 1 -1.9
v 0.7 1 -2
v 0.8 1 -2
v 2.7 1.1 0.7
v 2.8 1.1 0.7
v 2.7 1.1 0.6
v 2.8 1.1 0.6
v 0.6 1.2 1.4
v 0.7 1.2 1.4
v 0.6 1.2 1.3
v 0.7 1.2 1.3
v 0.6 1.2 -1.9
v 0.7 1.2 -1.9
v 0.6 1.2 -2
v 0.7 1.2 -2
v 2.7 1.3 -0.1
v 2.8 1.3 -0.1
v 2.7 1.3 -0.3
v 2.8 1.3 -0.3
v 0.5 1.3 -1.9
v 0.6 1.3 -1.9
v 1.7 1.3 -1.9
v 1.8 1.3 -1.9
v 0.5 1.3 -2
v 0.6 1.3 -2
v 1.7 1.3 -2
v 1.8 1.3 -2
v 2.7 1.4 0.6
v 2.8 1.4 0.6
v 2.7 1.4 0.5
v 2.8 1.4 0.5
v 2.7 1.4 0.2
v 2.8 1.4 0.2
v 2.7 1.4 -0.1
v 2.8 1.4 -0.1
v 1.9 1.4 -1.9
v 2 1.4 -1.9
v 1.9 1.4 -2
v 2 1.4 -2
v 0.5 1.5 1.4
v 0.6 1.5 1.4
v 0.5 1.5 1.3
v 0.6 1.5 1.3
v 2.7 1.5 0.5
v 2.8 1.5 0.5
v 2.7 1.5 0.4
v 2.8 1.5 0.4
v 0.4 1.5 -1.9
v 0.5 1.5 -1.9
v 1.8 1.5 -1.9
v 1.9 1.5 -1.9
v 0.4 1.5 -2
v 0.5 1.5 -2
v 1.8 1.5 -2
v 1.9 1.5 -2
v 2.7 1.6 0.4
v 2.8 1.6 0.4
v 2.7 1.6 0.2
v 2.8 1.6 0.2
v 2.7 1.7 -1.3
v 2.8 1.7 -1.3
v 2.7 1.7 -1.4
v 2.8 1.7 -1.4
v 0.7 1.8 -1.9
v 0.8 1.8 -1.9
v 0.7 1.8 -2
v 0.8 1.8 -2
v 0.5 1.9 1.4
v 0.6 1.9 1.4
v 0.5 1.9 1.3
v 0.6 1.9 1.3
v 2.4 1.9 -1.9
v 2.5 1.9 -1.9
v 2.4 1.9 -2
v 2.5 1.9 -2
v 2.7 2 -0.8
v 2.8 2 -0.8
v 2.7 2 -0.9
v 2.8 2 -0.9
v 2.7 2 -1.3
v 2.8 2 -1.3
v 2.7 2 -1.4
v 2.8 2 -1.4
v 2 2 -1.9
v 2.4 2 -1.9
v 2 2 -2
v 2.4 2 -2
v 0.5 2.2 1.8
v 3 2.2 1.8
v 0.5 2.2 1.7
v 3 2.2 1.7
v 0.5 2.2 1.5
v 3 2.2 1.5
v 0.5 2.2 1.4
v 2.8 2.2 1.4
v 0.5 2.2 1.3
v 2.7 2.2 1.3
v 1.9 2.2 1.1
v 2.5 2.2 1.1
v 0.9 2.2 1
v 1.9 2.2 1
v 0.8 2.2 0.6
v 0.9 2.2 0.6
v 2.4 2.2 0.5
v 2.5 2.2 0.5
v 0.5 2.2 -0.5
v 0.7 2.2 -0.5
v 0.5 2.2 -0.7
v 0.7 2.2 -0.7
v 2.4 2.2 -0.9
v 2.7 2.2 -0.9
v 2.8 2.2 -0.9
v 0.5 2.2 -1.1
v 0.6 2.2 -1.1
v 0.5 2.2 -1.2
v 0.6 2.2 -1.2
v 2.4 2.2 -1.3
v 2.7 2.2 -1.3
v 2.8 2.2 -1.3
v 0.5 2.2 -1.9
v 0.8 2.2 -1.9
v 2.4 2.2 -1.9
v 2.7 2.2 -1.9
v 0.5 2.2 -2
v 0.8 2.2 -2
v 1.9 2.2 -2
v 2.8 2.2 -2
v 0.5 2.2 -2.1
v 0.8 2.2 -2.1
v 1.9 2.2 -2.1
v 3 2.2 -2.1
v 0.5 2.2 -2.3
v 3 2.2 -2.3
v 0.5 2.2 -2.4
v 3 2.2 -2.4
v 0.5 2.3 1.7
v 3 2.3 1.7
v 0.5 2.3 1.5
v 3 2.3 1.5
v 0.9 2.3 1
v 1.7 2.3 1
v 1.6 2.3 0.9
v 1.7 2.3 0.9
v 0.9 2.3 0.6
v 1.6 2.3 0.6
v 1.9 2.3 0.6
v 2 2.3 0.6
v 2 2.3 0.5
v 2.4 2.3 0.5
v 2.4 2.3 -0.9
v 2.4 2.3 -1.3
v 1.9 2.3 -2
v 2.4 2.3 -2
v 0.5 2.3 -2.1
v 0.8 2.3 -2.1
v 1.1 2.3 -2.1
v 1.6 2.3 -2.1
v 1.9 2.3 -2.1
v 3 2.3 -2.1
v 0.9 2.3 -2.2
v 1.1 2.3 -2.2
v 0.5 2.3 -2.3
v 0.9 2.3 -2.3
v 1.6 2.3 -2.3
v 3 2.3 -2.3
v 0.5 2.5 -1.4
v 0.6 2.5 -1.4
v 0.5 2.5 -1.9
v 0.6 2.5 -1.9
v 0.5 2.6 0.8
v 0.6 2.6 0.8
v 0.6 2.6 0.7
v 0.7 2.6 0.7
v 0.8 2.6 0.6
v 1.5 2.6 0.6
v 1.9 2.6 0.6
v 2 2.6 0.6
v 2.1 2.6 0.6
v 2.4 2.6 0.6
v 2.5 2.6 0.6
v 2 2.6 0.5
v 2.1 2.6 0.5
v 2.4 2.6 0.5
v 2.5 2.6 0.5
v 0.5 2.6 0.2
v 0.6 2.6 0.2
v 0.5 2.6 0
v 0.6 2.6 0
v 0.5 2.6 -0.4
v 0.7 2.6 -0.4
v 0.6 2.6 -0.5
v 0.7 2.6 -0.5
v 0.6 2.6 -0.7
v 0.7 2.6 -0.7
v 1.1 2.6 -1.6
v 1.3 2.6 -1.6
v 1.4 2.6 -1.6
v 1.8 2.6 -1.6
v 0.8 2.6 -1.7
v 1.1 2.6 -1.7
v 1.3 2.6 -1.7
v 1.4 2.6 -1.7
v 1.8 2.6 -1.7
v 1.9 2.6 -1.7
v 2.6 2.7 1.1
v 2.9 2.7 1.1
v 2.1 2.7 0.6
v 2.4 2.7 0.6
v 2.6 2.7 0.6
v 2.9 2.7 0.6
v 2.1 2.7 0.5
v 2.4 2.7 0.5
v 0.5 2.7 0.2
v 0.6 2.7 0.2
v 0.5 2.7 0.0999999
v 0.6 2.7 0.0999999
v 0.5 2.7 -0.5
v 0.6 2.7 -0.5
v 0.5 2.7 -0.9
v 0.6 2.7 -0.9
v 1.1 2.7 -1.6
v 1.2 2.7 -1.6
v 1.7 2.7 -1.6
v 1.8 2.7 -1.6
v 1.1 2.7 -1.7
v 1.2 2.7 -1.7
v 1.7 2.7 -1.7
v 1.8 2.7 -1.7
v 0.5 2.9 -0.6
v 0.6 2.9 -0.6
v 0.5 2.9 -0.9
v 0.6 2.9 -0.9
v 2.4 3 -0.9
v 2.8 3 -0.9
v 2.4 3 -1.2
v 2.8 3 -1.2
v 0.5 3.1 0.4
v 0.6 3.1 0.4
v 0.5 3.1 -0.3
v 0.6 3.1 -0.3
v 0.5 3.2 -0.3
v 0.6 3.2 -0.3
v 0.5 3.2 -0.8
v 0.6 3.2 -0.8
v 0.3 0.1 2.4
v 0.4 0.1 2.4
v 1.4 0.1 2.4
v 1.5 0.1 2.4
v 0.3 0.1 2.3
v 0.4 0.1 2.3
v 0.7 0.1 2.3
v 1.2 0.1 2.3
v 1.4 0.1 2.3
v 1.5 0.1 2.3
v 1.6 0.1 2.2
v 1.7 0.1 2.2
v 1.9 0.1 2.2
v 2 0.1 2.2
v 0.1 0.1 2.1
v 0.2 0.1 2.1
v 1.6 0.1 2.1
v 1.7 0.1 2.1
v 0.1 0.1 2
v 0.2 0.1 2
v -0.6 0.1 1.9
v -0.5 0.1 1.9
v 0.4 0.1 1.9
v 0.5 0.1 1.9
v 1.9 0.1 1.9
v 2 0.1 1.9
v -0.6 0.1 1.8
v -0.5 0.1 1.8
v 0.4 0.1 1.8
v 0.5 0.1 1.8
v 1.5 0.1 1.8
v 1.6 0.1 1.8
v 2.1 0.1 1.8
v 2.2 0.1 1.8
v -0.4 0.1 1.7
v 0 0.1 1.7
v 0.7 0.1 1.7
v 1.2 0.1 1.7
v 1.5 0.1 1.7
v 1.6 0.1 1.7
v 2.1 0.1 1.7
v 2.2 0.1 1.7
v 0.5 0.1 1.6
v 0.6 0.1 1.6
v -0.6 0.1 1.5
v -0.5 0.1 1.5
v 0.5 0.1 1.5
v 0.6 0.1 1.5
v -0.6 0.1 1.4
v -0.5 0.1 1.4
v 1.6 0.1 1.4
v 2.1 0.1 1.4
v 2.8 0.1 1.4
v 2.9 0.1 1.4
v -0.4 0.1 1.3
v 0 0.1 1.3
v 0.5 0.1 1.3
v 1.6 0.1 1.3
v 2.1 0.1 1.3
v 2.7 0.1 1.3
v -1.2 0.1 1.2
v -1.1 0.1 1.2
v -1.2 0.1 1.1
v -1.1 0.1 1.1
v -0.8 0.1 1.1
v -0.5 0.1 1.1
v -0.1 0.1 1.1
v 0.3 0.1 1.1
v -0.1 0.1 1
v 0.1 0.1 1
v 0.5 0.1 1
v 0.7 0.1 1
v 1.6 0.1 1
v 2.1 0.1 1
v -0.8 0.1 0.9
v -0.5 0.1 0.9
v 0.6 0.1 0.9
v 0.7 0.1 0.9
v 1.7 0.1 0.9
v -0.1 0.1 0.8
v 0.1 0.1 0.8
v 0.6 0.1 0.8
v 0.7 0.1 0.8
v -1.5 0.1 0.7
v -1.4 0.1 0.7
v -0.1 0.1 0.7
v 0.3 0.1 0.7
v 0.5 0.1 0.7
v 0.6 0.1 0.7
v -1.5 0.1 0.6
v -1.4 0.1 0.6
v -0.7 0.1 0.6
v -0.4 0.1 0.6
v -0.2 0.1 0.6
v -0.1 0.1 0.6
v 1.3 0.1 0.6
v 1.7 0.1 0.6
v -1.1 0.1 0.5
v -0.9 0.1 0.5
v -0.7 0.1 0.5
v -0.4 0.1 0.5
v -0.2 0.1 0.5
v -0.1 0.1 0.5
v 0.6 0.1 0.4
v 1.3 0.1 0.4
v 1.5 0.1 0.4
v 2.1 0.1 0.4
v -1.1 0.1 0.2
v -0.9 0.1 0.2
v 0.5 0.1 0.2
v 0.6 0.1 0.2
v -0.8 0.1 0.0999999
v -0.7 0.1 0.0999999
v -0.4 0.1 0.0999999
v -0.3 0.1 0.0999999
v 2.1 0.1 0.0999999
v 2.4 0.1 0.0999999
v -0.8 0.1 0
v -0.7 0.1 0
v -0.1 0.1 0
v 0 0.1 0
v 0.5 0.1 0
v 0.6 0.1 0
v -1.4 0.1 -0.1
v -1.3 0.1 -0.1
v -1.2 0.1 -0.1
v -1 0.1 -0.1
v -0.6 0.1 -0.1
v -0.4 0.1 -0.1
v -0.1 0.1 -0.1
v 0 0.1 -0.1
v -1.4 0.1 -0.2
v -1.3 0.1 -0.2
v -0.6 0.1 -0.2
v -0.3 0.1 -0.2
v 0.6 0.1 -0.2
v 0.8 0.1 -0.2
v 1.5 0.1 -0.2
v 2.1 0.1 -0.2
v -1.2 0.1 -0.3
v -1 0.1 -0.3
v -0.1 0.1 -0.3
v 0 0.1 -0.3
v 2.1 0.1 -0.3
v -0.1 0.1 -0.4
v 0 0.1 -0.4
v -1.1 0.1 -0.5
v -1 0.1 -0.5
v -0.1 0.1 -0.5
v 0 0.1 -0.5
v 0.6 0.1 -0.5
v 0.8 0.1 -0.5
v 2.1 0.1 -0.5
v 2.4 0.1 -0.5
v -0.2 0.1 -0.6
v -0.1 0.1 -0.6
v -1.1 0.1 -0.7
v -1 0.1 -0.7
v -0.6 0.1 -0.7
v -0.4 0.1 -0.7
v -0.2 0.1 -0.7
v 0 0.1 -0.7
v 0.5 0.1 -0.7
v 0.6 0.1 -0.7
v -1.4 0.1 -0.8
v -1.3 0.1 -0.8
v -1 0.1 -0.8
v -0.9 0.1 -0.8
v -0.7 0.1 -0.8
v -0.6 0.1 -0.8
v -0.5 0.1 -0.8
v -0.3 0.1 -0.8
v -0.1 0.1 -0.8
v 0.5 0.1 -0.8
v 0.6 0.1 -0.8
v 0.7 0.1 -0.8
v 0.8 0.1 -0.8
v -1.4 0.1 -0.9
v -1.3 0.1 -0.9
v -1 0.1 -0.9
v -0.9 0.1 -0.9
v -0.6 0.1 -0.9
v -0.5 0.1 -0.9
v -0.3 0.1 -0.9
v -0.1 0.1 -0.9
v 0.7 0.1 -0.9
v 0.8 0.1 -0.9
v 0.5 0.1 -1
v 0.7 0.1 -1
v 2.1 0.1 -1
v 2.7 0.1 -1
v 2.8 0.1 -1
v 2.9 0.1 -1
v -1.4 0.1 -1.1
v -1.3 0.1 -1.1
v -1.2 0.1 -1.1
v -1.1 0.1 -1.1
v -0.7 0.1 -1.1
v -0.4 0.1 -1.1
v -1.4 0.1 -1.2
v -1.3 0.1 -1.2
v -1.2 0.1 -1.2
v -1.1 0.1 -1.2
v -0.9 0.1 -1.2
v -0.8 0.1 -1.2
v -0.5 0.1 -1.2
v -0.4 0.1 -1.2
v 0.6 0.1 -1.2
v 0.7 0.1 -1.2
v -0.9 0.1 -1.3
v -0.8 0.1 -1.3
v -0.5 0.1 -1.3
v -0.4 0.1 -1.3
v -0.5 0.1 -1.4
v -0.4 0.1 -1.4
v 1 0.1 -1.4
v 1.4 0.1 -1.4
v -0.5 0.1 -1.5
v -0.4 0.1 -1.5
v 0.5 0.1 -1.5
v 0.6 0.1 -1.5
v 2.1 0.1 -1.5
v 2.2 0.1 -1.5
v 2.2 0.1 -1.6
v 2.3 0.1 -1.6
v -0.4 0.1 -1.7
v -0.3 0.1 -1.7
v 2.3 0.1 -1.7
v 2.7 0.1 -1.7
v -0.8 0.1 -1.8
v -0.7 0.1 -1.8
v -0.4 0.1 -1.8
v -0.3 0.1 -1.8
v 0 0.1 -1.8
v 0.4 0.1 -1.8
v 1 0.1 -1.8
v 1.4 0.1 -1.8
v 2.8 0.1 -1.8
v 2.9 0.1 -1.8
v -0.8 0.1 -1.9
v -0.7 0.1 -1.9
v 0 0.1 -1.9
v 0.4 0.1 -1.9
v 0.5 0.1 -1.9
v 2.7 0.1 -1.9
v 0.5 0.1 -2
v 2.8 0.1 -2
v 0.5 0.1 -2.1
v 2.9 0.1 -2.1
v -0.8 0.1 -2.2
v -0.7 0.1 -2.2
v 0 0.1 -2.2
v 0.3 0.1 -2.2
v 2 0.1 -2.2
v 2.1 0.1 -2.2
v -0.8 0.1 -2.3
v -0.7 0.1 -2.3
v -0.5 0.1 -2.3
v -0.4 0.1 -2.3
v 0.2 0.1 -2.3
v 0.3 0.1 -2.3
v 0.8 0.1 -2.3
v 1.2 0.1 -2.3
v 1.5 0.1 -2.3
v 1.6 0.1 -2.3
v 2 0.1 -2.3
v 2.1 0.1 -2.3
v -0.5 0.1 -2.4
v -0.4 0.1 -2.4
v -0.3 0.1 -2.4
v 0.1 0.1 -2.4
v 0.2 0.1 -2.4
v 0.3 0.1 -2.4
v 0.5 0.1 -2.4
v 0.6 0.1 -2.4
v 1.5 0.1 -2.4
v 1.6 0.1 -2.4
v 1.7 0.1 -2.4
v 2 0.1 -2.4
v -0.4 0.1 -2.5
v -0.3 0.1 -2.5
v 0 0.1 -2.5
v 0.1 0.1 -2.5
v 0.2 0.1 -2.5
v 0.3 0.1 -2.5
v 0.5 0.1 -2.5
v 0.6 0.1 -2.5
v 0.8 0.1 -2.5
v 1.2 0.1 -2.5
v 1.6 0.1 -2.5
v 1.7 0.1 -2.5
v 0 0.1 -2.6
v 0.1 0.1 -2.6
v 0.6 0.1 -2.6
v 0.7 0.1 -2.6
v 1.2 0.1 -2.6
v 1.3 0.1 -2.6
v 1.6 0.1 -2.6
v 1.7 0.1 -2.6
v 0 0.1 -2.7
v 0.1 0.1 -2.7
v 0.3 0.1 -2.7
v 0.4 0.1 -2.7
v 0.6 0.1 -2.7
v 0.7 0.1 -2.7
v 1.2 0.1 -2.7
v 1.3 0.1 -2.7
v 1.7 0.1 -2.7
v 2 0.1 -2.7
v 0.3 0.1 -2.8
v 0.4 0.1 -2.8
v 0.9 0.1 -2.8
v 1 0.1 -2.8
v 1.8 0.1 -2.8
v 1.9 0.1 -2.8
v 2.2 0.1 -2.8
v 2.3 0.1 -2.8
v 0.9 0.1 -2.9
v 1 0.1 -2.9
v 1.8 0.1 -2.9
v 1.9 0.1 -2.9
v 2.2 0.1 -2.9
v 2.3 0.1 -2.9
v 1.3 0.1 -3
v 1.4 0.1 -3
v 2.4 0.1 -3
v 2.5 0.1 -3
v 1.3 0.1 -3.1
v 1.4 0.1 -3.1
v 2.4 0.1 -3.1
v 2.5 0.1 -3.1
v 1.6 0.2 1.3
v 2.1 0.2 1.3
v -0.1 0.2 1
v 0.1 0.2 1
v 1.6 0.2 1
v 2.1 0.2 1
v 0 0.2 0.9
v 0.1 0.2 0.9
v -0.1 0.2 0.8
v 0 0.2 0.8
v 0.6 0.2 0.8
v 0.7 0.2 0.8
v 0.7 0.2 0.6
v 0.9 0.2 0.6
v 1.2 0.2 0.6
v 1.3 0.2 0.6
v 0.9 0.2 0.5
v 1.2 0.2 0.5
v 0.6 0.2 0.4
v 1.3 0.2 0.4
v 2 0.2 0.4
v 2.1 0.2 0.4
v 1.5 0.2 0.3
v 1.6 0.2 0.3
v 1.5 0.2 0.2
v 1.6 0.2 0.2
v -0.6 0.2 0.0999999
v -0.4 0.2 0.0999999
v 1.5 0.2 0.0999999
v 1.6 0.2 0.0999999
v 2.1 0.2 0.0999999
v 2.2 0.2 0.0999999
v 2.3 0.2 0.0999999
v 1.7 0.2 0
v 2 0.2 0
v 2.1 0.2 0
v 2.2 0.2 0
v -0.6 0.2 -0.1
v -0.4 0.2 -0.1
v 1.6 0.2 -0.1
v 1.7 0.2 -0.1
v 2.1 0.2 -0.1
v 2.2 0.2 -0.1
v 1.5 0.2 -0.2
v 2.1 0.2 -0.2
v 2.2 0.2 -0.2
v 2.3 0.2 -0.2
v 2.4 0.2 -0.2
v 2.1 0.2 -0.3
v 2.2 0.2 -0.3
v 2.3 0.2 -0.3
v 2.4 0.2 -0.3
v -0.2 0.2 -0.5
v -0.1 0.2 -0.5
v -0.2 0.2 -0.6
v -0.1 0.2 -0.6
v -0.7 0.2 -0.7
v -0.6 0.2 -0.7
v -0.7 0.2 -0.8
v -0.6 0.2 -0.8
v -0.5 0.2 -0.8
v -0.6 0.2 -0.9
v -0.5 0.2 -0.9
v 0.2 0.2 -1
v 0.3 0.2 -1
v 0.2 0.2 -1.1
v 0.3 0.2 -1.1
v -0.4 0.2 -1.2
v -0.3 0.2 -1.2
v -0.4 0.2 -1.3
v -0.3 0.2 -1.3
v -0.6 0.2 -1.4
v -0.5 0.2 -1.4
v 1 0.2 -1.4
v 1.4 0.2 -1.4
v -0.6 0.2 -1.5
v -0.5 0.2 -1.5
v 1 0.2 -1.5
v 1.2 0.2 -1.5
v 1.2 0.2 -1.8
v 1.4 0.2 -1.8
v -0.4 0.2 -2.3
v -0.3 0.2 -2.3
v 0.2 0.2 -2.3
v 0.3 0.2 -2.3
v -0.4 0.2 -2.4
v -0.3 0.2 -2.4
v 0.1 0.2 -2.4
v 0.2 0.2 -2.4
v 0.3 0.2 -2.4
v 0.1 0.2 -2.5
v 0.2 0.2 -2.5
v 0.4 0.3 1.4
v 0.6 0.3 1.4
v 0.4 0.3 1.3
v 0.6 0.3 1.3
v 0 0.3 0.9
v 0.1 0.3 0.9
v 0.7 0.3 0.9
v 1.7 0.3 0.9
v 0 0.3 0.8
v 0.1 0.3 0.8
v 1 0.3 0.8
v 1.4 0.3 0.8
v 0.7 0.3 0.6
v 0.9 0.3 0.6
v 1 0.3 0.6
v 1.2 0.3 0.6
v 1.4 0.3 0.6
v 1.7 0.3 0.6
v 0.9 0.3 0.5
v 1.2 0.3 0.5
v 1.5 0.3 0.4
v 1.6 0.3 0.4
v 1.9 0.3 0.4
v 2 0.3 0.4
v 1.5 0.3 0.3
v 1.6 0.3 0.3
v 1.5 0.3 0.2
v 1.6 0.3 0.2
v 1.5 0.3 0.0999999
v 1.6 0.3 0.0999999
v 1.7 0.3 0.0999999
v 1.9 0.3 0.0999999
v 1.7 0.3 0
v 2 0.3 0
v 2.1 0.3 0
v 2.2 0.3 0
v 2.1 0.3 -0.1
v 2.2 0.3 -0.1
v 2.1 0.3 -0.3
v 2.3 0.3 -0.3
v 2.1 0.3 -0.4
v 2.3 0.3 -0.4
v 2.1 0.3 -0.5
v 2.3 0.3 -0.5
v 1 0.3 -1.5
v 1.1 0.3 -1.5
v 1 0.3 -1.8
v 1.1 0.3 -1.8
v 1 0.4 0.8
v 1.4 0.4 0.8
v 1 0.4 0.6
v 1.4 0.4 0.6
v 1.6 0.4 0.2
v 1.9 0.4 0.2
v 1.7 0.4 0.0999999
v 1.9 0.4 0.0999999
v 2.1 0.4 0.0999999
v 2.2 0.4 0.0999999
v 2.3 0.4 0.0999999
v 2.4 0.4 0.0999999
v 2.1 0.4 0
v 2.2 0.4 0
v 1.6 0.4 -0.1
v 1.7 0.4 -0.1
v 2.3 0.4 -0.5
v 2.4 0.4 -0.5
v 1.1 0.4 -1.5
v 1.2 0.4 -1.5
v 1.1 0.4 -1.8
v 1.2 0.4 -1.8
v 1.1 0.4 -1.9
v 1.3 0.4 -1.9
v 1.1 0.4 -2
v 1.3 0.4 -2
v 1.1 0.5 1.4
v 1.3 0.5 1.4
v 1.1 0.5 1.3
v 1.3 0.5 1.3
v 1.6 0.5 0.4
v 1.9 0.5 0.4
v 1.6 0.5 0.2
v 1.9 0.5 0.2
v 0.4 0.5 -1.9
v 0.5 0.5 -1.9
v 0.4 0.5 -2
v 0.5 0.5 -2
v 2.7 0.6 0.5
v 2.8 0.6 0.5
v 2.7 0.6 0.2
v 2.8 0.6 0.2
v 0.5 0.6 -1.9
v 0.6 0.6 -1.9
v 0.5 0.6 -2
v 0.6 0.6 -2
v 2.7 0.7 0.2
v 2.8 0.7 0.2
v 2.7 0.7 0.0999999
v 2.8 0.7 0.0999999
v 0.6 0.7 -1.9
v 0.8 0.7 -1.9
v 0.6 0.7 -2
v 0.8 0.7 -2
v 0.9 0.8 1.4
v 1.1 0.8 1.4
v 0.9 0.8 1.3
v 1.1 0.8 1.3
v 2.7 0.8 0.0999999
v 2.8 0.8 0.0999999
v 2.7 0.8 -0.1
v 2.8 0.8 -0.1
v 0.5 0.9 1.4
v 0.6 0.9 1.4
v 0.5 0.9 1.3
v 0.6 0.9 1.3
v 2.7 0.9 0.6
v 2.8 0.9 0.6
v 2.7 0.9 0.5
v 2.8 0.9 0.5
v 2.7 0.9 -0.1
v 2.8 0.9 -0.1
v 2.7 0.9 -0.2
v 2.8 0.9 -0.2
v 0.6 1 1.4
v 0.7 1 1.4
v 0.6 1 1.3
v 0.7 1 1.3
v 2.7 1 0.7
v 2.8 1 0.7
v 2.7 1 0.6
v 2.8 1 0.6
v 2.7 1.1 -0.2
v 2.8 1.1 -0.2
v 2.7 1.1 -0.3
v 2.8 1.1 -0.3
v 1.8 1.1 -1.9
v 1.9 1.1 -1.9
v 1.8 1.1 -2
v 1.9 1.1 -2
v 2.7 1.2 -1
v 2.8 1.2 -1
v 2.7 1.2 -1.2
v 2.8 1.2 -1.2
v 1.7 1.2 -1.9
v 1.8 1.2 -1.9
v 1.9 1.2 -1.9
v 2 1.2 -1.9
v 1.7 1.2 -2
v 1.8 1.2 -2
v 1.9 1.2 -2
v 2 1.2 -2
v 2.7 1.3 -0.9
v 2.8 1.3 -0.9
v 2.7 1.3 -1
v 2.8 1.3 -1
v 2.7 1.3 -1.2
v 2.8 1.3 -1.2
v 2.7 1.3 -1.3
v 2.8 1.3 -1.3
v 2.7 1.4 -0.8
v 2.8 1.4 -0.8
v 2.7 1.4 -0.9
v 2.8 1.4 -0.9
v 2.7 1.4 -1.3
v 2.8 1.4 -1.3
v 2.7 1.4 -1.4
v 2.8 1.4 -1.4
v 0.7 1.5 -1.9
v 0.8 1.5 -1.9
v 0.7 1.5 -2
v 0.8 1.5 -2
v 2.2 1.6 -1.9
v 2.4 1.6 -1.9
v 2.2 1.6 -2
v 2.4 1.6 -2
v 0.5 1.7 1.4
v 0.6 1.7 1.4
v 0.5 1.7 1.3
v 0.6 1.7 1.3
v 2.1 1.7 -1.9
v 2.2 1.7 -1.9
v 2.4 1.7 -1.9
v 2.5 1.7 -1.9
v 2.1 1.7 -2
v 2.2 1.7 -2
v 2.4 1.7 -2
v 2.5 1.7 -2
v 2.7 1.8 -1.3
v 2.8 1.8 -1.3
v 2.7 1.8 -1.4
v 2.8 1.8 -1.4
v 2 1.8 -1.9
v 2.1 1.8 -1.9
v 2 1.8 -2
v 2.1 1.8 -2
v 0.4 1.9 -1.9
v 0.5 1.9 -1.9
v 0.4 1.9 -2
v 0.5 1.9 -2
v 0.8 2.2 -1.9
v 2.4 2.2 -1.9
v 0.8 2.2 -2
v 1.9 2.2 -2
v 2.4 2.2 -2
v 0.5 2.3 1.8
v 3 2.3 1.8
v 0.5 2.3 1.7
v 3 2.3 1.7
v 2.1 2.3 1.3
v 2.6 2.3 1.3
v 2.1 2.3 1.1
v 2.5 2.3 1.1
v 0.5 2.3 0.8
v 0.6 2.3 0.8
v 2.5 2.3 0.6
v 2.6 2.3 0.6
v 0.5 2.3 0.4
v 0.6 2.3 0.4
v 0.5 2.3 0.2
v 0.6 2.3 0.2
v 0.5 2.3 0
v 0.6 2.3 0
v 0.5 2.3 -2.3
v 0.9 2.3 -2.3
v 1.6 2.3 -2.3
v 3 2.3 -2.3
v 0.5 2.3 -2.4
v 3 2.3 -2.4
v 0.5 2.4 1.7
v 3 2.4 1.7
v 0.5 2.4 1.5
v 3 2.4 1.5
v 1.9 2.4 1.3
v 2.1 2.4 1.3
v 2.6 2.4 1.3
v 2.7 2.4 1.3
v 1.9 2.4 1.1
v 2.1 2.4 1.1
v 0.6 2.4 0.7
v 0.7 2.4 0.7
v 2.6 2.4 0.7
v 2.7 2.4 0.7
v 0.5 2.4 0.4
v 0.6 2.4 0.4
v 0.5 2.4 0.2
v 0.6 2.4 0.2
v 0.5 2.4 0
v 0.6 2.4 0
v 0.5 2.4 -0.4
v 0.7 2.4 -0.4
v 0.5 2.4 -1.4
v 0.6 2.4 -1.4
v 0.5 2.4 -1.9
v 0.6 2.4 -1.9
v 0.5 2.4 -2.1
v 0.8 2.4 -2.1
v 1.1 2.4 -2.1
v 1.6 2.4 -2.1
v 1.9 2.4 -2.1
v 2.4 2.4 -2.1
v 2.7 2.4 -2.1
v 3 2.4 -2.1
v 0.9 2.4 -2.2
v 1.1 2.4 -2.2
v 2.4 2.4 -2.2
v 2.7 2.4 -2.2
v 0.5 2.4 -2.3
v 0.9 2.4 -2.3
v 1.6 2.4 -2.3
v 3 2.4 -2.3
v 0.5 2.5 1.5
v 3 2.5 1.5
v 0.5 2.5 1.3
v 1.9 2.5 1.3
v 2.7 2.5 1.3
v 3 2.5 1.3
v 1.5 2.5 1.2
v 1.9 2.5 1.2
v 2.7 2.5 1.2
v 2.9 2.5 1.2
v 1.7 2.5 1
v 1.9 2.5 1
v 1.6 2.5 0.9
v 1.7 2.5 0.9
v 2.6 2.5 0.7
v 2.7 2.5 0.7
v 1.5 2.5 0.6
v 1.6 2.5 0.6
v 2.6 2.5 0.6
v 2.9 2.5 0.6
v 0.5 2.5 -0.7
v 0.6 2.5 -0.7
v 0.5 2.5 -0.9
v 0.6 2.5 -0.9
v 2.5 2.5 -1.3
v 2.7 2.5 -1.3
v 2.5 2.5 -1.7
v 2.7 2.5 -1.7
v 0.7 2.5 -1.8
v 0.8 2.5 -1.8
v 0.6 2.5 -1.9
v 0.7 2.5 -1.9
v 0.5 2.5 -2
v 0.6 2.5 -2
v 1.9 2.5 -2
v 2.4 2.5 -2
v 2.7 2.5 -2
v 3 2.5 -2
v 0.5 2.5 -2.1
v 0.8 2.5 -2.1
v 1.9 2.5 -2.1
v 2.4 2.5 -2.1
v 2.5 2.5 -2.1
v 2.6 2.5 -2.1
v 2.7 2.5 -2.1
v 3 2.5 -2.1
v 2.4 2.5 -2.2
v 2.6 2.5 -2.2
v 0.5 2.6 1.3
v 1.9 2.6 1.3
v 2.7 2.6 1.3
v 3 2.6 1.3
v 0.5 2.6 1.2
v 1.4 2.6 1.2
v 1.5 2.6 1.2
v 1.9 2.6 1.2
v 2.7 2.6 1.2
v 2.9 2.6 1.2
v 3 2.6 1.2
v 1.4 2.6 0.6
v 1.5 2.6 0.6
v 0.5 2.6 -1
v 0.7 2.6 -1
v 0.5 2.6 -1.1
v 0.6 2.6 -1.1
v 0.6 2.6 -1.2
v 0.7 2.6 -1.2
v 2.4 2.6 -1.3
v 2.5 2.6 -1.3
v 2.7 2.6 -1.3
v 2.8 2.6 -1.3
v 0.7 2.6 -1.7
v 0.8 2.6 -1.7
v 2.5 2.6 -1.7
v 2.7 2.6 -1.7
v 2.8 2.6 -1.7
v 0.5 2.6 -1.8
v 0.7 2.6 -1.8
v 0.8 2.6 -1.8
v 1.9 2.6 -1.8
v 2.4 2.6 -1.8
v 2.5 2.6 -1.8
v 2.7 2.6 -1.8
v 2.9 2.6 -1.8
v 3 2.6 -1.8
v 0.6 2.6 -1.9
v 0.7 2.6 -1.9
v 2.4 2.6 -1.9
v 2.5 2.6 -1.9
v 2.7 2.6 -1.9
v 2.9 2.6 -1.9
v 0.5 2.6 -2
v 0.6 2.6 -2
v 1.9 2.6 -2
v 2.4 2.6 -2
v 2.5 2.6 -2
v 2.7 2.6 -2
v 3 2.6 -2
v 2.6 2.6 -2.1
v 2.7 2.6 -2.1
v 2.6 2.6 -2.2
v 2.7 2.6 -2.2
v 0.5 2.7 1.2
v 1.4 2.7 1.2
v 2.9 2.7 1.2
v 3 2.7 1.2
v 0.5 2.7 1.1
v 1.4 2.7 1.1
v 2.9 2.7 1.1
v 3 2.7 1.1
v 0.5 2.7 0
v 0.6 2.7 0
v 0.5 2.7 -0.3
v 0.6 2.7 -0.3
v 1 2.7 -1.5
v 1.1 2.7 -1.5
v 1.3 2.7 -1.5
v 1.5 2.7 -1.5
v 0.9 2.7 -1.6
v 1 2.7 -1.6
v 1.3 2.7 -1.6
v 1.4 2.7 -1.6
v 1.5 2.7 -1.6
v 0.5 2.7 -1.7
v 0.7 2.7 -1.7
v 0.9 2.7 -1.7
v 1.1 2.7 -1.7
v 1.3 2.7 -1.7
v 1.4 2.7 -1.7
v 1.9 2.7 -1.7
v 2.4 2.7 -1.7
v 2.7 2.7 -1.7
v 2.8 2.7 -1.7
v 3 2.7 -1.7
v 0.5 2.7 -1.8
v 0.7 2.7 -1.8
v 1.9 2.7 -1.8
v 2.4 2.7 -1.8
v 2.7 2.7 -1.8
v 2.8 2.7 -1.8
v 2.9 2.7 -1.8
v 3 2.7 -1.8
v 2.7 2.7 -1.9
v 2.9 2.7 -1.9
v 2.4 2.7 -2
v 2.5 2.7 -2
v 2.7 2.7 -2
v 2.4 2.7 -2.1
v 2.7 2.7 -2.1
v 0.5 2.8 1.1
v 1.4 2.8 1.1
v 2.6 2.8 1.1
v 3 2.8 1.1
v 0.5 2.8 0.9
v 1.4 2.8 0.9
v 2.6 2.8 0.9
v 3 2.8 0.9
v 0.5 2.8 0.4
v 0.6 2.8 0.4
v 0.5 2.8 0.0999999
v 0.6 2.8 0.0999999
v 0.5 2.8 -0.3
v 0.6 2.8 -0.3
v 0.5 2.8 -0.4
v 0.6 2.8 -0.4
v 0.5 2.8 -0.6
v 0.6 2.8 -0.6
v 0.5 2.8 -0.9
v 0.6 2.8 -0.9
v 2.2 2.8 -1.3
v 2.3 2.8 -1.3
v 1.1 2.8 -1.4
v 1.2 2.8 -1.4
v 1.3 2.8 -1.4
v 1.5 2.8 -1.4
v 2.2 2.8 -1.4
v 2.3 2.8 -1.4
v 0.5 2.8 -1.5
v 1 2.8 -1.5
v 1.1 2.8 -1.5
v 1.2 2.8 -1.5
v 1.3 2.8 -1.5
v 1.5 2.8 -1.5
v 2.4 2.8 -1.5
v 2.8 2.8 -1.5
v 3 2.8 -1.5
v 0.9 2.8 -1.6
v 1 2.8 -1.6
v 1.2 2.8 -1.6
v 1.3 2.8 -1.6
v 1.5 2.8 -1.6
v 1.7 2.8 -1.6
v 0.5 2.8 -1.7
v 0.9 2.8 -1.7
v 1.1 2.8 -1.7
v 1.2 2.8 -1.7
v 1.7 2.8 -1.7
v 2.4 2.8 -1.7
v 2.8 2.8 -1.7
v 3 2.8 -1.7
v 2.5 2.8 -1.8
v 2.6 2.8 -1.8
v 2.5 2.8 -1.9
v 2.6 2.8 -1.9
v 2.7 2.8 -1.9
v 2.6 2.8 -2
v 2.7 2.8 -2
v 0.5 2.9 0.9
v 1.4 2.9 0.9
v 2.6 2.9 0.9
v 3 2.9 0.9
v 0.5 2.9 0.7
v 1.4 2.9 0.7
v 2.6 2.9 0.7
v 3 2.9 0.7
v 0.5 2.9 -1.3
v 2.2 2.9 -1.3
v 2.3 2.9 -1.3
v 2.4 2.9 -1.3
v 2.8 2.9 -1.3
v 3 2.9 -1.3
v 1.1 2.9 -1.4
v 1.2 2.9 -1.4
v 1.3 2.9 -1.4
v 1.5 2.9 -1.4
v 2.2 2.9 -1.4
v 2.3 2.9 -1.4
v 0.5 2.9 -1.5
v 1.1 2.9 -1.5
v 1.2 2.9 -1.5
v 1.3 2.9 -1.5
v 1.5 2.9 -1.5
v 2.4 2.9 -1.5
v 2.8 2.9 -1.5
v 3 2.9 -1.5
v 2.6 2.9 -1.8
v 2.7 2.9 -1.8
v 2.5 2.9 -1.9
v 2.6 2.9 -1.9
v 2.7 2.9 -1.9
v 2.5 2.9 -2
v 2.6 2.9 -2
v 0.5 3 0.7
v 1.4 3 0.7
v 2.6 3 0.7
v 3 3 0.7
v 0.5 3 0.6
v 1.4 3 0.6
v 2.6 3 0.6
v 3 3 0.6
v 0.5 3 -0.4
v 0.6 3 -0.4
v 0.5 3 -0.8
v 0.6 3 -0.8
v 0.5 3 -1.2
v 0.7 3 -1.2
v 2.4 3 -1.2
v 2.8 3 -1.2
v 3 3 -1.2
v 0.5 3 -1.3
v 2.4 3 -1.3
v 2.8 3 -1.3
v 3 3 -1.3
v 0.5 3.1 0.6
v 3 3.1 0.6
v 0.5 3.1 0.4
v 3 3.1 0.4
v 0.7 3.1 -1
v 3 3.1 -1
v 0.7 3.1 -1.2
v 3 3.1 -1.2
v 0.5 3.2 0.4
v 3 3.2 0.4
v 0.5 3.2 0.3
v 3 3.2 0.3
v 0.5 3.2 -0.9
v 3 3.2 -0.9
v 0.5 3.2 -1
v 3 3.2 -1
v 0.5 3.3 0.3
v 3 3.3 0.3
v 0.5 3.3 0.0999999
v 3 3.3 0.0999999
v 0.5 3.3 -0.7
v 3 3.3 -0.7
v 0.5 3.3 -0.9
v 3 3.3 -0.9
v 0.5 3.4 0.0999999
v 3 3.4 0.0999999
v 0.5 3.4 0
v 3 3.4 0
v 0.5 3.4 -0.6
v 3 3.4 -0.6
v 0.5 3.4 -0.7
v 3 3.4 -0.7
v 0.5 3.5 0
v 3 3.5 0
v 0.5 3.5 -0.2
v 3 3.5 -0.2
v 0.5 3.5 -0.4
v 3 3.5 -0.4
v 0.5 3.5 -0.6
v 3 3.5 -0.6
v 0.5 3.6 -0.2
v 3 3.6 -0.2
v 0.5 3.6 -0.4
v 3 3.6 -0.4

# faces
f 3/5/1 2/5/1 1/5/1
f 4/5/1 2/5/1 3/5/1
f 11/5/1 6/5/1 5/5/1
f 12/5/1 6/5/1 11/5/1
f 13/6/1 8/6/1 7/6/1
f 14/6/1 8/6/1 13/6/1
f 15/5/1 10/5/1 9/5/1
f 16/5/1 10/5/1 15/5/1
f 23/5/1 18/5/1 17/5/1
f 24/5/1 18/5/1 23/5/1
f 25/6/1 20/6/1 19/6/1
f 26/6/1 20/6/1 25/6/1
f 27/5/1 22/5/1 21/5/1
f 28/5/1 22/5/1 27/5/1
f 33/6/1 30/6/1 29/6/1
f 34/6/1 30/6/1 33/6/1
f 35/5/1 32/5/1 31/5/1
f 36/5/1 32/5/1 35/5/1
f 39/6/1 38/6/1 37/6/1
f 40/6/1 38/6/1 39/6/1
f 43/6/1 42/6/1 41/6/1
f 44/6/1 42/6/1 43/6/1
f 53/6/1 46/6/1 45/6/1
f 54/6/1 46/6/1 53/6/1
f 55/5/1 48/5/1 47/5/1
f 56/5/1 48/5/1 55/5/1
f 57/6/1 50/6/1 49/6/1
f 58/6/1 50/6/1 57/6/1
f 59/5/1 52/5/1 51/5/1
f 60/5/1 52/5/1 59/5/1
f 65/5/1 62/5/1 61/5/1
f 66/5/1 62/5/1 65/5/1
f 67/5/1 64/5/1 63/5/1
f 68/5/1 64/5/1 67/5/1
f 69/5/1 64/5/1 68/5/1
f 70/6/1 68/6/1 67/6/1
f 71/6/1 68/6/1 70/6/1
f 80/5/1 73/5/1 72/5/1
f 81/5/1 73/5/1 80/5/1
f 82/6/1 75/6/1 74/6/1
f 83/6/1 75/6/1 82/6/1
f 84/5/1 77/5/1 76/5/1
f 85/5/1 77/5/1 84/5/1
f 86/5/1 77/5/1 85/5/1
f 89/6/1 85/6/1 84/6/1
f 90/6/1 85/6/1 89/6/1
f 91/6/1 88/6/1 87/6/1
f 92/6/1 88/6/1 91/6/1
f 93/5/1 79/5/1 78/5/1
f 94/5/1 79/5/1 93/5/1
f 99/5/1 96/5/1 95/5/1
f 100/5/1 96/5/1 99/5/1
f 101/5/1 98/5/1 97/5/1
f 102/5/1 98/5/1 101/5/1
f 109/5/1 104/5/1 103/5/1
f 110/5/1 104/5/1 109/5/1
f 113/6/1 106/6/1 105/6/1
f 114/6/1 106/6/1 113/6/1
f 116/5/1 108/5/1 107/5/1
f 117/5/1 108/5/1 116/5/1
f 118/5/1 112/5/1 111/5/1
f 119/5/1 112/5/1 118/5/1
f 120/5/1 116/5/1 115/5/1
f 121/5/1 116/5/1 120/5/1
f 124/5/1 123/5/1 122/5/1
f 125/5/1 123/5/1 124/5/1
f 130/6/1 127/6/1 126/6/1
f 131/6/1 127/6/1 130/6/1
f 132/6/1 129/6/1 128/6/1
f 133/6/1 129/6/1 132/6/1
f 134/6/1 129/6/1 133/6/1
f 135/5/1 133/5/1 132/5/1
f 136/5/1 133/5/1 135/5/1
f 143/6/1 138/6/1 137/6/1
f 144/6/1 138/6/1 143/6/1
f 145/6/1 138/6/1 144/6/1
f 146/6/1 138/6/1 145/6/1
f 147/6/1 140/6/1 139/6/1
f 148/6/1 140/6/1 147/6/1
f 149/6/1 142/6/1 141/6/1
f 150/6/1 142/6/1 149/6/1
f 151/5/1 145/5/1 144/5/1
f 152/5/1 145/5/1 151/5/1
f 159/5/1 154/5/1 153/5/1
f 160/5/1 154/5/1 159/5/1
f 161/5/1 156/5/1 155/5/1
f 162/5/1 156/5/1 161/5/1
f 163/5/1 158/5/1 157/5/1
f 164/5/1 158/5/1 163/5/1
f 167/5/1 166/5/1 165/5/1
f 168/5/1 166/5/1 167/5/1
f 171/6/1 170/6/1 169/6/1
f 172/6/1 170/6/1 171/6/1
f 175/6/1 174/6/1 173/6/1
f 176/6/1 174/6/1 175/6/1
f 179/6/1 178/6/1 177/6/1
f 180/6/1 178/6/1 179/6/1
f 183/5/1 180/5/1 179/5/1
f 184/5/1 180/5/1 183/5/1
f 185/6/1 182/6/1 181/6/1
f 186/6/1 182/6/1 185/6/1
f 191/5/1 188/5/1 187/5/1
f 192/5/1 188/5/1 191/5/1
f 193/6/1 190/6/1 189/6/1
f 194/6/1 190/6/1 193/6/1
f 199/6/1 196/6/1 195/6/1
f 200/6/1 196/6/1 199/6/1
f 203/5/1 198/5/1 197/5/1
f 204/5/1 198/5/1 203/5/1
f 205/5/1 202/5/1 201/5/1
f 206/5/1 202/5/1 205/5/1
f 209/5/1 208/5/1 207/5/1
f 210/5/1 208/5/1 209/5/1
f 225/5/1 212/5/1 211/5/1
f 226/5/1 212/5/1 225/5/1
f 227/6/1 214/6/1 213/6/1
f 228/6/1 214/6/1 227/6/1
f 229/6/1 216/6/1 215/6/1
f 230/6/1 216/6/1 229/6/1
f 231/6/1 218/6/1 217/6/1
f 232/6/1 218/6/1 231/6/1
f 233/6/1 220/6/1 219/6/1
f 234/6/1 220/6/1 233/6/1
f 235/6/1 222/6/1 221/6/1
f 236/6/1 222/6/1 235/6/1
f 237/6/1 222/6/1 236/6/1
f 238/6/1 222/6/1 237/6/1
f 239/6/1 224/6/1 223/6/1
f 240/6/1 224/6/1 239/6/1
f 241/5/1 237/5/1 236/5/1
f 242/5/1 237/5/1 241/5/1
f 247/5/1 244/5/1 243/5/1
f 248/5/1 244/5/1 247/5/1
f 249/5/1 246/5/1 245/5/1
f 250/5/1 246/5/1 249/5/1
f 255/5/1 252/5/1 251/5/1
f 256/5/1 252/5/1 255/5/1
f 257/5/1 254/5/1 253/5/1
f 258/5/1 254/5/1 257/5/1
f 266/5/1 260/5/1 259/5/1
f 267/5/1 260/5/1 266/5/1
f 272/5/1 262/5/1 261/5/1
f 273/5/1 262/5/1 272/5/1
f 277/6/1 264/6/1 263/6/1
f 278/6/1 264/6/1 277/6/1
f 279/6/1 266/6/1 265/6/1
f 279/6/1 267/6/1 266/6/1
f 279/6/1 268/6/1 267/6/1
f 280/6/1 268/6/1 279/6/1
f 281/6/1 268/6/1 280/6/1
f 282/6/1 268/6/1 281/6/1
f 283/6/1 268/6/1 282/6/1
f 284/6/1 273/6/1 272/6/1
f 284/6/1 272/6/1 271/6/1
f 284/6/1 274/6/1 273/6/1
f 285/6/1 276/6/1 275/6/1
f 286/6/1 276/6/1 285/6/1
f 287/6/1 279/6/1 278/6/1
f 287/6/1 280/6/1 279/6/1
f 288/6/1 280/6/1 287/6/1
f 289/6/1 282/6/1 281/6/1
f 290/6/1 282/6/1 289/6/1
f 291/6/1 268/6/1 283/6/1
f 292/6/1 268/6/1 291/6/1
f 293/6/1 284/6/1 271/6/1
f 293/6/1 285/6/1 284/6/1
f 294/6/1 285/6/1 293/6/1
f 295/6/1 285/6/1 294/6/1
f 296/6/1 285/6/1 295/6/1
f 297/6/1 280/6/1 288/6/1
f 298/6/1 280/6/1 297/6/1
f 299/6/1 270/6/1 269/6/1
f 300/6/1 270/6/1 299/6/1
f 301/6/1 293/6/1 271/6/1
f 302/6/1 295/6/1 294/6/1
f 303/6/1 295/6/1 302/6/1
f 304/6/1 295/6/1 303/6/1
f 305/6/1 280/6/1 298/6/1
f 306/6/1 280/6/1 305/6/1
f 307/6/1 280/6/1 306/6/1
f 310/6/1 268/6/1 292/6/1
f 311/6/1 270/6/1 300/6/1
f 312/6/1 270/6/1 311/6/1
f 313/6/1 303/6/1 302/6/1
f 313/6/1 302/6/1 301/6/1
f 314/6/1 303/6/1 313/6/1
f 315/6/1 308/6/1 307/6/1
f 315/6/1 307/6/1 306/6/1
f 316/6/1 308/6/1 315/6/1
f 317/6/1 308/6/1 316/6/1
f 319/6/1 310/6/1 309/6/1
f 320/6/1 310/6/1 319/6/1
f 321/6/1 268/6/1 310/6/1
f 321/6/1 310/6/1 320/6/1
f 322/6/1 311/6/1 300/6/1
f 323/6/1 313/6/1 301/6/1
f 324/6/1 313/6/1 323/6/1
f 325/6/1 318/6/1 317/6/1
f 325/6/1 317/6/1 316/6/1
f 326/6/1 318/6/1 325/6/1
f 327/6/1 318/6/1 326/6/1
f 328/6/1 318/6/1 327/6/1
f 329/6/1 322/6/1 321/6/1
f 329/6/1 321/6/1 320/6/1
f 330/6/1 322/6/1 329/6/1
f 331/6/1 322/6/1 330/6/1
f 332/6/1 311/6/1 322/6/1
f 332/6/1 322/6/1 331/6/1
f 333/6/1 323/6/1 301/6/1
f 334/6/1 323/6/1 333/6/1
f 335/6/1 327/6/1 326/6/1
f 336/6/1 327/6/1 335/6/1
f 337/6/1 331/6/1 330/6/1
f 338/6/1 311/6/1 332/6/1
f 339/6/1 301/6/1 271/6/1
f 339/6/1 333/6/1 301/6/1
f 340/6/1 333/6/1 339/6/1
f 341/6/1 327/6/1 336/6/1
f 342/6/1 327/6/1 341/6/1
f 343/6/1 338/6/1 337/6/1
f 343/6/1 337/6/1 330/6/1
f 344/6/1 338/6/1 343/6/1
f 345/6/1 339/6/1 271/6/1
f 346/6/1 339/6/1 345/6/1
f 347/6/1 327/6/1 342/6/1
f 348/6/1 327/6/1 347/6/1
f 350/6/1 349/6/1 348/6/1
f 351/6/1 349/6/1 350/6/1
f 352/6/1 349/6/1 351/6/1
f 353/6/1 338/6/1 344/6/1
f 354/6/1 311/6/1 338/6/1
f 354/6/1 338/6/1 353/6/1
f 355/6/1 311/6/1 354/6/1
f 356/6/1 353/6/1 352/6/1
f 356/6/1 352/6/1 351/6/1
f 356/6/1 354/6/1 353/6/1
f 357/6/1 354/6/1 356/6/1
f 358/6/1 354/6/1 357/6/1
f 359/6/1 354/6/1 358/6/1
f 360/6/1 358/6/1 357/6/1
f 361/6/1 358/6/1 360/6/1
f 362/6/1 358/6/1 361/6/1
f 363/6/1 358/6/1 362/6/1
f 364/6/1 362/6/1 361/6/1
f 365/6/1 362/6/1 364/6/1
f 366/6/1 362/6/1 365/6/1
f 367/6/1 362/6/1 366/6/1
f 368/6/1 366/6/1 365/6/1
f 369/6/1 366/6/1 368/6/1
f 380/6/1 371/6/1 370/6/1
f 381/6/1 371/6/1 380/6/1
f 382/6/1 371/6/1 381/6/1
f 384/6/1 373/6/1 372/6/1
f 385/6/1 373/6/1 384/6/1
f 386/6/1 375/6/1 374/6/1
f 387/6/1 375/6/1 386/6/1
f 388/6/1 377/6/1 376/6/1
f 389/6/1 377/6/1 388/6/1
f 390/5/1 379/5/1 378/5/1
f 391/5/1 379/5/1 390/5/1
f 392/6/1 383/6/1 382/6/1
f 392/6/1 382/6/1 381/6/1
f 393/6/1 383/6/1 392/6/1
f 396/5/1 395/5/1 394/5/1
f 397/5/1 395/5/1 396/5/1
f 400/5/1 399/5/1 398/5/1
f 401/5/1 399/5/1 400/5/1
f 404/5/1 403/5/1 402/5/1
f 405/5/1 403/5/1 404/5/1
f 410/5/1 409/5/1 408/5/1
f 411/5/1 409/5/1 410/5/1
f 412/5/1 407/5/1 406/5/1
f 413/5/1 407/5/1 412/5/1
f 416/5/1 415/5/1 414/5/1
f 417/5/1 415/5/1 416/5/1
f 424/6/1 421/6/1 420/6/1
f 425/6/1 421/6/1 424/6/1
f 426/6/1 423/6/1 422/6/1
f 427/6/1 423/6/1 426/6/1
f 432/6/1 429/6/1 428/6/1
f 433/6/1 429/6/1 432/6/1
f 434/6/1 424/6/1 420/6/1
f 435/6/1 424/6/1 434/6/1
f 439/6/1 431/6/1 430/6/1
f 440/6/1 419/6/1 418/6/1
f 441/6/1 419/6/1 440/6/1
f 442/6/1 437/6/1 436/6/1
f 443/6/1 437/6/1 442/6/1
f 444/6/1 437/6/1 443/6/1
f 446/6/1 439/6/1 438/6/1
f 447/6/1 431/6/1 439/6/1
f 447/6/1 439/6/1 446/6/1
f 449/6/1 445/6/1 444/6/1
f 449/6/1 444/6/1 443/6/1
f 450/6/1 445/6/1 449/6/1
f 454/6/1 453/6/1 452/6/1
f 455/6/1 453/6/1 454/6/1
f 456/6/1 449/6/1 448/6/1
f 456/6/1 450/6/1 449/6/1
f 456/6/1 451/6/1 450/6/1
f 458/6/1 456/6/1 448/6/1
f 458/6/1 457/6/1 456/6/1
f 459/6/1 457/6/1 458/6/1
f 460/6/1 457/6/1 459/6/1
f 461/6/1 457/6/1 460/6/1
f 468/5/1 463/5/1 462/5/1
f 469/5/1 463/5/1 468/5/1
f 470/6/1 465/6/1 464/6/1
f 471/6/1 465/6/1 470/6/1
f 473/6/1 467/6/1 466/6/1
f 474/6/1 467/6/1 473/6/1
f 475/6/1 472/6/1 471/6/1
f 477/6/1 475/6/1 471/6/1
f 477/6/1 476/6/1 475/6/1
f 478/6/1 476/6/1 477/6/1
f 483/5/1 480/5/1 479/5/1
f 484/5/1 480/5/1 483/5/1
f 485/5/1 482/5/1 481/5/1
f 486/5/1 482/5/1 485/5/1
f 491/6/1 490/6/1 489/6/1
f 492/6/1 490/6/1 491/6/1
f 493/6/1 488/6/1 487/6/1
f 494/6/1 488/6/1 493/6/1
f 497/6/1 496/6/1 495/6/1
f 498/6/1 497/6/1 495/6/1
f 499/6/1 497/6/1 498/6/1
f 506/6/1 501/6/1 500/6/1
f 507/6/1 501/6/1 506/6/1
f 508/6/1 503/6/1 502/6/1
f 509/6/1 503/6/1 508/6/1
f 510/5/1 505/5/1 504/5/1
f 511/5/1 505/5/1 510/5/1
f 514/5/1 513/5/1 512/5/1
f 515/5/1 513/5/1 514/5/1
f 518/5/1 517/5/1 516/5/1
f 519/5/1 517/5/1 518/5/1
f 522/5/1 521/5/1 520/5/1
f 523/5/1 521/5/1 522/5/1
f 526/6/1 525/6/1 524/6/1
f 527/6/1 525/6/1 526/6/1
f 530/5/1 529/5/1 528/5/1
f 531/5/1 529/5/1 530/5/1
f 534/5/1 529/5/1 531/5/1
f 535/5/1 529/5/1 534/5/1
f 536/6/1 533/6/1 532/6/1
f 537/6/1 533/6/1 536/6/1
f 540/5/1 539/5/1 538/5/1
f 541/5/1 539/5/1 540/5/1
f 544/5/1 543/5/1 542/5/1
f 545/5/1 543/5/1 544/5/1
f 548/6/1 547/6/1 546/6/1
f 549/6/1 547/6/1 548/6/1
f 552/5/1 551/5/1 550/5/1
f 553/5/1 551/5/1 552/5/1
f 556/5/1 555/5/1 554/5/1
f 557/5/1 555/5/1 556/5/1
f 560/6/1 559/6/1 558/6/1
f 561/6/1 559/6/1 560/6/1
f 564/6/1 563/6/1 562/6/1
f 565/6/1 563/6/1 564/6/1
f 570/5/1 567/5/1 566/5/1
f 571/5/1 567/5/1 570/5/1
f 572/5/1 569/5/1 568/5/1
f 573/5/1 569/5/1 572/5/1
f 576/6/1 575/6/1 574/6/1
f 577/6/1 575/6/1 576/6/1
f 580/6/1 579/6/1 578/6/1
f 581/6/1 579/6/1 580/6/1
f 586/6/1 583/6/1 582/6/1
f 587/6/1 583/6/1 586/6/1
f 590/5/1 585/5/1 584/5/1
f 591/5/1 585/5/1 590/5/1
f 592/6/1 589/6/1 588/6/1
f 593/6/1 589/6/1 592/6/1
f 594/6/1 589/6/1 593/6/1
f 595/6/1 589/6/1 594/6/1
f 596/6/1 592/6/1 588/6/1
f 597/6/1 592/6/1 596/6/1
f 598/6/1 594/6/1 593/6/1
f 599/6/1 594/6/1 598/6/1
f 603/6/1 601/6/1 600/6/1
f 604/6/1 601/6/1 603/6/1
f 605/6/1 603/6/1 602/6/1
f 606/6/1 603/6/1 605/6/1
f 611/5/1 608/5/1 607/5/1
f 612/5/1 608/5/1 611/5/1
f 615/6/1 610/6/1 609/6/1
f 616/6/1 610/6/1 615/6/1
f 617/1/1 614/1/1 613/1/1
f 618/1/1 614/1/1 617/1/1
f 624/6/1 620/6/1 619/6/1
f 625/6/1 620/6/1 624/6/1
f 626/6/1 622/6/1 621/6/1
f 627/6/1 625/6/1 624/6/1
f 627/6/1 626/6/1 625/6/1
f 627/6/1 624/6/1 623/6/1
f 628/6/1 622/6/1 626/6/1
f 628/6/1 626/6/1 627/6/1
f 629/6/1 627/6/1 623/6/1
f 630/6/1 627/6/1 629/6/1
f 633/6/1 632/6/1 631/6/1
f 634/6/1 632/6/1 633/6/1
f 639/5/1 636/5/1 635/5/1
f 640/5/1 636/5/1 639/5/1
f 641/5/1 638/5/1 637/5/1
f 642/5/1 638/5/1 641/5/1
f 645/6/1 644/6/1 643/6/1
f 646/6/1 644/6/1 645/6/1
f 649/5/1 648/5/1 647/5/1
f 650/5/1 648/5/1 649/5/1
f 653/6/1 652/6/1 651/6/1
f 654/6/1 652/6/1 653/6/1
f 657/5/1 656/5/1 655/5/1
f 658/5/1 656/5/1 657/5/1
f 661/5/1 660/5/1 659/5/1
f 662/5/1 660/5/1 661/5/1
f 665/5/1 664/5/1 663/5/1
f 666/5/1 664/5/1 665/5/1
f 670/6/1 668/6/1 667/6/1
f 671/6/1 668/6/1 670/6/1
f 672/6/1 670/6/1 669/6/1
f 672/6/1 671/6/1 670/6/1
f 673/6/1 672/6/1 669/6/1
f 674/6/1 672/6/1 673/6/1
f 675/6/1 673/6/1 669/6/1
f 676/6/1 673/6/1 675/6/1
f 677/6/1 673/6/1 676/6/1
f 678/6/1 673/6/1 677/6/1
f 679/6/1 677/6/1 676/6/1
f 680/6/1 677/6/1 679/6/1
f 683/5/1 682/5/1 681/5/1
f 684/5/1 682/5/1 683/5/1
f 687/5/1 686/5/1 685/5/1
f 688/5/1 686/5/1 687/5/1
f 691/5/1 690/5/1 689/5/1
f 692/5/1 690/5/1 691/5/1
f 698/5/1 694/5/1 693/5/1
f 702/6/1 696/6/1 695/6/1
f 703/4/1 697/4/1 696/4/1
f 703/6/1 696/6/1 702/6/1
f 704/4/1 697/4/1 703/4/1
f 705/4/1 700/4/1 699/4/1
f 706/5/1 701/5/1 700/5/1
f 706/4/1 700/4/1 705/4/1
f 707/5/1 701/5/1 706/5/1
f 708/6/1 704/6/1 703/6/1
f 709/4/1 697/4/1 704/4/1
f 709/6/1 704/6/1 708/6/1
f 710/4/1 697/4/1 709/4/1
f 711/5/1 706/5/1 705/5/1
f 712/5/1 706/5/1 711/5/1
f 713/5/1 698/5/1 693/5/1
f 714/5/1 698/5/1 713/5/1
f 717/6/1 716/6/1 715/6/1
f 718/6/1 716/6/1 717/6/1
f 721/4/1 720/4/1 719/4/1
f 725/4/1 721/4/1 719/4/1
f 725/4/1 724/4/1 723/4/1
f 725/4/1 723/4/1 722/4/1
f 725/4/1 722/4/1 721/4/1
f 726/4/1 724/4/1 725/4/1
f 729/6/1 728/6/1 727/6/1
f 730/6/1 728/6/1 729/6/1
f 733/5/1 732/5/1 731/5/1
f 734/5/1 732/5/1 733/5/1
f 737/5/1 736/5/1 735/5/1
f 738/5/1 736/5/1 737/5/1
f 741/5/1 740/5/1 739/5/1
f 742/5/1 740/5/1 741/5/1
f 748/6/1 744/6/1 743/6/1
f 749/6/1 744/6/1 748/6/1
f 750/6/1 747/6/1 746/6/1
f 750/6/1 746/6/1 745/6/1
f 751/6/1 747/6/1 750/6/1
f 755/2/1 753/2/1 752/2/1
f 756/2/1 753/2/1 755/2/1
f 759/2/1 755/2/1 754/2/1
f 760/6/1 758/6/1 757/6/1
f 761/6/1 758/6/1 760/6/1
f 762/2/1 755/2/1 759/2/1
f 763/2/1 755/2/1 762/2/1
f 766/5/1 765/5/1 764/5/1
f 767/5/1 765/5/1 766/5/1
f 770/6/1 769/6/1 768/6/1
f 771/6/1 769/6/1 770/6/1
f 772/6/1 769/6/1 771/6/1
f 773/6/1 769/6/1 772/6/1
f 777/4/1 776/4/1 775/4/1
f 777/2/1 775/2/1 774/2/1
f 778/4/1 776/4/1 777/4/1
f 779/2/1 777/2/1 774/2/1
f 779/2/1 778/2/1 777/2/1
f 780/2/1 778/2/1 779/2/1
f 781/2/1 778/2/1 780/2/1
f 782/2/1 778/2/1 781/2/1
f 785/6/1 784/6/1 783/6/1
f 786/6/1 784/6/1 785/6/1
f 787/6/1 784/6/1 786/6/1
f 788/6/1 784/6/1 787/6/1
f 791/2/1 790/2/1 789/2/1
f 792/2/1 790/2/1 791/2/1
f 795/6/1 794/6/1 793/6/1
f 796/6/1 794/6/1 795/6/1
f 799/6/1 794/6/1 796/6/1
f 800/6/1 794/6/1 799/6/1
f 801/2/1 798/2/1 797/2/1
f 802/2/1 798/2/1 801/2/1
f 803/6/1 794/6/1 800/6/1
f 804/6/1 794/6/1 803/6/1
f 809/5/1 806/5/1 805/5/1
f 811/5/1 810/5/1 809/5/1
f 812/5/1 808/5/1 807/5/1
f 813/5/1 811/5/1 809/5/1
f 813/5/1 812/5/1 811/5/1
f 813/5/1 809/5/1 805/5/1
f 814/5/1 812/5/1 813/5/1
f 815/5/1 812/5/1 814/5/1
f 816/5/1 812/5/1 815/5/1
f 817/5/1 812/5/1 816/5/1
f 818/5/1 812/5/1 817/5/1
f 819/5/1 813/5/1 805/5/1
f 820/5/1 813/5/1 819/5/1
f 821/5/1 812/5/1 818/5/1
f 822/5/1 812/5/1 821/5/1
f 823/5/1 819/5/1 805/5/1
f 824/5/1 819/5/1 823/5/1
f 825/5/1 823/5/1 805/5/1
f 827/5/1 812/5/1 822/5/1
f 828/5/1 812/5/1 827/5/1
f 829/5/1 812/5/1 828/5/1
f 830/5/1 812/5/1 829/5/1
f 832/5/1 829/5/1 828/5/1
f 833/5/1 829/5/1 832/5/1
f 834/5/1 829/5/1 833/5/1
f 835/5/1 812/5/1 830/5/1
f 836/5/1 812/5/1 835/5/1
f 837/5/1 826/5/1 825/5/1
f 840/5/1 832/5/1 831/5/1
f 840/5/1 833/5/1 832/5/1
f 841/5/1 833/5/1 840/5/1
f 842/5/1 833/5/1 841/5/1
f 843/5/1 812/5/1 836/5/1
f 844/5/1 812/5/1 843/5/1
f 845/5/1 838/5/1 837/5/1
f 847/5/1 846/5/1 845/5/1
f 848/5/1 840/5/1 839/5/1
f 848/5/1 841/5/1 840/5/1
f 850/5/1 812/5/1 844/5/1
f 851/5/1 850/5/1 849/5/1
f 852/5/1 812/5/1 850/5/1
f 852/5/1 850/5/1 851/5/1
f 853/5/1 848/5/1 847/5/1
f 853/5/1 841/5/1 848/5/1
f 856/5/1 812/5/1 852/5/1
f 857/5/1 854/5/1 853/5/1
f 857/5/1 825/5/1 805/5/1
f 857/5/1 837/5/1 825/5/1
f 857/5/1 847/5/1 845/5/1
f 857/5/1 853/5/1 847/5/1
f 857/5/1 845/5/1 837/5/1
f 858/5/1 854/5/1 857/5/1
f 859/5/1 856/5/1 855/5/1
f 860/5/1 808/5/1 812/5/1
f 860/5/1 856/5/1 859/5/1
f 860/5/1 812/5/1 856/5/1
f 863/6/1 862/6/1 861/6/1
f 864/6/1 862/6/1 863/6/1
f 865/6/1 862/6/1 864/6/1
f 868/6/1 864/6/1 863/6/1
f 869/6/1 864/6/1 868/6/1
f 870/6/1 867/6/1 866/6/1
f 871/6/1 867/6/1 870/6/1
f 873/2/1 872/2/1 871/2/1
f 874/2/1 872/2/1 873/2/1
f 877/6/1 876/6/1 875/6/1
f 879/6/1 878/6/1 877/6/1
f 880/6/1 879/6/1 877/6/1
f 881/6/1 879/6/1 880/6/1
f 882/6/1 877/6/1 875/6/1
f 882/6/1 880/6/1 877/6/1
f 883/6/1 880/6/1 882/6/1
f 884/6/1 882/6/1 875/6/1
f 885/6/1 882/6/1 884/6/1
f 886/6/1 882/6/1 885/6/1
f 889/6/1 888/6/1 887/6/1
f 890/6/1 888/6/1 889/6/1
f 891/6/1 888/6/1 890/6/1
f 892/6/1 888/6/1 891/6/1
f 893/5/2 894/5/2 895/5/2
f 895/5/2 894/5/2 896/5/2
f 897/5/2 898/5/2 903/5/2
f 903/5/2 898/5/2 904/5/2
f 899/6/2 900/6/2 905/6/2
f 905/6/2 900/6/2 906/6/2
f 901/5/2 902/5/2 907/5/2
f 907/5/2 902/5/2 908/5/2
f 909/5/2 910/5/2 913/5/2
f 913/5/2 910/5/2 914/5/2
f 911/5/2 912/5/2 915/5/2
f 915/5/2 912/5/2 916/5/2
f 917/6/2 918/6/2 921/6/2
f 921/6/2 918/6/2 922/6/2
f 919/5/2 920/5/2 923/5/2
f 923/5/2 920/5/2 924/5/2
f 925/6/2 926/6/2 929/6/2
f 929/6/2 926/6/2 930/6/2
f 927/6/2 928/6/2 931/6/2
f 931/6/2 928/6/2 932/6/2
f 933/6/2 934/6/2 935/6/2
f 935/6/2 934/6/2 936/6/2
f 937/5/2 938/5/2 943/5/2
f 943/5/2 938/5/2 944/5/2
f 939/6/2 940/6/2 945/6/2
f 945/6/2 940/6/2 946/6/2
f 941/5/2 942/5/2 947/5/2
f 947/5/2 942/5/2 948/5/2
f 949/6/2 950/6/2 951/6/2
f 951/6/2 950/6/2 952/6/2
f 953/5/2 954/5/2 959/5/2
f 959/5/2 954/5/2 960/5/2
f 955/6/2 956/6/2 961/6/2
f 961/6/2 956/6/2 962/6/2
f 957/6/2 958/6/2 963/6/2
f 963/6/2 958/6/2 964/6/2
f 965/6/2 966/6/2 969/6/2
f 969/6/2 966/6/2 970/6/2
f 967/5/2 968/5/2 971/5/2
f 971/5/2 968/5/2 972/5/2
f 973/5/2 974/5/2 979/5/2
f 979/5/2 974/5/2 980/5/2
f 975/5/2 976/5/2 983/5/2
f 983/5/2 976/5/2 984/5/2
f 977/5/2 978/5/2 985/5/2
f 985/5/2 978/5/2 986/5/2
f 981/6/2 982/6/2 987/6/2
f 987/6/2 982/6/2 988/6/2
f 989/5/2 990/5/2 997/5/2
f 997/5/2 990/5/2 998/5/2
f 991/6/2 992/6/2 999/6/2
f 999/6/2 992/6/2 1000/6/2
f 993/6/2 994/6/2 1001/6/2
f 1001/6/2 994/6/2 1002/6/2
f 995/5/2 996/5/2 1003/5/2
f 1003/5/2 996/5/2 1004/5/2
f 999/5/2 1000/5/2 1005/5/2
f 1005/5/2 1000/5/2 1006/5/2
f 995/5/2 1003/5/2 1007/5/2
f 1007/5/2 1003/5/2 1008/5/2
f 1009/6/2 1010/6/2 1013/6/2
f 1013/6/2 1010/6/2 1014/6/2
f 1011/5/2 1012/5/2 1017/5/2
f 1017/5/2 1012/5/2 1018/5/2
f 1015/5/2 1016/5/2 1019/5/2
f 1019/5/2 1016/5/2 1020/5/2
f 1021/5/2 1022/5/2 1029/5/2
f 1029/5/2 1022/5/2 1030/5/2
f 1023/6/2 1024/6/2 1031/6/2
f 1031/6/2 1024/6/2 1032/6/2
f 1025/6/2 1026/6/2 1033/6/2
f 1033/6/2 1026/6/2 1034/6/2
f 1027/6/2 1028/6/2 1035/6/2
f 1035/6/2 1028/6/2 1036/6/2
f 1037/5/2 1038/5/2 1041/5/2
f 1041/5/2 1038/5/2 1042/5/2
f 1039/5/2 1040/5/2 1043/5/2
f 1043/5/2 1040/5/2 1044/5/2
f 1044/5/2 1040/5/2 1045/5/2
f 1045/5/2 1040/5/2 1046/5/2
f 1047/6/2 1048/6/2 1049/6/2
f 1049/6/2 1048/6/2 1050/6/2
f 1051/6/2 1052/6/2 1053/6/2
f 1053/6/2 1052/6/2 1054/6/2
f 1055/6/2 1056/6/2 1061/6/2
f 1061/6/2 1056/6/2 1062/6/2
f 1057/6/2 1058/6/2 1063/6/2
f 1063/6/2 1058/6/2 1064/6/2
f 1059/5/2 1060/5/2 1065/5/2
f 1065/5/2 1060/5/2 1066/5/2
f 1066/5/2 1060/5/2 1067/5/2
f 1067/5/2 1060/5/2 1068/5/2
f 1063/5/2 1064/5/2 1069/5/2
f 1069/5/2 1064/5/2 1070/5/2
f 1066/6/2 1067/6/2 1071/6/2
f 1071/6/2 1067/6/2 1072/6/2
f 1073/5/2 1074/5/2 1079/5/2
f 1079/5/2 1074/5/2 1080/5/2
f 1075/5/2 1076/5/2 1081/5/2
f 1081/5/2 1076/5/2 1082/5/2
f 1077/6/2 1078/6/2 1083/6/2
f 1083/6/2 1078/6/2 1084/6/2
f 1085/6/2 1086/6/2 1087/6/2
f 1087/6/2 1086/6/2 1088/6/2
f 1089/5/2 1090/5/2 1095/5/2
f 1095/5/2 1090/5/2 1096/5/2
f 1091/6/2 1092/6/2 1097/6/2
f 1097/6/2 1092/6/2 1098/6/2
f 1093/6/2 1094/6/2 1099/6/2
f 1099/6/2 1094/6/2 1100/6/2
f 1101/6/2 1102/6/2 1103/6/2
f 1103/6/2 1102/6/2 1104/6/2
f 1105/6/2 1106/6/2 1109/6/2
f 1109/6/2 1106/6/2 1110/6/2
f 1107/5/2 1108/5/2 1111/5/2
f 1111/5/2 1108/5/2 1112/5/2
f 1113/5/2 1114/5/2 1115/5/2
f 1115/5/2 1114/5/2 1116/5/2
f 1117/6/2 1118/6/2 1120/6/2
f 1120/6/2 1118/6/2 1121/6/2
f 1119/6/2 1120/6/2 1122/6/2
f 1122/6/2 1120/6/2 1123/6/2
f 1124/6/2 1125/6/2 1128/6/2
f 1126/6/2 1127/6/2 1128/6/2
f 1125/6/2 1126/6/2 1128/6/2
f 1124/6/2 1128/6/2 1129/6/2
f 1124/6/2 1129/6/2 1130/6/2
f 1130/6/2 1129/6/2 1131/6/2
f 1124/6/2 1130/6/2 1132/6/2
f 1132/6/2 1130/6/2 1133/6/2
f 1133/6/2 1130/6/2 1134/6/2
f 1135/5/2 1136/5/2 1137/5/2
f 1137/5/2 1136/5/2 1138/5/2
f 1139/6/2 1140/6/2 1141/6/2
f 1141/6/2 1140/6/2 1142/6/2
f 1143/6/2 1144/6/2 1145/6/2
f 1145/6/2 1144/6/2 1146/6/2
f 1147/6/2 1148/6/2 1149/6/2
f 1149/6/2 1148/6/2 1150/6/2
f 1151/5/2 1152/5/2 1153/5/2
f 1153/5/2 1152/5/2 1154/5/2
f 1155/6/2 1156/6/2 1157/6/2
f 1157/6/2 1156/6/2 1158/6/2
f 1161/5/2 1162/5/2 1163/5/2
f 1163/5/2 1162/5/2 1164/5/2
f 1159/5/2 1160/5/2 1165/5/2
f 1165/5/2 1160/5/2 1166/5/2
f 1167/6/2 1168/6/2 1169/6/2
f 1169/6/2 1168/6/2 1170/6/2
f 1171/6/2 1172/6/2 1173/6/2
f 1173/6/2 1172/6/2 1174/6/2
f 1175/6/2 1176/6/2 1177/6/2
f 1177/6/2 1176/6/2 1178/6/2
f 1179/5/2 1180/5/2 1183/5/2
f 1183/5/2 1180/5/2 1184/5/2
f 1181/5/2 1182/5/2 1185/5/2
f 1185/5/2 1182/5/2 1186/5/2
f 1187/6/2 1188/6/2 1191/6/2
f 1191/6/2 1188/6/2 1192/6/2
f 1189/5/2 1190/5/2 1193/5/2
f 1193/5/2 1190/5/2 1194/5/2
f 1195/6/2 1196/6/2 1197/6/2
f 1197/6/2 1196/6/2 1198/6/2
f 1199/5/2 1200/5/2 1203/5/2
f 1203/5/2 1200/5/2 1204/5/2
f 1201/6/2 1202/6/2 1205/6/2
f 1205/6/2 1202/6/2 1206/6/2
f 1207/6/2 1208/6/2 1210/6/2
f 1210/6/2 1208/6/2 1211/6/2
f 1209/6/2 1210/6/2 1212/6/2
f 1212/6/2 1210/6/2 1213/6/2
f 1214/6/2 1215/6/2 1218/6/2
f 1218/6/2 1215/6/2 1219/6/2
f 1216/5/2 1217/5/2 1220/5/2
f 1220/5/2 1217/5/2 1221/5/2
f 1222/6/2 1223/6/2 1224/6/2
f 1224/6/2 1223/6/2 1225/6/2
f 1226/6/2 1227/6/2 1230/6/2
f 1230/6/2 1227/6/2 1231/6/2
f 1228/6/2 1229/6/2 1232/6/2
f 1232/6/2 1229/6/2 1233/6/2
f 1231/6/2 1227/6/2 1234/6/2
f 1234/6/2 1227/6/2 1235/6/2
f 1235/6/2 1227/6/2 1236/6/2
f 1236/6/2 1227/6/2 1237/6/2
f 1237/6/2 1227/6/2 1238/6/2
f 1238/6/2 1227/6/2 1239/6/2
f 1240/6/2 1241/6/2 1242/6/2
f 1242/6/2 1241/6/2 1243/6/2
f 1244/6/2 1245/6/2 1246/6/2
f 1246/6/2 1245/6/2 1247/6/2
f 1248/6/2 1249/6/2 1252/6/2
f 1252/6/2 1249/6/2 1253/6/2
f 1250/5/2 1251/5/2 1256/5/2
f 1256/5/2 1251/5/2 1257/5/2
f 1254/5/2 1255/5/2 1258/5/2
f 1254/5/2 1258/5/2 1259/5/2
f 1259/5/2 1258/5/2 1260/5/2
f 1261/6/2 1262/6/2 1263/6/2
f 1263/6/2 1262/6/2 1264/6/2
f 1265/5/2 1266/5/2 1267/5/2
f 1267/5/2 1266/5/2 1268/5/2
f 1269/6/2 1270/6/2 1273/6/2
f 1273/6/2 1270/6/2 1274/6/2
f 1271/6/2 1272/6/2 1276/6/2
f 1275/6/2 1276/6/2 1277/6/2
f 1276/6/2 1272/6/2 1278/6/2
f 1277/6/2 1276/6/2 1278/6/2
f 1279/5/2 1280/5/2 1281/5/2
f 1281/5/2 1280/5/2 1282/5/2
f 1283/6/2 1284/6/2 1285/6/2
f 1285/6/2 1284/6/2 1286/6/2
f 1287/5/2 1288/5/2 1289/5/2
f 1289/5/2 1288/5/2 1290/5/2
f 1291/5/2 1292/5/2 1293/5/2
f 1293/5/2 1292/5/2 1294/5/2
f 1295/5/2 1296/5/2 1297/5/2
f 1297/5/2 1296/5/2 1298/5/2
f 1299/6/2 1300/6/2 1301/6/2
f 1301/6/2 1300/6/2 1302/6/2
f 1299/6/2 1301/6/2 1303/6/2
f 1303/6/2 1301/6/2 1304/6/2
f 1305/6/2 1306/6/2 1308/6/2
f 1307/6/2 1308/6/2 1309/6/2
f 1309/6/2 1308/6/2 1310/6/2
f 1308/6/2 1306/6/2 1311/6/2
f 1310/6/2 1308/6/2 1311/6/2
f 1309/6/2 1310/6/2 1312/6/2
f 1312/6/2 1310/6/2 1313/6/2
f 1314/5/2 1315/5/2 1318/5/2
f 1318/5/2 1315/5/2 1319/5/2
f 1316/5/2 1317/5/2 1320/5/2
f 1320/5/2 1317/5/2 1321/5/2
f 1322/6/2 1323/6/2 1324/6/2
f 1324/6/2 1323/6/2 1325/6/2
f 1326/5/2 1327/5/2 1328/5/2
f 1328/5/2 1327/5/2 1329/5/2
f 1330/6/2 1331/6/2 1332/6/2
f 1332/6/2 1331/6/2 1333/6/2
f 1334/6/2 1335/6/2 1342/6/2
f 1342/6/2 1335/6/2 1343/6/2
f 1336/5/2 1337/5/2 1344/5/2
f 1344/5/2 1337/5/2 1345/5/2
f 1338/1/2 1339/1/2 1346/1/2
f 1346/1/2 1339/1/2 1347/1/2
f 1340/6/2 1341/6/2 1348/6/2
f 1348/6/2 1341/6/2 1349/6/2
f 1350/5/2 1351/5/2 1352/5/2
f 1352/5/2 1351/5/2 1353/5/2
f 1354/6/2 1355/6/2 1356/6/2
f 1356/6/2 1355/6/2 1357/6/2
f 1358/6/2 1359/6/2 1360/6/2
f 1360/6/2 1359/6/2 1361/6/2
f 1362/5/2 1363/5/2 1366/5/2
f 1366/5/2 1363/5/2 1367/5/2
f 1364/6/2 1365/6/2 1368/6/2
f 1368/6/2 1365/6/2 1369/6/2
f 1370/4/2 1371/4/2 1373/4/2
f 1371/5/2 1372/5/2 1374/5/2
f 1373/4/2 1371/4/2 1374/4/2
f 1374/5/2 1372/5/2 1375/5/2
f 1373/5/2 1374/5/2 1376/5/2
f 1376/5/2 1374/5/2 1377/5/2
f 1378/5/2 1379/5/2 1380/5/2
f 1380/5/2 1379/5/2 1381/5/2
f 1382/6/2 1383/6/2 1384/6/2
f 1384/6/2 1383/6/2 1385/6/2
f 1386/6/2 1387/6/2 1390/6/2
f 1390/6/2 1387/6/2 1391/6/2
f 1388/6/2 1389/6/2 1392/6/2
f 1392/6/2 1389/6/2 1393/6/2
f 1394/4/2 1395/4/2 1396/4/2
f 1396/4/2 1395/4/2 1397/4/2
f 1394/4/2 1396/4/2 1398/4/2
f 1397/4/2 1395/4/2 1399/4/2
f 1394/4/2 1398/4/2 1400/4/2
f 1398/4/2 1399/4/2 1400/4/2
f 1399/4/2 1395/4/2 1401/4/2
f 1400/4/2 1399/4/2 1401/4/2
f 1402/6/2 1403/6/2 1404/6/2
f 1404/6/2 1405/6/2 1406/6/2
f 1406/6/2 1405/6/2 1407/6/2
f 1404/6/2 1406/6/2 1408/6/2
f 1408/6/2 1406/6/2 1409/6/2
f 1402/6/2 1404/6/2 1410/6/2
f 1404/6/2 1408/6/2 1410/6/2
f 1410/6/2 1408/6/2 1411/6/2
f 1402/6/2 1410/6/2 1412/6/2
f 1412/6/2 1410/6/2 1413/6/2
f 1413/6/2 1410/6/2 1414/6/2
f 1415/5/2 1416/5/2 1417/5/2
f 1417/5/2 1416/5/2 1418/5/2
f 1419/6/2 1420/6/2 1421/6/2
f 1421/6/2 1420/6/2 1422/6/2
f 1423/2/2 1424/2/2 1425/2/2
f 1425/2/2 1424/2/2 1426/2/2
f 1427/2/2 1428/2/2 1430/2/2
f 1429/2/2 1430/2/2 1432/2/2
f 1430/2/2 1428/2/2 1433/2/2
f 1432/2/2 1430/2/2 1433/2/2
f 1433/2/2 1428/2/2 1434/2/2
f 1431/2/2 1432/2/2 1436/2/2
f 1432/2/2 1433/2/2 1436/2/2
f 1436/2/2 1433/2/2 1437/2/2
f 1437/2/2 1433/2/2 1438/2/2
f 1435/2/2 1436/2/2 1439/2/2
f 1436/2/2 1437/2/2 1439/2/2
f 1439/2/2 1437/2/2 1440/2/2
f 1435/2/2 1439/2/2 1441/2/2
f 1441/2/2 1439/2/2 1442/2/2
f 1443/6/2 1444/6/2 1447/6/2
f 1447/6/2 1444/6/2 1448/6/2
f 1445/5/2 1446/5/2 1450/5/2
f 1450/5/2 1451/5/2 1452/5/2
f 1448/5/2 1449/5/2 1453/5/2
f 1447/5/2 1448/5/2 1453/5/2
f 1450/5/2 1452/5/2 1454/5/2
f 1452/5/2 1453/5/2 1454/5/2
f 1445/5/2 1450/5/2 1454/5/2
f 1454/5/2 1453/5/2 1455/5/2
f 1455/5/2 1453/5/2 1456/5/2
f 1456/5/2 1453/5/2 1457/5/2
f 1457/5/2 1453/5/2 1458/5/2
f 1458/5/2 1453/5/2 1459/5/2
f 1445/5/2 1454/5/2 1460/5/2
f 1460/5/2 1454/5/2 1461/5/2
f 1459/5/2 1453/5/2 1462/5/2
f 1462/5/2 1453/5/2 1463/5/2
f 1445/5/2 1460/5/2 1464/5/2
f 1464/5/2 1460/5/2 1465/5/2
f 1445/5/2 1464/5/2 1466/5/2
f 1463/5/2 1453/5/2 1468/5/2
f 1468/5/2 1453/5/2 1469/5/2
f 1469/5/2 1453/5/2 1470/5/2
f 1470/5/2 1453/5/2 1471/5/2
f 1469/5/2 1470/5/2 1473/5/2
f 1473/5/2 1470/5/2 1474/5/2
f 1474/5/2 1470/5/2 1475/5/2
f 1471/5/2 1453/5/2 1476/5/2
f 1476/5/2 1453/5/2 1477/5/2
f 1466/5/2 1467/5/2 1478/5/2
f 1472/5/2 1473/5/2 1481/5/2
f 1473/5/2 1474/5/2 1481/5/2
f 1481/5/2 1474/5/2 1482/5/2
f 1482/5/2 1474/5/2 1483/5/2
f 1477/5/2 1453/5/2 1484/5/2
f 1484/5/2 1453/5/2 1485/5/2
f 1478/5/2 1479/5/2 1486/5/2
f 1486/5/2 1487/5/2 1488/5/2
f 1480/5/2 1481/5/2 1489/5/2
f 1481/5/2 1482/5/2 1489/5/2
f 1485/5/2 1453/5/2 1491/5/2
f 1490/5/2 1491/5/2 1492/5/2
f 1491/5/2 1453/5/2 1493/5/2
f 1492/5/2 1491/5/2 1493/5/2
f 1488/5/2 1489/5/2 1494/5/2
f 1489/5/2 1482/5/2 1494/5/2
f 1493/5/2 1453/5/2 1497/5/2
f 1494/5/2 1495/5/2 1498/5/2
f 1445/5/2 1466/5/2 1498/5/2
f 1466/5/2 1478/5/2 1498/5/2
f 1486/5/2 1488/5/2 1498/5/2
f 1488/5/2 1494/5/2 1498/5/2
f 1478/5/2 1486/5/2 1498/5/2
f 1498/5/2 1495/5/2 1499/5/2
f 1496/5/2 1497/5/2 1500/5/2
f 1453/5/2 1449/5/2 1501/5/2
f 1500/5/2 1497/5/2 1501/5/2
f 1497/5/2 1453/5/2 1501/5/2
f 1502/6/2 1503/6/2 1506/6/2
f 1506/6/2 1503/6/2 1507/6/2
f 1504/6/2 1505/6/2 1508/6/2
f 1508/6/2 1505/6/2 1509/6/2
f 1510/2/2 1511/2/2 1512/2/2
f 1512/2/2 1511/2/2 1513/2/2
f 1514/6/2 1515/6/2 1520/6/2
f 1520/6/2 1515/6/2 1521/6/2
f 1516/6/2 1517/6/2 1522/6/2
f 1522/6/2 1517/6/2 1523/6/2
f 1518/6/2 1519/6/2 1524/6/2
f 1524/6/2 1519/6/2 1525/6/2
f 1522/6/2 1523/6/2 1526/6/2
f 1523/6/2 1524/6/2 1526/6/2
f 1521/6/2 1522/6/2 1526/6/2
f 1526/6/2 1524/6/2 1527/6/2
f 1527/6/2 1524/6/2 1528/6/2
f 1528/6/2 1524/6/2 1529/6/2
f 1527/6/2 1528/6/2 1530/6/2
f 1530/6/2 1528/6/2 1531/6/2
f 1531/6/2 1528/6/2 1532/6/2
f 1532/6/2 1528/6/2 1533/6/2
f 1531/6/2 1532/6/2 1534/6/2
f 1534/6/2 1532/6/2 1535/6/2
f 1535/6/2 1532/6/2 1536/6/2
f 1536/6/2 1532/6/2 1537/6/2
f 1535/6/2 1536/6/2 1538/6/2
f 1538/6/2 1536/6/2 1539/6/2
f 1539/6/2 1536/6/2 1540/6/2
f 1540/6/2 1536/6/2 1541/6/2
f 1539/6/2 1540/6/2 1542/6/2
f 1542/6/2 1540/6/2 1543/6/2
f 1543/6/2 1540/6/2 1544/6/2
f 1544/6/2 1540/6/2 1545/6/2
f 1543/6/2 1544/6/2 1546/6/2
f 1546/6/2 1544/6/2 1547/6/2
f 1547/6/2 1544/6/2 1548/6/2
f 1548/6/2 1544/6/2 1549/6/2
f 1547/6/2 1548/6/2 1550/6/2
f 1550/6/2 1548/6/2 1551/6/2
f 1551/6/2 1548/6/2 1552/6/2
f 1552/6/2 1548/6/2 1553/6/2
f 1551/6/2 1552/6/2 1554/6/2
f 1554/6/2 1552/6/2 1555/6/2
f 1555/6/2 1552/6/2 1556/6/2
f 1556/6/2 1552/6/2 1557/6/2
f 1555/6/2 1556/6/2 1558/6/2
f 1558/6/2 1556/6/2 1559/6/2
f 1559/6/2 1556/6/2 1560/6/2
f 1560/6/2 1556/6/2 1561/6/2
f 1559/6/2 1560/6/2 1562/6/2
f 1562/6/2 1560/6/2 1563/6/2
f 1563/6/2 1560/6/2 1564/6/2
f 1564/6/2 1560/6/2 1565/6/2
f 1563/6/2 1564/6/2 1566/6/2
f 1566/6/2 1564/6/2 1567/6/2
f 1567/6/2 1564/6/2 1568/6/2
f 1568/6/2 1564/6/2 1569/6/2
f 1567/6/2 1568/6/2 1570/6/2
f 1570/6/2 1568/6/2 1571/6/2
f 1571/6/2 1568/6/2 1572/6/2
f 1572/6/2 1568/6/2 1573/6/2
f 1571/6/2 1572/6/2 1574/6/2
f 1574/6/2 1572/6/2 1575/6/2
f 1578/5/3 1577/5/3 1576/5/3
f 1579/5/3 1577/5/3 1578/5/3
f 1582/6/3 1581/6/3 1580/6/3
f 1583/6/3 1581/6/3 1582/6/3
f 1586/5/3 1585/5/3 1584/5/3
f 1587/5/3 1585/5/3 1586/5/3
f 1590/5/3 1589/5/3 1588/5/3
f 1591/5/3 1589/5/3 1590/5/3
f 1594/5/3 1593/5/3 1592/5/3
f 1595/5/3 1593/5/3 1594/5/3
f 1598/6/3 1597/6/3 1596/6/3
f 1599/6/3 1597/6/3 1598/6/3
f 1602/5/3 1601/5/3 1600/5/3
f 1603/5/3 1601/5/3 1602/5/3
f 1606/6/3 1605/6/3 1604/6/3
f 1607/6/3 1605/6/3 1606/6/3
f 1612/6/3 1611/6/3 1610/6/3
f 1613/6/3 1611/6/3 1612/6/3
f 1616/5/3 1615/5/3 1614/5/3
f 1617/5/3 1615/5/3 1616/5/3
f 1618/6/3 1609/6/3 1608/6/3
f 1619/6/3 1609/6/3 1618/6/3
f 1622/5/3 1621/5/3 1620/5/3
f 1623/5/3 1621/5/3 1622/5/3
f 1626/6/3 1625/6/3 1624/6/3
f 1627/6/3 1625/6/3 1626/6/3
f 1630/5/3 1629/5/3 1628/5/3
f 1631/5/3 1629/5/3 1630/5/3
f 1634/6/3 1633/6/3 1632/6/3
f 1635/6/3 1633/6/3 1634/6/3
f 1640/6/3 1637/6/3 1636/6/3
f 1641/6/3 1637/6/3 1640/6/3
f 1642/6/3 1639/6/3 1638/6/3
f 1643/6/3 1639/6/3 1642/6/3
f 1646/5/3 1645/5/3 1644/5/3
f 1647/5/3 1645/5/3 1646/5/3
f 1654/5/3 1645/5/3 1647/5/3
f 1655/5/3 1649/5/3 1648/5/3
f 1656/5/3 1649/5/3 1655/5/3
f 1659/5/3 1651/5/3 1650/5/3
f 1660/5/3 1651/5/3 1659/5/3
f 1661/5/3 1653/5/3 1652/5/3
f 1662/5/3 1657/5/3 1656/5/3
f 1662/5/3 1655/5/3 1654/5/3
f 1662/5/3 1656/5/3 1655/5/3
f 1663/5/3 1660/5/3 1659/5/3
f 1663/5/3 1661/5/3 1660/5/3
f 1663/5/3 1659/5/3 1658/5/3
f 1664/5/3 1662/5/3 1654/5/3
f 1664/5/3 1663/5/3 1662/5/3
f 1665/5/3 1663/5/3 1664/5/3
f 1666/5/3 1664/5/3 1654/5/3
f 1667/5/3 1664/5/3 1666/5/3
f 1669/5/3 1663/5/3 1665/5/3
f 1670/5/3 1666/5/3 1654/5/3
f 1671/5/3 1669/5/3 1668/5/3
f 1672/6/3 1647/6/3 1646/6/3
f 1672/5/3 1671/5/3 1670/5/3
f 1672/5/3 1654/5/3 1647/5/3
f 1672/5/3 1670/5/3 1654/5/3
f 1673/5/3 1671/5/3 1672/5/3
f 1674/6/3 1672/6/3 1646/6/3
f 1675/5/3 1671/5/3 1673/5/3
f 1676/6/3 1674/6/3 1646/6/3
f 1676/5/3 1675/5/3 1674/5/3
f 1677/5/3 1669/5/3 1671/5/3
f 1677/5/3 1675/5/3 1676/5/3
f 1677/5/3 1661/5/3 1663/5/3
f 1677/5/3 1653/5/3 1661/5/3
f 1677/5/3 1671/5/3 1675/5/3
f 1677/5/3 1663/5/3 1669/5/3
f 1678/6/3 1676/6/3 1646/6/3
f 1679/6/3 1676/6/3 1678/6/3
f 1684/6/3 1681/6/3 1680/6/3
f 1685/6/3 1681/6/3 1684/6/3
f 1686/1/3 1683/1/3 1682/1/3
f 1687/1/3 1683/1/3 1686/1/3
f 1690/6/3 1689/6/3 1688/6/3
f 1691/6/3 1689/6/3 1690/6/3
f 1694/5/3 1693/5/3 1692/5/3
f 1695/5/3 1693/5/3 1694/5/3
f 1698/6/3 1697/6/3 1696/6/3
f 1699/6/3 1697/6/3 1698/6/3
f 1702/6/3 1701/6/3 1700/6/3
f 1703/6/3 1701/6/3 1702/6/3
f 1706/6/3 1705/6/3 1704/6/3
f 1707/6/3 1705/6/3 1706/6/3
f 1710/6/3 1709/6/3 1708/6/3
f 1711/6/3 1709/6/3 1710/6/3
f 1714/6/3 1713/6/3 1712/6/3
f 1715/6/3 1713/6/3 1714/6/3
f 1718/6/3 1717/6/3 1716/6/3
f 1719/6/3 1717/6/3 1718/6/3
f 1720/6/3 1717/6/3 1719/6/3
f 1723/5/3 1722/5/3 1721/5/3
f 1724/5/3 1722/5/3 1723/5/3
f 1727/5/3 1726/5/3 1725/5/3
f 1728/5/3 1726/5/3 1727/5/3
f 1733/6/3 1732/6/3 1731/6/3
f 1734/6/3 1732/6/3 1733/6/3
f 1736/6/3 1730/6/3 1729/6/3
f 1737/6/3 1730/6/3 1736/6/3
f 1738/6/3 1735/6/3 1734/6/3
f 1739/6/3 1735/6/3 1738/6/3
f 1742/6/3 1741/6/3 1740/6/3
f 1743/6/3 1741/6/3 1742/6/3
f 1746/6/3 1745/6/3 1744/6/3
f 1747/6/3 1745/6/3 1746/6/3
f 1750/6/3 1749/6/3 1748/6/3
f 1751/6/3 1749/6/3 1750/6/3
f 1754/5/3 1753/5/3 1752/5/3
f 1755/5/3 1753/5/3 1754/5/3
f 1760/6/3 1757/6/3 1756/6/3
f 1761/6/3 1757/6/3 1760/6/3
f 1762/6/3 1759/6/3 1758/6/3
f 1763/6/3 1759/6/3 1762/6/3
f 1768/6/3 1765/6/3 1764/6/3
f 1769/6/3 1765/6/3 1768/6/3
f 1770/6/3 1767/6/3 1766/6/3
f 1771/6/3 1767/6/3 1770/6/3
f 1774/5/3 1773/5/3 1772/5/3
f 1775/5/3 1773/5/3 1774/5/3
f 1778/6/3 1777/6/3 1776/6/3
f 1779/6/3 1777/6/3 1778/6/3
f 1783/6/3 1781/6/3 1780/6/3
f 1784/6/3 1783/6/3 1782/6/3
f 1786/6/3 1783/6/3 1784/6/3
f 1787/6/3 1786/6/3 1785/6/3
f 1788/6/3 1783/6/3 1786/6/3
f 1788/6/3 1786/6/3 1787/6/3
f 1789/6/3 1783/6/3 1788/6/3
f 1790/6/3 1783/6/3 1789/6/3
f 1792/6/3 1783/6/3 1790/6/3
f 1794/6/3 1792/6/3 1791/6/3
f 1795/6/3 1794/6/3 1793/6/3
f 1796/6/3 1794/6/3 1795/6/3
f 1797/6/3 1783/6/3 1792/6/3
f 1797/6/3 1794/6/3 1796/6/3
f 1797/6/3 1792/6/3 1794/6/3
f 1798/6/3 1781/6/3 1783/6/3
f 1798/6/3 1783/6/3 1797/6/3
f 1799/6/3 1797/6/3 1796/6/3
f 1800/6/3 1797/6/3 1799/6/3
f 1801/6/3 1781/6/3 1798/6/3
f 1802/6/3 1781/6/3 1801/6/3
f 1805/6/3 1804/6/3 1803/6/3
f 1806/6/3 1804/6/3 1805/6/3
f 1809/6/3 1808/6/3 1807/6/3
f 1812/6/3 1809/6/3 1807/6/3
f 1812/6/3 1810/6/3 1809/6/3
f 1813/6/3 1810/6/3 1812/6/3
f 1814/6/3 1810/6/3 1813/6/3
f 1815/6/3 1812/6/3 1811/6/3
f 1815/6/3 1813/6/3 1812/6/3
f 1816/6/3 1813/6/3 1815/6/3
f 1821/6/3 1818/6/3 1817/6/3
f 1822/6/3 1818/6/3 1821/6/3
f 1825/6/3 1824/6/3 1823/6/3
f 1827/6/3 1825/6/3 1823/6/3
f 1827/6/3 1826/6/3 1825/6/3
f 1828/6/3 1826/6/3 1827/6/3
f 1829/6/3 1827/6/3 1823/6/3
f 1830/6/3 1827/6/3 1829/6/3
f 1831/6/3 1829/6/3 1823/6/3
f 1832/6/3 1829/6/3 1831/6/3
f 1833/6/3 1820/6/3 1819/6/3
f 1834/6/3 1820/6/3 1833/6/3
f 1837/6/3 1836/6/3 1835/6/3
f 1838/6/3 1836/6/3 1837/6/3
f 1841/6/3 1840/6/3 1839/6/3
f 1842/6/3 1840/6/3 1841/6/3
f 1847/5/3 1844/5/3 1843/5/3
f 1848/5/3 1844/5/3 1847/5/3
f 1849/5/3 1846/5/3 1845/5/3
f 1850/5/3 1846/5/3 1849/5/3
f 1853/5/3 1852/5/3 1851/5/3
f 1854/5/3 1852/5/3 1853/5/3
f 1858/5/3 1856/5/3 1855/5/3
f 1858/6/3 1857/6/3 1856/6/3
f 1859/6/3 1857/6/3 1858/6/3
f 1860/5/3 1858/5/3 1855/5/3
f 1861/5/3 1858/5/3 1860/5/3
f 1868/4/3 1865/4/3 1864/4/3
f 1868/4/3 1866/4/3 1865/4/3
f 1869/5/3 1867/5/3 1866/5/3
f 1869/4/3 1866/4/3 1868/4/3
f 1870/5/3 1867/5/3 1869/5/3
f 1871/4/3 1868/4/3 1864/4/3
f 1873/4/3 1871/4/3 1864/4/3
f 1873/4/3 1872/4/3 1871/4/3
f 1874/4/3 1872/4/3 1873/4/3
f 1877/5/3 1876/5/3 1875/5/3
f 1878/5/3 1876/5/3 1877/5/3
f 1879/6/3 1863/6/3 1862/6/3
f 1880/6/3 1863/6/3 1879/6/3
f 1883/6/3 1882/6/3 1881/6/3
f 1884/6/3 1882/6/3 1883/6/3
f 1893/6/3 1886/6/3 1885/6/3
f 1894/6/3 1886/6/3 1893/6/3
f 1895/6/3 1888/6/3 1887/6/3
f 1896/6/3 1888/6/3 1895/6/3
f 1897/6/3 1890/6/3 1889/6/3
f 1898/6/3 1890/6/3 1897/6/3
f 1899/6/3 1892/6/3 1891/6/3
f 1900/6/3 1892/6/3 1899/6/3
f 1903/5/3 1902/5/3 1901/5/3
f 1904/5/3 1902/5/3 1903/5/3
f 1907/6/3 1906/6/3 1905/6/3
f 1908/6/3 1906/6/3 1907/6/3
f 1913/5/3 1910/5/3 1909/5/3
f 1914/5/3 1910/5/3 1913/5/3
f 1915/5/3 1912/5/3 1911/5/3
f 1916/5/3 1912/5/3 1915/5/3
f 1921/5/3 1920/5/3 1919/5/3
f 1922/5/3 1920/5/3 1921/5/3
f 1923/6/3 1918/6/3 1917/6/3
f 1924/6/3 1918/6/3 1923/6/3
f 1927/6/3 1926/6/3 1925/6/3
f 1928/6/3 1926/6/3 1927/6/3
f 1931/6/3 1930/6/3 1929/6/3
f 1932/6/3 1930/6/3 1931/6/3
f 1935/6/3 1934/6/3 1933/6/3
f 1936/6/3 1934/6/3 1935/6/3
f 1937/6/3 1934/6/3 1936/6/3
f 1938/4/3 1937/4/3 1936/4/3
f 1939/4/3 1937/4/3 1938/4/3
f 1942/5/3 1941/5/3 1940/5/3
f 1943/5/3 1941/5/3 1942/5/3
f 1948/6/3 1947/6/3 1946/6/3
f 1949/6/3 1947/6/3 1948/6/3
f 1950/6/3 1945/6/3 1944/6/3
f 1951/6/3 1945/6/3 1950/6/3
f 1954/5/3 1953/5/3 1952/5/3
f 1955/5/3 1953/5/3 1954/5/3
f 1959/6/3 1957/6/3 1956/6/3
f 1959/5/3 1958/5/3 1957/5/3
f 1960/5/3 1958/5/3 1959/5/3
f 1961/6/3 1959/6/3 1956/6/3
f 1962/6/3 1959/6/3 1961/6/3
f 1965/6/3 1964/6/3 1963/6/3
f 1966/6/3 1964/6/3 1965/6/3
f 1970/5/3 1968/5/3 1967/5/3
f 1970/6/3 1969/6/3 1968/6/3
f 1971/6/3 1969/6/3 1970/6/3
f 1972/5/3 1970/5/3 1967/5/3
f 1973/5/3 1970/5/3 1972/5/3
f 1976/6/3 1975/6/3 1974/6/3
f 1978/6/3 1976/6/3 1974/6/3
f 1978/6/3 1977/6/3 1976/6/3
f 1979/6/3 1977/6/3 1978/6/3
f 1982/6/3 1981/6/3 1980/6/3
f 1983/6/3 1981/6/3 1982/6/3
f 1986/6/3 1985/6/3 1984/6/3
f 1987/6/3 1985/6/3 1986/6/3
f 1990/6/3 1989/6/3 1988/6/3
f 1991/6/3 1989/6/3 1990/6/3
f 1994/5/3 1993/5/3 1992/5/3
f 1995/5/3 1993/5/3 1994/5/3
f 2000/6/3 1997/6/3 1996/6/3
f 2001/6/3 1997/6/3 2000/6/3
f 2002/6/3 1999/6/3 1998/6/3
f 2003/6/3 1999/6/3 2002/6/3
f 2008/6/3 2005/6/3 2004/6/3
f 2009/6/3 2005/6/3 2008/6/3
f 2010/6/3 2007/6/3 2006/6/3
f 2011/6/3 2007/6/3 2010/6/3
f 2014/6/3 2013/6/3 2012/6/3
f 2015/6/3 2013/6/3 2014/6/3
f 2019/6/3 2017/6/3 2016/6/3
f 2020/5/3 2018/5/3 2017/5/3
f 2020/6/3 2017/6/3 2019/6/3
f 2021/5/3 2018/5/3 2020/5/3
f 2024/5/3 2023/5/3 2022/5/3
f 2025/5/3 2023/5/3 2024/5/3
f 2028/5/3 2027/5/3 2026/5/3
f 2029/5/3 2027/5/3 2028/5/3
f 2032/6/3 2031/6/3 2030/6/3
f 2033/6/3 2031/6/3 2032/6/3
f 2036/5/3 2035/5/3 2034/5/3
f 2037/5/3 2035/5/3 2036/5/3
f 2039/6/3 2037/6/3 2036/6/3
f 2040/5/3 2038/5/3 2037/5/3
f 2040/6/3 2037/6/3 2039/6/3
f 2041/5/3 2038/5/3 2040/5/3
f 2046/6/3 2043/6/3 2042/6/3
f 2047/6/3 2043/6/3 2046/6/3
f 2048/6/3 2045/6/3 2044/6/3
f 2049/6/3 2045/6/3 2048/6/3
f 2050/6/3 2043/6/3 2047/6/3
f 2051/6/3 2043/6/3 2050/6/3
f 2054/5/3 2053/5/3 2052/5/3
f 2055/5/3 2053/5/3 2054/5/3
f 2059/6/3 2057/6/3 2056/6/3
f 2059/6/3 2058/6/3 2057/6/3
f 2060/6/3 2058/6/3 2059/6/3
f 2066/6/3 2059/6/3 2056/6/3
f 2067/6/3 2059/6/3 2066/6/3
f 2069/5/3 2062/5/3 2061/5/3
f 2070/5/3 2062/5/3 2069/5/3
f 2071/5/3 2064/5/3 2063/5/3
f 2072/5/3 2064/5/3 2071/5/3
f 2073/5/3 2066/5/3 2065/5/3
f 2074/6/3 2068/6/3 2067/6/3
f 2074/5/3 2066/5/3 2073/5/3
f 2074/6/3 2067/6/3 2066/6/3
f 2075/6/3 2068/6/3 2074/6/3
f 2078/5/3 2077/5/3 2076/5/3
f 2079/5/3 2077/5/3 2078/5/3
f 2080/5/3 2078/5/3 2076/5/3
f 2081/5/3 2078/5/3 2080/5/3
f 2084/5/3 2083/5/3 2082/5/3
f 2085/5/3 2083/5/3 2084/5/3
f 2088/6/3 2087/6/3 2086/6/3
f 2089/6/3 2087/6/3 2088/6/3
f 2094/5/3 2091/5/3 2090/5/3
f 2095/5/3 2091/5/3 2094/5/3
f 2096/5/3 2093/5/3 2092/5/3
f 2097/5/3 2093/5/3 2096/5/3
f 2100/6/3 2099/6/3 2098/6/3
f 2101/6/3 2099/6/3 2100/6/3
f 2104/5/3 2103/5/3 2102/5/3
f 2106/5/3 2104/5/3 2102/5/3
f 2106/5/3 2105/5/3 2104/5/3
f 2107/5/3 2105/5/3 2106/5/3
f 2110/6/3 2109/6/3 2108/6/3
f 2111/6/3 2109/6/3 2110/6/3
f 2114/6/3 2113/6/3 2112/6/3
f 2115/6/3 2113/6/3 2114/6/3
f 2118/6/3 2117/6/3 2116/6/3
f 2119/6/3 2117/6/3 2118/6/3
f 2124/6/3 2121/6/3 2120/6/3
f 2126/6/3 2123/6/3 2122/6/3
f 2127/6/3 2123/6/3 2126/6/3
f 2129/6/3 2124/6/3 2120/6/3
f 2130/5/3 2125/5/3 2124/5/3
f 2130/6/3 2124/6/3 2129/6/3
f 2131/5/3 2125/5/3 2130/5/3
f 2132/2/3 2128/2/3 2127/2/3
f 2133/2/3 2128/2/3 2132/2/3
f 2136/6/3 2135/6/3 2134/6/3
f 2137/6/3 2135/6/3 2136/6/3
f 2140/5/3 2139/5/3 2138/5/3
f 2141/5/3 2139/5/3 2140/5/3
f 2144/2/3 2143/2/3 2142/2/3
f 2146/2/3 2144/2/3 2142/2/3
f 2146/2/3 2145/2/3 2144/2/3
f 2147/2/3 2145/2/3 2146/2/3
f 2148/2/3 2145/2/3 2147/2/3
f 2151/6/3 2150/6/3 2149/6/3
f 2152/6/3 2150/6/3 2151/6/3
f 2158/5/3 2154/5/3 2153/5/3
f 2159/5/3 2154/5/3 2158/5/3
f 2162/5/3 2156/5/3 2155/5/3
f 2163/5/3 2156/5/3 2162/5/3
f 2167/5/3 2160/5/3 2159/5/3
f 2167/5/3 2158/5/3 2157/5/3
f 2167/5/3 2159/5/3 2158/5/3
f 2170/5/3 2164/5/3 2163/5/3
f 2170/5/3 2163/5/3 2162/5/3
f 2170/5/3 2162/5/3 2161/5/3
f 2171/6/3 2166/6/3 2165/6/3
f 2172/6/3 2166/6/3 2171/6/3
f 2174/5/3 2170/5/3 2169/5/3
f 2175/5/3 2164/5/3 2170/5/3
f 2175/5/3 2170/5/3 2174/5/3
f 2176/5/3 2164/5/3 2175/5/3
f 2177/5/3 2168/5/3 2167/5/3
f 2178/5/3 2174/5/3 2173/5/3
f 2178/5/3 2175/5/3 2174/5/3
f 2179/5/3 2175/5/3 2178/5/3
f 2180/5/3 2164/5/3 2176/5/3
f 2181/5/3 2164/5/3 2180/5/3
f 2182/5/3 2179/5/3 2178/5/3
f 2182/5/3 2167/5/3 2157/5/3
f 2182/5/3 2181/5/3 2180/5/3
f 2182/5/3 2180/5/3 2179/5/3
f 2182/5/3 2177/5/3 2167/5/3
f 2182/5/3 2178/5/3 2177/5/3
f 2183/5/3 2181/5/3 2182/5/3
f 2185/5/3 2181/5/3 2183/5/3
f 2186/5/3 2182/5/3 2157/5/3
f 2187/5/3 2185/5/3 2184/5/3
f 2188/5/3 2181/5/3 2185/5/3
f 2188/5/3 2187/5/3 2186/5/3
f 2188/5/3 2185/5/3 2187/5/3
f 2189/5/3 2181/5/3 2188/5/3
f 2190/5/3 2188/5/3 2186/5/3
f 2190/3/3 2189/3/3 2188/3/3
f 2191/3/3 2189/3/3 2190/3/3
f 2192/5/3 2191/5/3 2190/5/3
f 2192/3/3 2189/3/3 2191/3/3
f 2193/5/3 2181/5/3 2189/5/3
f 2193/3/3 2189/3/3 2192/3/3
f 2194/5/3 2192/5/3 2190/5/3
f 2194/5/3 2190/5/3 2186/5/3
f 2194/5/3 2193/5/3 2192/5/3
f 2195/5/3 2193/5/3 2194/5/3
f 2196/5/3 2193/5/3 2195/5/3
f 2197/5/3 2193/5/3 2196/5/3
f 2198/5/3 2194/5/3 2186/5/3
f 2199/3/3 2195/3/3 2194/3/3
f 2199/5/3 2194/5/3 2198/5/3
f 2200/5/3 2196/5/3 2195/5/3
f 2201/5/3 2196/5/3 2200/5/3
f 2202/5/3 2193/5/3 2197/5/3
f 2203/5/3 2193/5/3 2202/5/3
f 2204/5/3 2198/5/3 2186/5/3
f 2204/3/3 2199/3/3 2198/3/3
f 2205/3/3 2199/3/3 2204/3/3
f 2206/5/3 2200/5/3 2195/5/3
f 2209/5/3 2193/5/3 2203/5/3
f 2210/3/3 2199/3/3 2205/3/3
f 2210/5/3 2205/5/3 2204/5/3
f 2211/5/3 2207/5/3 2206/5/3
f 2211/3/3 2199/3/3 2210/3/3
f 2211/3/3 2195/3/3 2199/3/3
f 2211/5/3 2206/5/3 2195/5/3
f 2212/5/3 2207/5/3 2211/5/3
f 2213/5/3 2209/5/3 2208/5/3
f 2214/5/3 2193/5/3 2209/5/3
f 2214/5/3 2209/5/3 2213/5/3
f 2215/5/3 2181/5/3 2193/5/3
f 2215/5/3 2193/5/3 2214/5/3
f 2216/5/3 2214/5/3 2213/5/3
f 2216/5/3 2212/5/3 2211/5/3
f 2216/5/3 2213/5/3 2212/5/3
f 2216/5/3 2211/5/3 2210/5/3
f 2217/5/3 2214/5/3 2216/5/3
f 2218/5/3 2216/5/3 2210/5/3
f 2219/5/3 2216/5/3 2218/5/3
f 2220/5/3 2218/5/3 2210/5/3
f 2221/5/3 2218/5/3 2220/5/3
f 2222/5/3 2220/5/3 2210/5/3
f 2223/3/3 2221/3/3 2220/3/3
f 2223/5/3 2220/5/3 2222/5/3
f 2224/3/3 2221/3/3 2223/3/3
f 2225/5/3 2218/5/3 2221/5/3
f 2225/3/3 2221/3/3 2224/3/3
f 2226/5/3 2218/5/3 2225/5/3
f 2229/5/3 2181/5/3 2215/5/3
f 2230/5/3 2181/5/3 2229/5/3
f 2231/3/3 2224/3/3 2223/3/3
f 2231/5/3 2222/5/3 2210/5/3
f 2231/3/3 2223/3/3 2222/3/3
f 2232/3/3 2224/3/3 2231/3/3
f 2233/5/3 2225/5/3 2224/5/3
f 2233/5/3 2227/5/3 2226/5/3
f 2233/5/3 2226/5/3 2225/5/3
f 2234/5/3 2230/5/3 2229/5/3
f 2234/5/3 2229/5/3 2228/5/3
f 2237/3/3 2224/3/3 2232/3/3
f 2237/5/3 2232/5/3 2231/5/3
f 2238/5/3 2234/5/3 2233/5/3
f 2238/3/3 2224/3/3 2237/3/3
f 2238/5/3 2233/5/3 2224/5/3
f 2239/2/3 2236/2/3 2235/2/3
f 2240/2/3 2236/2/3 2239/2/3
f 2241/5/3 2237/5/3 2231/5/3
f 2241/5/3 2186/5/3 2157/5/3
f 2241/5/3 2210/5/3 2204/5/3
f 2241/5/3 2238/5/3 2237/5/3
f 2241/5/3 2204/5/3 2186/5/3
f 2241/5/3 2231/5/3 2210/5/3
f 2242/5/3 2230/5/3 2234/5/3
f 2242/5/3 2238/5/3 2241/5/3
f 2242/5/3 2234/5/3 2238/5/3
f 2245/6/3 2244/6/3 2243/6/3
f 2246/6/3 2244/6/3 2245/6/3
f 2249/2/3 2248/2/3 2247/2/3
f 2250/2/3 2248/2/3 2249/2/3
f 2253/6/3 2252/6/3 2251/6/3
f 2254/6/3 2252/6/3 2253/6/3
f 2257/6/3 2256/6/3 2255/6/3
f 2258/6/3 2256/6/3 2257/6/3
f 2261/5/3 2260/5/3 2259/5/3
f 2262/5/3 2260/5/3 2261/5/3
f 2265/5/3 2264/5/3 2263/5/3
f 2266/5/3 2264/5/3 2265/5/3
f 2269/5/3 2268/5/3 2267/5/3
f 2270/5/3 2268/5/3 2269/5/3
f 2273/5/3 2272/5/3 2271/5/3
f 2275/5/3 2273/5/3 2271/5/3
f 2275/5/3 2274/5/3 2273/5/3
f 2276/5/3 2274/5/3 2275/5/3
f 2279/6/3 2278/6/3 2277/6/3
f 2280/6/3 2278/6/3 2279/6/3
f 2285/6/3 2282/6/3 2281/6/3
f 2286/5/3 2284/5/3 2283/5/3
f 2287/5/3 2284/5/3 2286/5/3
f 2290/5/3 2289/5/3 2288/5/3
f 2291/5/3 2289/5/3 2290/5/3
f 2292/6/3 2285/6/3 2281/6/3
f 2293/6/3 2292/6/3 2281/6/3
f 2294/6/3 2292/6/3 2293/6/3
f 2297/6/3 2296/6/3 2295/6/3
f 2298/6/3 2296/6/3 2297/6/3
f 2301/6/3 2300/6/3 2299/6/3
f 2302/6/3 2300/6/3 2301/6/3
f 2305/5/3 2304/5/3 2303/5/3
f 2306/5/3 2304/5/3 2305/5/3
f 2309/6/3 2308/6/3 2307/6/3
f 2310/6/3 2308/6/3 2309/6/3
f 2313/5/3 2312/5/3 2311/5/3
f 2314/5/3 2312/5/3 2313/5/3
f 2317/5/3 2316/5/3 2315/5/3
f 2318/5/3 2316/5/3 2317/5/3
f 2321/5/3 2320/5/3 2319/5/3
f 2322/5/3 2320/5/3 2321/5/3
f 2325/6/3 2324/6/3 2323/6/3
f 2326/6/3 2324/6/3 2325/6/3
f 2329/5/3 2328/5/3 2327/5/3
f 2330/5/3 2328/5/3 2329/5/3
f 2333/5/3 2332/5/3 2331/5/3
f 2334/5/3 2332/5/3 2333/5/3
f 2337/6/3 2336/6/3 2335/6/3
f 2338/6/3 2336/6/3 2337/6/3
f 2341/6/3 2340/6/3 2339/6/3
f 2342/6/3 2340/6/3 2341/6/3
f 2345/5/3 2344/5/3 2343/5/3
f 2346/5/3 2344/5/3 2345/5/3
f 2347/5/4 2348/5/4 2349/5/4
f 2349/5/4 2348/5/4 2350/5/4
f 2351/6/4 2352/6/4 2353/6/4
f 2353/6/4 2352/6/4 2354/6/4
f 2355/5/4 2356/5/4 2357/5/4
f 2357/5/4 2356/5/4 2358/5/4
f 2359/6/4 2360/6/4 2361/6/4
f 2361/6/4 2360/6/4 2362/6/4
f 2363/5/4 2364/5/4 2365/5/4
f 2365/5/4 2364/5/4 2366/5/4
f 2367/5/4 2368/5/4 2369/5/4
f 2369/5/4 2368/5/4 2370/5/4
f 2371/6/4 2372/6/4 2373/6/4
f 2373/6/4 2372/6/4 2374/6/4
f 2377/5/4 2378/5/4 2379/5/4
f 2379/5/4 2378/5/4 2380/5/4
f 2381/6/4 2382/6/4 2383/6/4
f 2383/6/4 2382/6/4 2384/6/4
f 2385/5/4 2386/5/4 2387/5/4
f 2387/5/4 2386/5/4 2388/5/4
f 2375/6/4 2376/6/4 2389/6/4
f 2389/6/4 2376/6/4 2390/6/4
f 2391/5/4 2392/5/4 2393/5/4
f 2393/5/4 2392/5/4 2394/5/4
f 2395/6/4 2396/6/4 2397/6/4
f 2397/6/4 2396/6/4 2398/6/4
f 2399/5/4 2400/5/4 2401/5/4
f 2401/5/4 2400/5/4 2402/5/4
f 2403/5/4 2404/5/4 2405/5/4
f 2405/5/4 2404/5/4 2406/5/4
f 2406/5/4 2404/5/4 2413/5/4
f 2407/5/4 2408/5/4 2414/5/4
f 2414/5/4 2408/5/4 2415/5/4
f 2409/5/4 2410/5/4 2418/5/4
f 2418/5/4 2410/5/4 2419/5/4
f 2411/5/4 2412/5/4 2420/5/4
f 2415/5/4 2416/5/4 2421/5/4
f 2413/5/4 2414/5/4 2421/5/4
f 2414/5/4 2415/5/4 2421/5/4
f 2418/5/4 2419/5/4 2422/5/4
f 2419/5/4 2420/5/4 2422/5/4
f 2417/5/4 2418/5/4 2422/5/4
f 2413/5/4 2421/5/4 2423/5/4
f 2421/5/4 2422/5/4 2423/5/4
f 2423/5/4 2422/5/4 2424/5/4
f 2413/5/4 2423/5/4 2425/5/4
f 2425/5/4 2423/5/4 2426/5/4
f 2424/5/4 2422/5/4 2428/5/4
f 2413/5/4 2425/5/4 2429/5/4
f 2427/5/4 2428/5/4 2430/5/4
f 2406/5/4 2413/5/4 2431/5/4
f 2429/5/4 2430/5/4 2431/5/4
f 2413/5/4 2429/5/4 2431/5/4
f 2431/5/4 2430/5/4 2432/5/4
f 2432/5/4 2430/5/4 2433/5/4
f 2433/5/4 2430/5/4 2438/5/4
f 2434/6/4 2435/6/4 2440/6/4
f 2439/6/4 2440/6/4 2441/6/4
f 2440/6/4 2435/6/4 2442/6/4
f 2441/6/4 2440/6/4 2442/6/4
f 2436/5/4 2437/5/4 2443/5/4
f 2437/5/4 2438/5/4 2443/5/4
f 2422/5/4 2420/5/4 2444/5/4
f 2443/5/4 2438/5/4 2444/5/4
f 2430/5/4 2428/5/4 2444/5/4
f 2420/5/4 2412/5/4 2444/5/4
f 2438/5/4 2430/5/4 2444/5/4
f 2428/5/4 2422/5/4 2444/5/4
f 2442/6/4 2435/6/4 2445/6/4
f 2445/6/4 2435/6/4 2446/6/4
f 2447/6/4 2448/6/4 2449/6/4
f 2449/6/4 2448/6/4 2450/6/4
f 2451/6/4 2452/6/4 2453/6/4
f 2453/6/4 2452/6/4 2454/6/4
f 2455/5/4 2456/5/4 2457/5/4
f 2457/5/4 2456/5/4 2458/5/4
f 2459/6/4 2460/6/4 2461/6/4
f 2461/6/4 2460/6/4 2462/6/4
f 2459/6/4 2461/6/4 2463/6/4
f 2463/6/4 2461/6/4 2464/6/4
f 2465/6/4 2466/6/4 2467/6/4
f 2467/6/4 2466/6/4 2468/6/4
f 2469/6/4 2470/6/4 2473/6/4
f 2469/6/4 2473/6/4 2475/6/4
f 2473/6/4 2474/6/4 2475/6/4
f 2475/6/4 2474/6/4 2476/6/4
f 2471/1/4 2472/1/4 2477/1/4
f 2477/1/4 2472/1/4 2478/1/4
f 2479/6/4 2480/6/4 2481/6/4
f 2481/6/4 2480/6/4 2482/6/4
f 2483/6/4 2484/6/4 2485/6/4
f 2485/6/4 2484/6/4 2486/6/4
f 2487/5/4 2488/5/4 2489/5/4
f 2487/5/4 2489/5/4 2491/5/4
f 2489/5/4 2490/5/4 2491/5/4
f 2491/5/4 2490/5/4 2492/5/4
f 2493/6/4 2494/6/4 2495/6/4
f 2495/6/4 2494/6/4 2496/6/4
f 2497/6/4 2498/6/4 2499/6/4
f 2499/6/4 2498/6/4 2500/6/4
f 2501/6/4 2502/6/4 2503/6/4
f 2503/6/4 2502/6/4 2504/6/4
f 2505/5/4 2506/5/4 2507/5/4
f 2507/5/4 2506/5/4 2508/5/4
f 2509/5/4 2510/5/4 2511/5/4
f 2511/5/4 2510/5/4 2512/5/4
f 2513/6/4 2514/6/4 2517/6/4
f 2517/6/4 2514/6/4 2518/6/4
f 2515/6/4 2516/6/4 2519/6/4
f 2519/6/4 2516/6/4 2520/6/4
f 2521/6/4 2522/6/4 2524/6/4
f 2523/6/4 2524/6/4 2526/6/4
f 2524/6/4 2522/6/4 2527/6/4
f 2525/6/4 2526/6/4 2527/6/4
f 2526/6/4 2524/6/4 2527/6/4
f 2527/6/4 2522/6/4 2528/6/4
f 2520/6/4 2516/6/4 2529/6/4
f 2529/6/4 2516/6/4 2530/6/4
f 2520/6/4 2529/6/4 2531/6/4
f 2531/6/4 2529/6/4 2532/6/4
f 2525/6/4 2527/6/4 2533/6/4
f 2533/6/4 2527/6/4 2534/6/4
f 2535/5/4 2536/5/4 2539/5/4
f 2539/5/4 2536/5/4 2540/5/4
f 2537/5/4 2538/5/4 2541/5/4
f 2541/5/4 2538/5/4 2542/5/4
f 2543/5/4 2544/5/4 2545/5/4
f 2545/5/4 2544/5/4 2546/5/4
f 2547/6/4 2548/6/4 2549/6/4
f 2549/6/4 2548/6/4 2550/6/4
f 2551/6/4 2552/6/4 2553/6/4
f 2553/6/4 2552/6/4 2554/6/4
f 2555/5/4 2556/5/4 2559/5/4
f 2559/5/4 2556/5/4 2560/5/4
f 2557/5/4 2558/5/4 2561/5/4
f 2561/5/4 2558/5/4 2562/5/4
f 2563/6/4 2564/6/4 2567/6/4
f 2567/6/4 2564/6/4 2568/6/4
f 2565/6/4 2566/6/4 2569/6/4
f 2569/6/4 2566/6/4 2570/6/4
f 2571/5/4 2572/5/4 2573/5/4
f 2573/5/4 2572/5/4 2574/5/4
f 2575/6/4 2576/6/4 2577/6/4
f 2577/6/4 2576/6/4 2578/6/4
f 2579/6/4 2580/6/4 2581/6/4
f 2581/6/4 2580/6/4 2582/6/4
f 2583/6/4 2584/6/4 2589/6/4
f 2589/6/4 2584/6/4 2590/6/4
f 2585/6/4 2586/6/4 2591/6/4
f 2591/6/4 2586/6/4 2592/6/4
f 2587/6/4 2588/6/4 2593/6/4
f 2593/6/4 2588/6/4 2594/6/4
f 2595/6/4 2596/6/4 2597/6/4
f 2597/6/4 2596/6/4 2598/6/4
f 2599/6/4 2600/6/4 2601/6/4
f 2601/6/4 2600/6/4 2602/6/4
f 2603/6/4 2604/6/4 2605/6/4
f 2605/6/4 2604/6/4 2606/6/4
f 2607/6/4 2608/6/4 2609/6/4
f 2609/6/4 2608/6/4 2610/6/4
f 2611/5/4 2612/5/4 2613/5/4
f 2613/5/4 2612/5/4 2614/5/4
f 2615/6/4 2616/6/4 2617/6/4
f 2617/6/4 2616/6/4 2618/6/4
f 2619/5/4 2620/5/4 2621/5/4
f 2621/5/4 2620/5/4 2622/5/4
f 2623/6/4 2624/6/4 2625/6/4
f 2625/6/4 2624/6/4 2626/6/4
f 2627/6/4 2628/6/4 2629/6/4
f 2629/6/4 2628/6/4 2630/6/4
f 2631/6/4 2632/6/4 2633/6/4
f 2633/6/4 2632/6/4 2634/6/4
f 2635/5/4 2636/5/4 2637/5/4
f 2637/5/4 2636/5/4 2638/5/4
f 2639/5/4 2640/5/4 2641/5/4
f 2641/5/4 2640/5/4 2642/5/4
f 2643/5/4 2644/5/4 2645/5/4
f 2645/5/4 2644/5/4 2646/5/4
f 2647/6/4 2648/6/4 2649/6/4
f 2649/6/4 2648/6/4 2650/6/4
f 2651/6/4 2652/6/4 2653/6/4
f 2653/6/4 2652/6/4 2654/6/4
f 2655/4/4 2656/4/4 2657/4/4
f 2657/4/4 2656/4/4 2658/4/4
f 2659/6/4 2660/6/4 2661/6/4
f 2661/6/4 2660/6/4 2662/6/4
f 2663/6/4 2664/6/4 2665/6/4
f 2665/6/4 2664/6/4 2666/6/4
f 2667/6/4 2668/6/4 2669/6/4
f 2669/6/4 2668/6/4 2670/6/4
f 2671/6/4 2672/6/4 2673/6/4
f 2673/6/4 2672/6/4 2674/6/4
f 2675/6/4 2676/6/4 2677/6/4
f 2677/6/4 2676/6/4 2678/6/4
f 2675/6/4 2677/6/4 2679/6/4
f 2679/6/4 2677/6/4 2680/6/4
f 2681/4/4 2682/4/4 2683/4/4
f 2681/4/4 2683/4/4 2685/4/4
f 2683/4/4 2684/4/4 2685/4/4
f 2685/4/4 2684/4/4 2686/4/4
f 2687/5/4 2688/5/4 2689/5/4
f 2689/5/4 2688/5/4 2690/5/4
f 2691/6/4 2692/6/4 2695/6/4
f 2695/6/4 2692/6/4 2696/6/4
f 2693/6/4 2694/6/4 2697/6/4
f 2697/6/4 2694/6/4 2698/6/4
f 2699/5/4 2700/5/4 2701/5/4
f 2701/5/4 2700/5/4 2702/5/4
f 2703/6/4 2704/6/4 2705/6/4
f 2705/6/4 2704/6/4 2706/6/4
f 2707/6/4 2708/6/4 2711/6/4
f 2711/6/4 2708/6/4 2712/6/4
f 2709/6/4 2710/6/4 2713/6/4
f 2713/6/4 2710/6/4 2714/6/4
f 2715/6/4 2716/6/4 2717/6/4
f 2717/6/4 2716/6/4 2718/6/4
f 2719/6/4 2720/6/4 2721/6/4
f 2721/6/4 2720/6/4 2722/6/4
f 2723/5/4 2724/5/4 2725/5/4
f 2725/5/4 2724/5/4 2726/5/4
f 2727/6/4 2728/6/4 2729/6/4
f 2729/6/4 2728/6/4 2730/6/4
f 2731/6/4 2732/6/4 2733/6/4
f 2733/6/4 2732/6/4 2734/6/4
f 2735/6/4 2736/6/4 2737/6/4
f 2737/6/4 2736/6/4 2738/6/4
f 2739/5/4 2740/5/4 2741/5/4
f 2741/5/4 2740/5/4 2742/5/4
f 2745/6/4 2746/6/4 2751/6/4
f 2746/6/4 2747/6/4 2751/6/4
f 2748/5/4 2749/5/4 2752/5/4
f 2752/5/4 2749/5/4 2753/5/4
f 2750/5/4 2751/5/4 2754/5/4
f 2751/6/4 2747/6/4 2755/6/4
f 2754/5/4 2751/5/4 2755/5/4
f 2755/6/4 2747/6/4 2756/6/4
f 2743/6/4 2744/6/4 2757/6/4
f 2757/6/4 2744/6/4 2758/6/4
f 2759/6/4 2760/6/4 2763/6/4
f 2763/6/4 2760/6/4 2764/6/4
f 2761/6/4 2762/6/4 2765/6/4
f 2765/6/4 2762/6/4 2766/6/4
f 2767/6/4 2768/6/4 2769/6/4
f 2767/6/4 2769/6/4 2773/6/4
f 2769/5/4 2770/5/4 2773/5/4
f 2773/5/4 2770/5/4 2774/5/4
f 2771/5/4 2772/5/4 2775/5/4
f 2775/5/4 2772/5/4 2776/5/4
f 2767/6/4 2773/6/4 2777/6/4
f 2777/6/4 2773/6/4 2778/6/4
f 2766/6/4 2762/6/4 2779/6/4
f 2779/6/4 2762/6/4 2780/6/4
f 2781/5/4 2782/5/4 2783/5/4
f 2783/5/4 2782/5/4 2784/5/4
f 2785/6/4 2786/6/4 2788/6/4
f 2786/5/4 2787/5/4 2789/5/4
f 2788/6/4 2786/6/4 2789/6/4
f 2789/5/4 2787/5/4 2790/5/4
f 2791/6/4 2792/6/4 2793/6/4
f 2793/6/4 2792/6/4 2794/6/4
f 2795/5/4 2796/5/4 2797/5/4
f 2797/5/4 2796/5/4 2798/5/4
f 2799/5/4 2800/5/4 2801/5/4
f 2801/5/4 2800/5/4 2802/5/4
f 2803/6/4 2804/6/4 2805/6/4
f 2805/6/4 2804/6/4 2806/6/4
f 2806/6/4 2804/6/4 2807/6/4
f 2807/6/4 2804/6/4 2808/6/4
f 2809/6/4 2810/6/4 2811/6/4
f 2811/6/4 2810/6/4 2812/6/4
f 2813/5/4 2814/5/4 2815/5/4
f 2815/5/4 2814/5/4 2816/5/4
f 2815/6/4 2816/6/4 2818/6/4
f 2816/5/4 2817/5/4 2819/5/4
f 2818/6/4 2816/6/4 2819/6/4
f 2819/5/4 2817/5/4 2820/5/4
f 2821/6/4 2822/6/4 2824/6/4
f 2823/6/4 2824/6/4 2825/6/4
f 2824/6/4 2822/6/4 2826/6/4
f 2825/6/4 2824/6/4 2826/6/4
f 2826/6/4 2822/6/4 2827/6/4
f 2827/6/4 2822/6/4 2828/6/4
f 2829/5/4 2830/5/4 2831/5/4
f 2831/5/4 2830/5/4 2832/5/4
f 2833/6/4 2834/6/4 2835/6/4
f 2835/6/4 2834/6/4 2836/6/4
f 2837/6/4 2838/6/4 2839/6/4
f 2839/6/4 2838/6/4 2840/6/4
f 2841/6/4 2842/6/4 2843/6/4
f 2843/6/4 2842/6/4 2844/6/4
f 2845/6/4 2846/6/4 2847/6/4
f 2847/6/4 2846/6/4 2848/6/4
f 2849/5/4 2850/5/4 2851/5/4
f 2851/5/4 2850/5/4 2852/5/4
f 2849/5/4 2851/5/4 2853/5/4
f 2853/5/4 2851/5/4 2854/5/4
f 2855/6/4 2856/6/4 2858/6/4
f 2857/6/4 2858/6/4 2859/6/4
f 2858/6/4 2856/6/4 2860/6/4
f 2859/6/4 2858/6/4 2860/6/4
f 2860/6/4 2856/6/4 2861/6/4
f 2862/6/4 2863/6/4 2865/6/4
f 2865/6/4 2863/6/4 2866/6/4
f 2864/6/4 2865/6/4 2867/6/4
f 2867/6/4 2865/6/4 2868/6/4
f 2868/6/4 2869/6/4 2870/6/4
f 2870/6/4 2869/6/4 2871/6/4
f 2872/6/4 2873/6/4 2874/6/4
f 2874/6/4 2873/6/4 2875/6/4
f 2876/6/4 2877/6/4 2878/6/4
f 2878/6/4 2877/6/4 2879/6/4
f 2880/6/4 2881/6/4 2882/6/4
f 2880/6/4 2882/6/4 2884/6/4
f 2882/6/4 2883/6/4 2884/6/4
f 2884/6/4 2883/6/4 2885/6/4
f 2885/6/4 2883/6/4 2886/6/4
f 2887/6/4 2888/6/4 2889/6/4
f 2887/6/4 2889/6/4 2891/6/4
f 2889/6/4 2890/6/4 2891/6/4
f 2891/6/4 2890/6/4 2892/6/4
f 2887/6/4 2891/6/4 2893/6/4
f 2893/6/4 2891/6/4 2894/6/4
f 2895/6/4 2896/6/4 2898/6/4
f 2897/6/4 2898/6/4 2899/6/4
f 2898/6/4 2896/6/4 2900/6/4
f 2899/6/4 2898/6/4 2900/6/4
f 2900/6/4 2896/6/4 2901/6/4
f 2899/6/4 2900/6/4 2902/6/4
f 2902/6/4 2900/6/4 2903/6/4
f 2903/6/4 2904/6/4 2905/6/4
f 2905/6/4 2904/6/4 2906/6/4
f 2907/6/4 2908/6/4 2909/6/4
f 2909/6/4 2908/6/4 2910/6/4
f 2911/6/4 2912/6/4 2914/6/4
f 2913/6/4 2914/6/4 2915/6/4
f 2914/6/4 2912/6/4 2916/6/4
f 2915/6/4 2914/6/4 2916/6/4
f 2916/6/4 2912/6/4 2917/6/4
f 2917/6/4 2912/6/4 2918/6/4
f 2919/6/4 2920/6/4 2921/6/4
f 2921/6/4 2920/6/4 2922/6/4
f 2923/6/4 2924/6/4 2925/6/4
f 2925/6/4 2924/6/4 2926/6/4
f 2927/6/4 2928/6/4 2930/6/4
f 2930/6/4 2928/6/4 2931/6/4
f 2929/6/4 2930/6/4 2932/6/4
f 2932/6/4 2930/6/4 2933/6/4
f 2934/5/4 2935/5/4 2936/5/4
f 2934/5/4 2936/5/4 2938/5/4
f 2936/5/4 2937/5/4 2938/5/4
f 2938/5/4 2937/5/4 2939/5/4
f 2934/5/4 2938/5/4 2940/5/4
f 2940/5/4 2938/5/4 2941/5/4
f 2942/6/4 2943/6/4 2944/6/4
f 2944/6/4 2943/6/4 2945/6/4
f 2946/6/4 2947/6/4 2948/6/4
f 2948/6/4 2947/6/4 2949/6/4
f 2950/6/4 2951/6/4 2952/6/4
f 2952/6/4 2951/6/4 2953/6/4
f 2954/5/4 2955/5/4 2956/5/4
f 2956/5/4 2955/5/4 2957/5/4
f 2958/6/4 2959/6/4 2960/6/4
f 2960/6/4 2959/6/4 2961/6/4
f 2962/2/4 2963/2/4 2966/2/4
f 2966/2/4 2963/2/4 2967/2/4
f 2964/2/4 2965/2/4 2968/2/4
f 2968/2/4 2965/2/4 2969/2/4
f 2970/5/4 2971/5/4 2975/5/4
f 2975/5/4 2971/5/4 2976/5/4
f 2972/5/4 2973/5/4 2979/5/4
f 2979/5/4 2973/5/4 2980/5/4
f 2976/5/4 2977/5/4 2984/5/4
f 2974/5/4 2975/5/4 2984/5/4
f 2975/5/4 2976/5/4 2984/5/4
f 2980/5/4 2981/5/4 2987/5/4
f 2979/5/4 2980/5/4 2987/5/4
f 2978/5/4 2979/5/4 2987/5/4
f 2982/6/4 2983/6/4 2988/6/4
f 2988/6/4 2983/6/4 2989/6/4
f 2986/5/4 2987/5/4 2991/5/4
f 2987/5/4 2981/5/4 2992/5/4
f 2991/5/4 2987/5/4 2992/5/4
f 2992/5/4 2981/5/4 2993/5/4
f 2984/5/4 2985/5/4 2994/5/4
f 2990/5/4 2991/5/4 2995/5/4
f 2991/5/4 2992/5/4 2995/5/4
f 2995/5/4 2992/5/4 2996/5/4
f 2993/5/4 2981/5/4 2997/5/4
f 2997/5/4 2981/5/4 2998/5/4
f 2995/5/4 2996/5/4 2999/5/4
f 2974/5/4 2984/5/4 2999/5/4
f 2997/5/4 2998/5/4 2999/5/4
f 2996/5/4 2997/5/4 2999/5/4
f 2984/5/4 2994/5/4 2999/5/4
f 2994/5/4 2995/5/4 2999/5/4
f 2999/5/4 2998/5/4 3000/5/4
f 3000/5/4 2998/5/4 3002/5/4
f 2974/5/4 2999/5/4 3003/5/4
f 3001/5/4 3002/5/4 3004/5/4
f 3002/5/4 2998/5/4 3005/5/4
f 3003/5/4 3004/5/4 3005/5/4
f 3004/5/4 3002/5/4 3005/5/4
f 3005/5/4 2998/5/4 3006/5/4
f 3003/5/4 3005/5/4 3007/5/4
f 3005/3/4 3006/3/4 3007/3/4
f 3007/3/4 3006/3/4 3008/3/4
f 3007/5/4 3008/5/4 3009/5/4
f 3008/3/4 3006/3/4 3009/3/4
f 3006/5/4 2998/5/4 3010/5/4
f 3009/3/4 3006/3/4 3010/3/4
f 3007/5/4 3009/5/4 3011/5/4
f 3003/5/4 3007/5/4 3011/5/4
f 3009/5/4 3010/5/4 3011/5/4
f 3011/5/4 3010/5/4 3012/5/4
f 3012/5/4 3010/5/4 3013/5/4
f 3013/5/4 3010/5/4 3014/5/4
f 3003/5/4 3011/5/4 3015/5/4
f 3011/3/4 3012/3/4 3016/3/4
f 3015/5/4 3011/5/4 3016/5/4
f 3012/5/4 3013/5/4 3017/5/4
f 3017/5/4 3013/5/4 3018/5/4
f 3014/5/4 3010/5/4 3019/5/4
f 3019/5/4 3010/5/4 3020/5/4
f 3003/5/4 3015/5/4 3021/5/4
f 3015/3/4 3016/3/4 3021/3/4
f 3021/3/4 3016/3/4 3022/3/4
f 3012/5/4 3017/5/4 3023/5/4
f 3020/5/4 3010/5/4 3026/5/4
f 3010/5/4 2998/5/4 3027/5/4
f 3026/5/4 3010/5/4 3027/5/4
f 3022/3/4 3016/3/4 3030/3/4
f 3021/5/4 3022/5/4 3030/5/4
f 3023/5/4 3024/5/4 3031/5/4
f 3030/3/4 3016/3/4 3031/3/4
f 3016/3/4 3012/3/4 3031/3/4
f 3012/5/4 3023/5/4 3031/5/4
f 3031/5/4 3024/5/4 3032/5/4
f 3026/5/4 3027/5/4 3033/5/4
f 3025/5/4 3026/5/4 3033/5/4
f 3033/5/4 3027/5/4 3034/5/4
f 3034/5/4 3027/5/4 3035/5/4
f 3031/5/4 3032/5/4 3036/5/4
f 3030/5/4 3031/5/4 3036/5/4
f 3033/5/4 3034/5/4 3036/5/4
f 3032/5/4 3033/5/4 3036/5/4
f 3036/5/4 3034/5/4 3037/5/4
f 3030/5/4 3036/5/4 3038/5/4
f 3038/5/4 3036/5/4 3039/5/4
f 3030/5/4 3038/5/4 3040/5/4
f 3040/5/4 3038/5/4 3041/5/4
f 3030/5/4 3040/5/4 3042/5/4
f 3040/3/4 3041/3/4 3043/3/4
f 3042/5/4 3040/5/4 3043/5/4
f 3043/3/4 3041/3/4 3044/3/4
f 3041/5/4 3038/5/4 3045/5/4
f 3044/3/4 3041/3/4 3045/3/4
f 3045/5/4 3038/5/4 3046/5/4
f 3035/5/4 3027/5/4 3049/5/4
f 3028/6/4 3029/6/4 3050/6/4
f 3050/6/4 3029/6/4 3051/6/4
f 3043/3/4 3044/3/4 3052/3/4
f 3030/5/4 3042/5/4 3052/5/4
f 3042/3/4 3043/3/4 3052/3/4
f 3052/3/4 3044/3/4 3053/3/4
f 3044/5/4 3045/5/4 3054/5/4
f 3046/5/4 3047/5/4 3054/5/4
f 3045/5/4 3046/5/4 3054/5/4
f 3048/5/4 3049/5/4 3055/5/4
f 3053/3/4 3044/3/4 3058/3/4
f 3052/5/4 3053/5/4 3058/5/4
f 3054/5/4 3055/5/4 3059/5/4
f 3058/3/4 3044/3/4 3059/3/4
f 3044/5/4 3054/5/4 3059/5/4
f 3056/2/4 3057/2/4 3060/2/4
f 3060/2/4 3057/2/4 3061/2/4
f 3056/2/4 3060/2/4 3064/2/4
f 3064/2/4 3060/2/4 3065/2/4
f 3052/5/4 3058/5/4 3066/5/4
f 2974/5/4 3003/5/4 3066/5/4
f 3021/5/4 3030/5/4 3066/5/4
f 3003/5/4 3021/5/4 3066/5/4
f 3030/5/4 3052/5/4 3066/5/4
f 3058/5/4 3059/5/4 3066/5/4
f 3059/5/4 3055/5/4 3067/5/4
f 3066/5/4 3059/5/4 3067/5/4
f 3049/5/4 3027/5/4 3067/5/4
f 3055/5/4 3049/5/4 3067/5/4
f 3062/6/4 3063/6/4 3068/6/4
f 3068/6/4 3063/6/4 3069/6/4
f 3072/6/4 3073/6/4 3076/6/4
f 3076/6/4 3073/6/4 3077/6/4
f 3074/6/4 3075/6/4 3078/6/4
f 3078/6/4 3075/6/4 3079/6/4
f 3082/6/4 3083/6/4 3084/6/4
f 3084/6/4 3083/6/4 3085/6/4
f 3085/2/4 3086/2/4 3087/2/4
f 3087/2/4 3086/2/4 3088/2/4
f 3087/4/4 3088/4/4 3089/4/4
f 3088/2/4 3086/2/4 3090/2/4
f 3089/4/4 3088/4/4 3090/4/4
f 3090/2/4 3086/2/4 3093/2/4
f 3093/2/4 3086/2/4 3094/2/4
f 3070/6/4 3071/6/4 3095/6/4
f 3095/6/4 3071/6/4 3096/6/4
f 3080/6/4 3081/6/4 3097/6/4
f 3097/6/4 3081/6/4 3098/6/4
f 3091/6/4 3092/6/4 3099/6/4
f 3099/6/4 3092/6/4 3100/6/4
f 3101/6/4 3102/6/4 3103/6/4
f 3103/6/4 3102/6/4 3104/6/4
f 3105/2/4 3106/2/4 3107/2/4
f 3105/2/4 3107/2/4 3109/2/4
f 3107/2/4 3108/2/4 3109/2/4
f 3109/2/4 3108/2/4 3110/2/4
f 3111/5/4 3112/5/4 3113/5/4
f 3113/5/4 3112/5/4 3114/5/4
f 3115/6/4 3116/6/4 3117/6/4
f 3117/6/4 3116/6/4 3118/6/4
f 3121/5/4 3122/5/4 3123/5/4
f 3123/5/4 3122/5/4 3124/5/4
f 3119/6/4 3120/6/4 3125/6/4
f 3125/6/4 3120/6/4 3126/6/4
f 3127/5/4 3128/5/4 3129/5/4
f 3129/5/4 3128/5/4 3130/5/4
f 3130/5/4 3131/5/4 3132/5/4
f 3132/5/4 3131/5/4 3133/5/4
f 3134/6/4 3135/6/4 3136/6/4
f 3136/6/4 3135/6/4 3137/6/4
f 3140/5/4 3141/5/4 3142/5/4
f 3142/5/4 3141/5/4 3143/5/4
f 3138/6/4 3139/6/4 3144/6/4
f 3144/6/4 3139/6/4 3145/6/4
f 3146/5/4 3147/5/4 3148/5/4
f 3148/5/4 3147/5/4 3149/5/4
f 3150/5/4 3151/5/4 3152/5/4
f 3150/5/4 3152/5/4 3154/5/4
f 3152/6/4 3153/6/4 3154/6/4
f 3154/6/4 3153/6/4 3155/6/4
f 3150/5/4 3154/5/4 3156/5/4
f 3156/5/4 3154/5/4 3157/5/4
f 3158/6/4 3159/6/4 3160/6/4
f 3160/6/4 3159/6/4 3161/6/4
f 3162/5/4 3163/5/4 3164/5/4
f 3164/5/4 3163/5/4 3165/5/4
f 3166/6/4 3167/6/4 3168/6/4
f 3168/6/4 3167/6/4 3169/6/4
f 3170/5/4 3171/5/4 3172/5/4
f 3172/5/4 3171/5/4 3173/5/4
f 3174/5/4 3175/5/4 3176/5/4
f 3176/5/4 3175/5/4 3177/5/4
f 3178/5/4 3179/5/4 3180/5/4
f 3180/5/4 3179/5/4 3181/5/4
f 3182/5/4 3183/5/4 3184/5/4
f 3184/5/4 3183/5/4 3185/5/4
f 3186/6/4 3187/6/4 3188/6/4
f 3188/6/4 3187/6/4 3189/6/4
f 3190/5/4 3191/5/4 3192/5/4
f 3192/5/4 3191/5/4 3193/5/4
f 3194/5/4 3195/5/4 3196/5/4
f 3196/5/4 3195/5/4 3197/5/4
f 3198/6/4 3199/6/4 3200/6/4
f 3200/6/4 3199/6/4 3201/6/4
f 3202/6/4 3203/6/4 3204/6/4
f 3204/6/4 3203/6/4 3205/6/4
f 3206/5/4 3207/5/4 3208/5/4
f 3208/5/4 3207/5/4 3209/5/4
f 3214/5/5 3211/5/5 3210/5/5
f 3215/5/5 3211/5/5 3214/5/5
f 3218/6/5 3213/6/5 3212/6/5
f 3219/6/5 3213/6/5 3218/6/5
f 3226/5/5 3221/5/5 3220/5/5
f 3227/5/5 3221/5/5 3226/5/5
f 3228/6/5 3225/6/5 3224/6/5
f 3229/6/5 3225/6/5 3228/6/5
f 3234/5/5 3223/5/5 3222/5/5
f 3235/5/5 3223/5/5 3234/5/5
f 3236/5/5 3231/5/5 3230/5/5
f 3237/5/5 3231/5/5 3236/5/5
f 3238/6/5 3233/6/5 3232/6/5
f 3239/6/5 3233/6/5 3238/6/5
f 3246/5/5 3217/5/5 3216/5/5
f 3247/5/5 3217/5/5 3246/5/5
f 3248/6/5 3241/6/5 3240/6/5
f 3249/6/5 3241/6/5 3248/6/5
f 3250/5/5 3243/5/5 3242/5/5
f 3251/5/5 3243/5/5 3250/5/5
f 3256/5/5 3253/5/5 3252/5/5
f 3257/5/5 3253/5/5 3256/5/5
f 3258/6/5 3255/6/5 3254/6/5
f 3259/6/5 3255/6/5 3258/6/5
f 3263/5/5 3245/5/5 3244/5/5
f 3264/5/5 3245/5/5 3263/5/5
f 3265/5/5 3261/5/5 3260/5/5
f 3266/6/5 3262/6/5 3261/6/5
f 3266/5/5 3261/5/5 3265/5/5
f 3269/5/5 3268/5/5 3267/5/5
f 3270/5/5 3268/5/5 3269/5/5
f 3275/6/5 3262/6/5 3266/6/5
f 3276/6/5 3262/6/5 3275/6/5
f 3277/6/5 3272/6/5 3271/6/5
f 3278/6/5 3272/6/5 3277/6/5
f 3280/6/5 3262/6/5 3276/6/5
f 3283/6/5 3274/6/5 3273/6/5
f 3284/6/5 3274/6/5 3283/6/5
f 3286/6/5 3280/6/5 3279/6/5
f 3287/5/5 3282/5/5 3281/5/5
f 3288/5/5 3282/5/5 3287/5/5
f 3295/5/5 3290/5/5 3289/5/5
f 3296/5/5 3290/5/5 3295/5/5
f 3297/6/5 3292/6/5 3291/6/5
f 3298/6/5 3292/6/5 3297/6/5
f 3299/6/5 3294/6/5 3293/6/5
f 3300/6/5 3294/6/5 3299/6/5
f 3301/6/5 3286/6/5 3285/6/5
f 3302/6/5 3280/6/5 3286/6/5
f 3302/6/5 3286/6/5 3301/6/5
f 3307/5/5 3304/5/5 3303/5/5
f 3308/5/5 3304/5/5 3307/5/5
f 3312/6/5 3280/6/5 3302/6/5
f 3317/6/5 3310/6/5 3309/6/5
f 3318/6/5 3310/6/5 3317/6/5
f 3319/5/5 3314/5/5 3313/5/5
f 3320/5/5 3314/5/5 3319/5/5
f 3321/5/5 3306/5/5 3305/5/5
f 3322/5/5 3306/5/5 3321/5/5
f 3323/6/5 3312/6/5 3311/6/5
f 3323/6/5 3280/6/5 3312/6/5
f 3324/6/5 3262/6/5 3280/6/5
f 3324/6/5 3280/6/5 3323/6/5
f 3325/6/5 3316/6/5 3315/6/5
f 3326/6/5 3316/6/5 3325/6/5
f 3329/6/5 3328/6/5 3327/6/5
f 3330/6/5 3328/6/5 3329/6/5
f 3335/6/5 3323/6/5 3311/6/5
f 3336/6/5 3262/6/5 3324/6/5
f 3337/5/5 3332/5/5 3331/5/5
f 3338/5/5 3332/5/5 3337/5/5
f 3341/6/5 3334/6/5 3333/6/5
f 3342/6/5 3334/6/5 3341/6/5
f 3343/6/5 3335/6/5 3311/6/5
f 3343/6/5 3336/6/5 3335/6/5
f 3344/6/5 3336/6/5 3343/6/5
f 3352/6/5 3336/6/5 3344/6/5
f 3353/6/5 3336/6/5 3352/6/5
f 3354/6/5 3262/6/5 3336/6/5
f 3354/6/5 3336/6/5 3353/6/5
f 3355/6/5 3346/6/5 3345/6/5
f 3356/6/5 3346/6/5 3355/6/5
f 3357/6/5 3348/6/5 3347/6/5
f 3358/6/5 3348/6/5 3357/6/5
f 3359/5/5 3350/5/5 3349/5/5
f 3360/5/5 3350/5/5 3359/5/5
f 3361/6/5 3353/6/5 3352/6/5
f 3361/6/5 3352/6/5 3351/6/5
f 3362/6/5 3262/6/5 3354/6/5
f 3365/6/5 3362/6/5 3361/6/5
f 3365/6/5 3361/6/5 3351/6/5
f 3366/6/5 3362/6/5 3365/6/5
f 3367/6/5 3262/6/5 3362/6/5
f 3367/6/5 3362/6/5 3366/6/5
f 3368/6/5 3262/6/5 3367/6/5
f 3373/5/5 3340/5/5 3339/5/5
f 3374/5/5 3340/5/5 3373/5/5
f 3375/6/5 3364/6/5 3363/6/5
f 3376/6/5 3364/6/5 3375/6/5
f 3377/5/5 3370/5/5 3369/5/5
f 3378/5/5 3370/5/5 3377/5/5
f 3379/5/5 3372/5/5 3371/5/5
f 3380/5/5 3372/5/5 3379/5/5
f 3387/6/5 3367/6/5 3366/6/5
f 3388/6/5 3382/6/5 3381/6/5
f 3389/6/5 3382/6/5 3388/6/5
f 3390/5/5 3384/5/5 3383/5/5
f 3391/6/5 3385/6/5 3384/6/5
f 3391/5/5 3384/5/5 3390/5/5
f 3392/6/5 3385/6/5 3391/6/5
f 3395/5/5 3394/5/5 3393/5/5
f 3396/5/5 3394/5/5 3395/5/5
f 3398/6/5 3387/6/5 3386/6/5
f 3399/6/5 3367/6/5 3387/6/5
f 3399/6/5 3387/6/5 3398/6/5
f 3401/6/5 3400/6/5 3399/6/5
f 3401/6/5 3399/6/5 3398/6/5
f 3401/6/5 3398/6/5 3397/6/5
f 3405/6/5 3402/6/5 3401/6/5
f 3409/6/5 3404/6/5 3403/6/5
f 3410/6/5 3404/6/5 3409/6/5
f 3413/6/5 3406/6/5 3405/6/5
f 3415/6/5 3408/6/5 3407/6/5
f 3416/6/5 3408/6/5 3415/6/5
f 3417/5/5 3412/5/5 3411/5/5
f 3418/5/5 3412/5/5 3417/5/5
f 3419/6/5 3401/6/5 3397/6/5
f 3419/6/5 3414/6/5 3413/6/5
f 3419/6/5 3405/6/5 3401/6/5
f 3419/6/5 3413/6/5 3405/6/5
f 3420/6/5 3414/6/5 3419/6/5
f 3427/5/5 3422/5/5 3421/5/5
f 3428/5/5 3422/5/5 3427/5/5
f 3435/5/5 3426/5/5 3425/5/5
f 3436/5/5 3426/5/5 3435/5/5
f 3437/5/5 3430/5/5 3429/5/5
f 3438/5/5 3430/5/5 3437/5/5
f 3441/5/5 3434/5/5 3433/5/5
f 3442/5/5 3434/5/5 3441/5/5
f 3445/5/5 3430/5/5 3438/5/5
f 3446/5/5 3430/5/5 3445/5/5
f 3447/5/5 3424/5/5 3423/5/5
f 3448/5/5 3424/5/5 3447/5/5
f 3449/6/5 3440/6/5 3439/6/5
f 3450/6/5 3440/6/5 3449/6/5
f 3451/5/5 3432/5/5 3431/5/5
f 3452/5/5 3432/5/5 3451/5/5
f 3454/5/5 3444/5/5 3443/5/5
f 3461/6/5 3454/6/5 3453/6/5
f 3462/5/5 3444/5/5 3454/5/5
f 3462/6/5 3454/6/5 3461/6/5
f 3463/5/5 3456/5/5 3455/5/5
f 3464/5/5 3456/5/5 3463/5/5
f 3467/5/5 3458/5/5 3457/5/5
f 3468/5/5 3458/5/5 3467/5/5
f 3469/5/5 3460/5/5 3459/5/5
f 3470/5/5 3460/5/5 3469/5/5
f 3471/5/5 3444/5/5 3462/5/5
f 3472/5/5 3444/5/5 3471/5/5
f 3473/6/5 3466/6/5 3465/6/5
f 3474/6/5 3466/6/5 3473/6/5
f 3481/5/5 3476/5/5 3475/5/5
f 3482/5/5 3476/5/5 3481/5/5
f 3483/5/5 3478/5/5 3477/5/5
f 3484/5/5 3478/5/5 3483/5/5
f 3485/6/5 3480/6/5 3479/6/5
f 3486/6/5 3480/6/5 3485/6/5
f 3491/6/5 3488/6/5 3487/6/5
f 3492/6/5 3488/6/5 3491/6/5
f 3493/5/5 3490/5/5 3489/5/5
f 3494/5/5 3490/5/5 3493/5/5
f 3497/5/5 3496/5/5 3495/5/5
f 3498/5/5 3496/5/5 3497/5/5
f 3501/5/5 3500/5/5 3499/5/5
f 3502/5/5 3500/5/5 3501/5/5
f 3505/4/5 3504/4/5 3503/4/5
f 3506/4/5 3504/4/5 3505/4/5
f 3509/5/5 3508/5/5 3507/5/5
f 3510/5/5 3508/5/5 3509/5/5
f 3513/5/5 3512/5/5 3511/5/5
f 3514/5/5 3512/5/5 3513/5/5
f 3517/5/5 3516/5/5 3515/5/5
f 3518/5/5 3516/5/5 3517/5/5
f 3521/5/5 3520/5/5 3519/5/5
f 3522/5/5 3520/5/5 3521/5/5
f 3525/5/5 3524/5/5 3523/5/5
f 3526/5/5 3524/5/5 3525/5/5
f 3529/5/5 3528/5/5 3527/5/5
f 3530/5/5 3528/5/5 3529/5/5
f 3533/5/5 3532/5/5 3531/5/5
f 3534/5/5 3532/5/5 3533/5/5
f 3537/5/5 3536/5/5 3535/5/5
f 3538/5/5 3536/5/5 3537/5/5
f 3541/5/5 3540/5/5 3539/5/5
f 3542/5/5 3540/5/5 3541/5/5
f 3545/5/5 3544/5/5 3543/5/5
f 3546/5/5 3544/5/5 3545/5/5
f 3549/5/5 3548/5/5 3547/5/5
f 3550/5/5 3548/5/5 3549/5/5
f 3553/5/5 3552/5/5 3551/5/5
f 3554/5/5 3552/5/5 3553/5/5
f 3559/5/5 3556/5/5 3555/5/5
f 3560/5/5 3556/5/5 3559/5/5
f 3561/5/5 3558/5/5 3557/5/5
f 3562/5/5 3558/5/5 3561/5/5
f 3565/5/5 3564/5/5 3563/5/5
f 3566/5/5 3564/5/5 3565/5/5
f 3569/5/5 3568/5/5 3567/5/5
f 3570/5/5 3568/5/5 3569/5/5
f 3573/5/5 3572/5/5 3571/5/5
f 3574/5/5 3572/5/5 3573/5/5
f 3577/5/5 3576/5/5 3575/5/5
f 3578/5/5 3576/5/5 3577/5/5
f 3581/5/5 3580/5/5 3579/5/5
f 3582/5/5 3580/5/5 3581/5/5
f 3587/5/5 3584/5/5 3583/5/5
f 3588/5/5 3584/5/5 3587/5/5
f 3589/5/5 3586/5/5 3585/5/5
f 3590/5/5 3586/5/5 3589/5/5
f 3593/5/5 3592/5/5 3591/5/5
f 3594/5/5 3592/5/5 3593/5/5
f 3597/5/5 3596/5/5 3595/5/5
f 3598/5/5 3596/5/5 3597/5/5
f 3601/5/5 3600/5/5 3599/5/5
f 3602/5/5 3600/5/5 3601/5/5
f 3605/5/5 3604/5/5 3603/5/5
f 3606/5/5 3604/5/5 3605/5/5
f 3609/5/5 3608/5/5 3607/5/5
f 3610/5/5 3608/5/5 3609/5/5
f 3613/5/5 3612/5/5 3611/5/5
f 3614/5/5 3612/5/5 3613/5/5
f 3617/5/5 3616/5/5 3615/5/5
f 3618/5/5 3616/5/5 3617/5/5
f 3621/5/5 3620/5/5 3619/5/5
f 3622/5/5 3620/5/5 3621/5/5
f 3625/6/5 3624/6/5 3623/6/5
f 3626/6/5 3624/6/5 3625/6/5
f 3629/6/5 3628/6/5 3627/6/5
f 3630/6/5 3628/6/5 3629/6/5
f 3633/6/5 3632/6/5 3631/6/5
f 3634/6/5 3632/6/5 3633/6/5
f 3635/6/5 3633/6/5 3631/6/5
f 3636/6/5 3633/6/5 3635/6/5
f 3637/6/5 3635/6/5 3631/6/5
f 3638/6/5 3635/6/5 3637/6/5
f 3640/6/5 3632/6/5 3634/6/5
f 3641/6/5 3637/6/5 3631/6/5
f 3642/6/5 3637/6/5 3641/6/5
f 3644/6/5 3637/6/5 3642/6/5
f 3645/6/5 3640/6/5 3639/6/5
f 3646/6/5 3632/6/5 3640/6/5
f 3646/6/5 3640/6/5 3645/6/5
f 3647/6/5 3628/6/5 3630/6/5
f 3648/6/5 3644/6/5 3643/6/5
f 3649/6/5 3644/6/5 3648/6/5
f 3651/6/5 3644/6/5 3649/6/5
f 3654/6/5 3628/6/5 3647/6/5
f 3655/6/5 3651/6/5 3650/6/5
f 3656/6/5 3637/6/5 3644/6/5
f 3656/6/5 3651/6/5 3655/6/5
f 3656/6/5 3644/6/5 3651/6/5
f 3657/6/5 3653/6/5 3652/6/5
f 3658/6/5 3653/6/5 3657/6/5
f 3662/6/5 3628/6/5 3654/6/5
f 3663/6/5 3660/6/5 3659/6/5
f 3664/6/5 3660/6/5 3663/6/5
f 3665/6/5 3662/6/5 3661/6/5
f 3666/6/5 3628/6/5 3662/6/5
f 3666/6/5 3662/6/5 3665/6/5
f 3669/6/5 3668/6/5 3667/6/5
f 3670/6/5 3668/6/5 3669/6/5
f 3673/6/5 3672/6/5 3671/6/5
f 3674/6/5 3672/6/5 3673/6/5
f 3677/6/5 3676/6/5 3675/6/5
f 3678/6/5 3676/6/5 3677/6/5
f 3679/6/5 3677/6/5 3675/6/5
f 3680/6/5 3677/6/5 3679/6/5
f 3683/6/5 3682/6/5 3681/6/5
f 3685/6/5 3684/6/5 3683/6/5
f 3686/6/5 3685/6/5 3683/6/5
f 3687/6/5 3683/6/5 3681/6/5
f 3687/6/5 3686/6/5 3683/6/5
f 3688/6/5 3686/6/5 3687/6/5
f 3695/6/5 3691/6/5 3690/6/5
f 3695/6/5 3690/6/5 3689/6/5
f 3696/6/5 3691/6/5 3695/6/5
f 3697/6/5 3695/6/5 3689/6/5
f 3698/6/5 3695/6/5 3697/6/5
f 3699/6/5 3693/6/5 3692/6/5
f 3699/6/5 3694/6/5 3693/6/5
f 3700/6/5 3694/6/5 3699/6/5
f 3703/6/5 3702/6/5 3701/6/5
f 3704/6/5 3702/6/5 3703/6/5
f 3707/6/5 3706/6/5 3705/6/5
f 3716/6/5 3713/6/5 3712/6/5
f 3717/6/5 3713/6/5 3716/6/5
f 3718/6/5 3715/6/5 3714/6/5
f 3719/6/5 3715/6/5 3718/6/5
f 3720/6/5 3707/6/5 3705/6/5
f 3720/6/5 3708/6/5 3707/6/5
f 3721/6/5 3708/6/5 3720/6/5
f 3723/6/5 3708/6/5 3721/6/5
f 3724/6/5 3723/6/5 3722/6/5
f 3725/6/5 3708/6/5 3723/6/5
f 3725/6/5 3723/6/5 3724/6/5
f 3728/6/5 3727/6/5 3726/6/5
f 3729/6/5 3727/6/5 3728/6/5
f 3730/6/5 3710/6/5 3709/6/5
f 3730/6/5 3711/6/5 3710/6/5
f 3731/6/5 3711/6/5 3730/6/5
f 3732/6/5 3711/6/5 3731/6/5
f 3733/6/5 3711/6/5 3732/6/5
f 3734/6/5 3730/6/5 3709/6/5
f 3735/6/5 3730/6/5 3734/6/5
f 3736/6/5 3732/6/5 3731/6/5
f 3737/6/5 3732/6/5 3736/6/5
f 3738/6/5 3711/6/5 3733/6/5
f 3739/6/5 3711/6/5 3738/6/5
f 3744/6/5 3741/6/5 3740/6/5
f 3745/6/5 3741/6/5 3744/6/5
f 3746/6/5 3743/6/5 3742/6/5
f 3747/6/5 3743/6/5 3746/6/5
f 3750/6/5 3749/6/5 3748/6/5
f 3751/6/5 3749/6/5 3750/6/5
f 3754/6/5 3753/6/5 3752/6/5
f 3755/6/5 3753/6/5 3754/6/5
f 3760/6/5 3757/6/5 3756/6/5
f 3761/6/5 3757/6/5 3760/6/5
f 3762/6/5 3759/6/5 3758/6/5
f 3763/6/5 3759/6/5 3762/6/5
f 3766/6/5 3765/6/5 3764/6/5
f 3767/6/5 3765/6/5 3766/6/5
f 3770/6/5 3769/6/5 3768/6/5
f 3771/6/5 3769/6/5 3770/6/5
f 3774/6/5 3773/6/5 3772/6/5
f 3775/6/5 3773/6/5 3774/6/5
f 3778/6/5 3777/6/5 3776/6/5
f 3779/6/5 3777/6/5 3778/6/5
f 3780/5/6 3781/5/6 3784/5/6
f 3784/5/6 3781/5/6 3785/5/6
f 3782/6/6 3783/6/6 3788/6/6
f 3788/6/6 3783/6/6 3789/6/6
f 3790/5/6 3791/5/6 3796/5/6
f 3796/5/6 3791/5/6 3797/5/6
f 3794/6/6 3795/6/6 3798/6/6
f 3798/6/6 3795/6/6 3799/6/6
f 3792/5/6 3793/5/6 3804/5/6
f 3804/5/6 3793/5/6 3805/5/6
f 3800/5/6 3801/5/6 3806/5/6
f 3806/5/6 3801/5/6 3807/5/6
f 3802/6/6 3803/6/6 3808/6/6
f 3808/6/6 3803/6/6 3809/6/6
f 3786/5/6 3787/5/6 3816/5/6
f 3816/5/6 3787/5/6 3817/5/6
f 3810/6/6 3811/6/6 3818/6/6
f 3818/6/6 3811/6/6 3819/6/6
f 3812/5/6 3813/5/6 3820/5/6
f 3820/5/6 3813/5/6 3821/5/6
f 3822/5/6 3823/5/6 3826/5/6
f 3826/5/6 3823/5/6 3827/5/6
f 3824/6/6 3825/6/6 3828/6/6
f 3828/6/6 3825/6/6 3829/6/6
f 3814/5/6 3815/5/6 3834/5/6
f 3834/5/6 3815/5/6 3835/5/6
f 3830/6/6 3831/6/6 3837/6/6
f 3837/6/6 3831/6/6 3838/6/6
f 3840/5/6 3841/5/6 3842/5/6
f 3842/5/6 3841/5/6 3843/5/6
f 3846/6/6 3847/6/6 3848/6/6
f 3848/6/6 3847/6/6 3849/6/6
f 3836/6/6 3837/6/6 3850/6/6
f 3850/6/6 3837/6/6 3851/6/6
f 3851/6/6 3837/6/6 3852/6/6
f 3838/6/6 3839/6/6 3853/6/6
f 3844/6/6 3845/6/6 3854/6/6
f 3854/6/6 3845/6/6 3855/6/6
f 3851/6/6 3852/6/6 3857/6/6
f 3852/6/6 3853/6/6 3857/6/6
f 3857/6/6 3853/6/6 3858/6/6
f 3849/6/6 3847/6/6 3860/6/6
f 3856/6/6 3857/6/6 3861/6/6
f 3861/6/6 3857/6/6 3862/6/6
f 3859/6/6 3860/6/6 3865/6/6
f 3860/6/6 3847/6/6 3866/6/6
f 3865/6/6 3860/6/6 3866/6/6
f 3863/5/6 3864/5/6 3869/5/6
f 3869/5/6 3864/5/6 3870/5/6
f 3858/6/6 3853/6/6 3876/6/6
f 3871/5/6 3872/5/6 3879/5/6
f 3879/5/6 3872/5/6 3880/5/6
f 3873/6/6 3874/6/6 3881/6/6
f 3881/6/6 3874/6/6 3882/6/6
f 3867/6/6 3868/6/6 3883/6/6
f 3875/6/6 3876/6/6 3884/6/6
f 3884/6/6 3876/6/6 3885/6/6
f 3853/6/6 3839/6/6 3886/6/6
f 3885/6/6 3876/6/6 3886/6/6
f 3876/6/6 3853/6/6 3886/6/6
f 3877/6/6 3878/6/6 3887/6/6
f 3887/6/6 3878/6/6 3888/6/6
f 3884/6/6 3885/6/6 3889/6/6
f 3867/6/6 3883/6/6 3889/6/6
f 3883/6/6 3884/6/6 3889/6/6
f 3889/6/6 3885/6/6 3890/6/6
f 3886/6/6 3839/6/6 3895/6/6
f 3895/6/6 3839/6/6 3896/6/6
f 3891/5/6 3892/5/6 3897/5/6
f 3897/5/6 3892/5/6 3898/5/6
f 3890/6/6 3885/6/6 3902/6/6
f 3893/5/6 3894/5/6 3908/5/6
f 3899/6/6 3900/6/6 3909/6/6
f 3909/6/6 3900/6/6 3910/6/6
f 3903/5/6 3904/5/6 3911/5/6
f 3911/5/6 3904/5/6 3912/5/6
f 3907/5/6 3908/5/6 3913/5/6
f 3908/5/6 3894/5/6 3914/5/6
f 3913/5/6 3908/5/6 3914/5/6
f 3901/6/6 3902/6/6 3915/6/6
f 3902/6/6 3885/6/6 3915/6/6
f 3915/6/6 3885/6/6 3916/6/6
f 3916/6/6 3885/6/6 3917/6/6
f 3905/6/6 3906/6/6 3919/6/6
f 3919/6/6 3906/6/6 3920/6/6
f 3917/6/6 3918/6/6 3923/6/6
f 3916/6/6 3917/6/6 3923/6/6
f 3921/6/6 3922/6/6 3924/6/6
f 3924/6/6 3922/6/6 3925/6/6
f 3901/6/6 3915/6/6 3930/6/6
f 3916/6/6 3923/6/6 3931/6/6
f 3931/6/6 3923/6/6 3932/6/6
f 3896/6/6 3839/6/6 3933/6/6
f 3928/6/6 3929/6/6 3935/6/6
f 3926/5/6 3927/5/6 3936/5/6
f 3936/5/6 3927/5/6 3937/5/6
f 3934/6/6 3935/6/6 3940/6/6
f 3935/6/6 3929/6/6 3941/6/6
f 3940/6/6 3935/6/6 3941/6/6
f 3931/6/6 3932/6/6 3942/6/6
f 3901/6/6 3930/6/6 3942/6/6
f 3930/6/6 3931/6/6 3942/6/6
f 3932/6/6 3933/6/6 3942/6/6
f 3942/6/6 3933/6/6 3943/6/6
f 3938/5/6 3939/5/6 3949/5/6
f 3949/5/6 3939/5/6 3950/5/6
f 3943/6/6 3933/6/6 3954/6/6
f 3954/6/6 3933/6/6 3955/6/6
f 3955/6/6 3933/6/6 3956/6/6
f 3944/6/6 3945/6/6 3957/6/6
f 3957/6/6 3945/6/6 3958/6/6
f 3946/6/6 3947/6/6 3959/6/6
f 3959/6/6 3947/6/6 3960/6/6
f 3948/5/6 3949/5/6 3961/5/6
f 3950/5/6 3939/5/6 3962/5/6
f 3951/5/6 3952/5/6 3963/5/6
f 3963/5/6 3952/5/6 3964/5/6
f 3954/6/6 3955/6/6 3965/6/6
f 3953/6/6 3954/6/6 3965/6/6
f 3956/6/6 3933/6/6 3966/6/6
f 3965/6/6 3966/6/6 3967/6/6
f 3953/6/6 3965/6/6 3967/6/6
f 3967/6/6 3966/6/6 3968/6/6
f 3966/6/6 3933/6/6 3969/6/6
f 3968/6/6 3966/6/6 3969/6/6
f 3933/6/6 3839/6/6 3970/6/6
f 3969/6/6 3933/6/6 3970/6/6
f 3832/6/6 3833/6/6 3971/6/6
f 3971/6/6 3833/6/6 3972/6/6
f 3961/5/6 3962/5/6 3977/5/6
f 3948/5/6 3961/5/6 3977/5/6
f 3962/5/6 3939/5/6 3978/5/6
f 3977/5/6 3962/5/6 3978/5/6
f 3973/5/6 3974/5/6 3979/5/6
f 3979/5/6 3974/5/6 3980/5/6
f 3975/5/6 3976/5/6 3981/5/6
f 3981/5/6 3976/5/6 3982/5/6
f 3968/6/6 3969/6/6 3988/6/6
f 3983/6/6 3984/6/6 3989/6/6
f 3989/6/6 3984/6/6 3990/6/6
f 3985/5/6 3986/5/6 3991/5/6
f 3991/5/6 3986/5/6 3992/5/6
f 3987/6/6 3988/6/6 3995/6/6
f 3988/6/6 3969/6/6 3995/6/6
f 3995/6/6 3969/6/6 3996/6/6
f 3993/5/6 3994/5/6 3997/5/6
f 3997/5/6 3994/5/6 3998/5/6
f 3987/6/6 3995/6/6 4000/6/6
f 3996/6/6 3969/6/6 4001/6/6
f 4001/6/6 4002/6/6 4003/6/6
f 4003/6/6 4004/6/6 4007/6/6
f 4005/6/6 4006/6/6 4011/6/6
f 4011/6/6 4006/6/6 4012/6/6
f 3999/6/6 4000/6/6 4015/6/6
f 4000/6/6 3995/6/6 4015/6/6
f 3996/6/6 4001/6/6 4016/6/6
f 4001/6/6 4003/6/6 4016/6/6
f 4003/6/6 4007/6/6 4016/6/6
f 4007/6/6 4008/6/6 4016/6/6
f 4009/6/6 4010/6/6 4019/6/6
f 4019/6/6 4010/6/6 4020/6/6
f 4013/5/6 4014/5/6 4021/5/6
f 4021/5/6 4014/5/6 4022/5/6
f 3999/6/6 4015/6/6 4023/6/6
f 4015/6/6 4016/6/6 4023/6/6
f 4016/6/6 4008/6/6 4024/6/6
f 4023/6/6 4016/6/6 4024/6/6
f 4017/6/6 4018/6/6 4026/6/6
f 4025/6/6 4026/6/6 4027/6/6
f 4026/6/6 4018/6/6 4028/6/6
f 4027/6/6 4026/6/6 4028/6/6
f 4029/5/6 4030/5/6 4035/5/6
f 4035/5/6 4030/5/6 4036/5/6
f 4031/5/6 4032/5/6 4039/5/6
f 4039/5/6 4032/5/6 4040/5/6
f 4033/5/6 4034/5/6 4045/5/6
f 4045/5/6 4034/5/6 4046/5/6
f 4037/5/6 4038/5/6 4047/5/6
f 4047/5/6 4038/5/6 4048/5/6
f 4031/5/6 4039/5/6 4050/5/6
f 4050/5/6 4039/5/6 4051/5/6
f 4043/5/6 4044/5/6 4055/5/6
f 4055/5/6 4044/5/6 4056/5/6
f 4048/5/6 4049/5/6 4059/5/6
f 4059/5/6 4049/5/6 4060/5/6
f 4031/5/6 4050/5/6 4061/5/6
f 4061/5/6 4050/5/6 4062/5/6
f 4051/5/6 4052/5/6 4063/5/6
f 4063/5/6 4052/5/6 4064/5/6
f 4053/6/6 4054/6/6 4065/6/6
f 4065/6/6 4054/6/6 4066/6/6
f 4041/5/6 4042/5/6 4067/5/6
f 4067/5/6 4042/5/6 4068/5/6
f 4057/5/6 4058/5/6 4070/5/6
f 4069/6/6 4070/6/6 4077/6/6
f 4070/5/6 4058/5/6 4078/5/6
f 4077/6/6 4070/6/6 4078/6/6
f 4071/5/6 4072/5/6 4079/5/6
f 4079/5/6 4072/5/6 4080/5/6
f 4073/5/6 4074/5/6 4083/5/6
f 4083/5/6 4074/5/6 4084/5/6
f 4075/5/6 4076/5/6 4085/5/6
f 4085/5/6 4076/5/6 4086/5/6
f 4078/5/6 4058/5/6 4087/5/6
f 4087/5/6 4058/5/6 4088/5/6
f 4081/6/6 4082/6/6 4089/6/6
f 4089/6/6 4082/6/6 4090/6/6
f 4091/5/6 4092/5/6 4097/5/6
f 4097/5/6 4092/5/6 4098/5/6
f 4093/5/6 4094/5/6 4099/5/6
f 4099/5/6 4094/5/6 4100/5/6
f 4095/6/6 4096/6/6 4101/6/6
f 4101/6/6 4096/6/6 4102/6/6
f 4103/6/6 4104/6/6 4107/6/6
f 4107/6/6 4104/6/6 4108/6/6
f 4105/5/6 4106/5/6 4109/5/6
f 4109/5/6 4106/5/6 4110/5/6
f 4111/1/6 4112/1/6 4115/1/6
f 4115/1/6 4112/1/6 4116/1/6
f 4113/5/6 4114/5/6 4117/5/6
f 4117/5/6 4114/5/6 4118/5/6
f 4113/5/6 4117/5/6 4119/5/6
f 4119/5/6 4117/5/6 4120/5/6
f 4121/6/6 4122/6/6 4123/6/6
f 4123/6/6 4124/6/6 4127/6/6
f 4125/6/6 4126/6/6 4128/6/6
f 4121/6/6 4123/6/6 4129/6/6
f 4127/6/6 4128/6/6 4129/6/6
f 4123/6/6 4127/6/6 4129/6/6
f 4128/6/6 4126/6/6 4130/6/6
f 4129/6/6 4128/6/6 4130/6/6
f 4133/6/6 4134/6/6 4135/6/6
f 4135/6/6 4134/6/6 4136/6/6
f 4131/6/6 4132/6/6 4141/6/6
f 4131/6/6 4141/6/6 4145/6/6
f 4145/6/6 4141/6/6 4146/6/6
f 4142/4/6 4143/4/6 4147/4/6
f 4137/6/6 4138/6/6 4148/6/6
f 4148/6/6 4138/6/6 4149/6/6
f 4139/6/6 4140/6/6 4150/6/6
f 4145/6/6 4146/6/6 4151/6/6
f 4144/6/6 4145/6/6 4151/6/6
f 4151/6/6 4146/6/6 4152/6/6
f 4147/4/6 4143/4/6 4153/4/6
f 4139/6/6 4150/6/6 4154/6/6
f 4151/6/6 4152/6/6 4154/6/6
f 4150/6/6 4151/6/6 4154/6/6
f 4152/4/6 4153/4/6 4155/4/6
f 4154/6/6 4152/6/6 4155/6/6
f 4153/4/6 4143/4/6 4156/4/6
f 4155/4/6 4153/4/6 4156/4/6
f 4156/4/6 4143/4/6 4157/4/6
f 4155/6/6 4156/6/6 4159/6/6
f 4157/4/6 4158/4/6 4160/4/6
f 4159/6/6 4156/6/6 4160/6/6
f 4156/4/6 4157/4/6 4160/4/6
f 4160/4/6 4158/4/6 4161/4/6
f 4161/4/6 4158/4/6 4162/4/6
f 4163/5/6 4164/5/6 4165/5/6
f 4165/5/6 4164/5/6 4166/5/6
f 4167/6/6 4168/6/6 4169/6/6
f 4169/6/6 4168/6/6 4170/6/6
f 4170/6/6 4171/6/6 4172/6/6
f 4172/6/6 4171/6/6 4173/6/6
f 4174/5/6 4175/5/6 4176/5/6
f 4176/5/6 4175/5/6 4177/5/6
f 4178/5/6 4179/5/6 4180/5/6
f 4180/5/6 4179/5/6 4181/5/6
f 4182/5/6 4183/5/6 4186/5/6
f 4186/5/6 4183/5/6 4187/5/6
f 4184/5/6 4185/5/6 4188/5/6
f 4188/5/6 4185/5/6 4189/5/6
f 4189/5/6 4185/5/6 4190/5/6
f 4190/5/6 4185/5/6 4191/5/6
f 4192/5/6 4193/5/6 4196/5/6
f 4196/5/6 4193/5/6 4197/5/6
f 4194/6/6 4195/6/6 4199/6/6
f 4199/6/6 4195/6/6 4200/6/6
f 4198/6/6 4199/6/6 4201/6/6
f 4201/6/6 4199/6/6 4202/6/6
f 4203/5/6 4204/5/6 4205/5/6
f 4205/5/6 4204/5/6 4206/5/6
f 4207/5/6 4208/5/6 4211/5/6
f 4211/5/6 4208/5/6 4212/5/6
f 4209/6/6 4210/6/6 4213/6/6
f 4213/6/6 4210/6/6 4214/6/6
f 4209/6/6 4213/6/6 4215/6/6
f 4215/6/6 4213/6/6 4216/6/6
f 4216/6/6 4213/6/6 4217/6/6
f 4214/6/6 4210/6/6 4219/6/6
f 4219/6/6 4210/6/6 4220/6/6
f 4217/6/6 4218/6/6 4221/6/6
f 4216/6/6 4217/6/6 4221/6/6
f 4221/6/6 4218/6/6 4222/6/6
f 4223/6/6 4224/6/6 4227/6/6
f 4227/6/6 4224/6/6 4228/6/6
f 4229/6/6 4230/6/6 4231/6/6
f 4231/6/6 4230/6/6 4232/6/6
f 4225/6/6 4226/6/6 4234/6/6
f 4233/6/6 4234/6/6 4235/6/6
f 4234/6/6 4226/6/6 4236/6/6
f 4235/6/6 4234/6/6 4236/6/6
f 4237/5/6 4238/5/6 4239/5/6
f 4239/5/6 4238/5/6 4240/5/6
f 4241/6/6 4242/6/6 4243/6/6
f 4243/6/6 4242/6/6 4244/6/6
f 4243/4/6 4244/4/6 4245/4/6
f 4245/4/6 4244/4/6 4246/4/6
f 4247/5/6 4248/5/6 4249/5/6
f 4249/5/6 4248/5/6 4250/5/6
f 4251/6/6 4252/6/6 4253/6/6
f 4253/6/6 4252/6/6 4254/6/6
f 4255/6/6 4256/6/6 4257/6/6
f 4257/6/6 4256/6/6 4258/6/6
f 4259/5/6 4260/5/6 4263/5/6
f 4263/5/6 4260/5/6 4264/5/6
f 4255/6/6 4257/6/6 4265/6/6
f 4265/6/6 4257/6/6 4266/6/6
f 4261/4/6 4262/4/6 4267/4/6
f 4267/4/6 4262/4/6 4268/4/6
f 4269/5/6 4270/5/6 4271/5/6
f 4271/5/6 4270/5/6 4272/5/6
f 4273/5/6 4274/5/6 4275/5/6
f 4275/5/6 4274/5/6 4276/5/6
f 4277/5/6 4278/5/6 4279/5/6
f 4279/5/6 4278/5/6 4280/5/6
f 4281/6/6 4282/6/6 4283/6/6
f 4283/6/6 4282/6/6 4284/6/6
f 4285/5/6 4286/5/6 4287/5/6
f 4287/5/6 4286/5/6 4288/5/6
f 4289/5/6 4290/5/6 4291/5/6
f 4291/5/6 4290/5/6 4292/5/6
f 4293/5/6 4294/5/6 4295/5/6
f 4295/5/6 4294/5/6 4296/5/6
f 4297/5/6 4298/5/6 4299/5/6
f 4299/5/6 4298/5/6 4300/5/6
f 4301/5/6 4302/5/6 4303/5/6
f 4303/5/6 4302/5/6 4304/5/6
f 4305/5/6 4306/5/6 4307/5/6
f 4307/5/6 4306/5/6 4308/5/6
f 4309/5/6 4310/5/6 4311/5/6
f 4311/5/6 4310/5/6 4312/5/6
f 4313/5/6 4314/5/6 4315/5/6
f 4315/5/6 4314/5/6 4316/5/6
f 4317/5/6 4318/5/6 4319/5/6
f 4319/5/6 4318/5/6 4320/5/6
f 4321/5/6 4322/5/6 4323/5/6
f 4323/5/6 4322/5/6 4324/5/6
f 4325/5/6 4326/5/6 4327/5/6
f 4327/5/6 4326/5/6 4328/5/6
f 4329/5/6 4330/5/6 4331/5/6
f 4331/5/6 4330/5/6 4332/5/6
f 4333/5/6 4334/5/6 4335/5/6
f 4335/5/6 4334/5/6 4336/5/6
f 4337/5/6 4338/5/6 4339/5/6
f 4339/5/6 4338/5/6 4340/5/6
f 4341/5/6 4342/5/6 4343/5/6
f 4343/5/6 4342/5/6 4344/5/6
f 4345/5/6 4346/5/6 4349/5/6
f 4349/5/6 4346/5/6 4350/5/6
f 4347/5/6 4348/5/6 4351/5/6
f 4351/5/6 4348/5/6 4352/5/6
f 4353/5/6 4354/5/6 4355/5/6
f 4355/5/6 4354/5/6 4356/5/6
f 4357/5/6 4358/5/6 4359/5/6
f 4359/5/6 4358/5/6 4360/5/6
f 4361/5/6 4362/5/6 4363/5/6
f 4363/5/6 4362/5/6 4364/5/6
f 4365/5/6 4366/5/6 4367/5/6
f 4367/5/6 4366/5/6 4368/5/6
f 4369/5/6 4370/5/6 4371/5/6
f 4371/5/6 4370/5/6 4372/5/6
f 4373/5/6 4374/5/6 4375/5/6
f 4375/5/6 4374/5/6 4376/5/6
f 4377/5/6 4378/5/6 4379/5/6
f 4379/5/6 4378/5/6 4380/5/6
f 4381/5/6 4382/5/6 4385/5/6
f 4385/5/6 4382/5/6 4386/5/6
f 4383/5/6 4384/5/6 4387/5/6
f 4387/5/6 4384/5/6 4388/5/6
f 4389/5/6 4390/5/6 4391/5/6
f 4391/5/6 4390/5/6 4392/5/6
f 4393/5/6 4394/5/6 4395/5/6
f 4395/5/6 4394/5/6 4396/5/6
f 4397/5/6 4398/5/6 4399/5/6
f 4399/5/6 4398/5/6 4400/5/6
f 4401/5/6 4402/5/6 4403/5/6
f 4403/5/6 4402/5/6 4404/5/6
f 4404/5/6 4402/5/6 4405/5/6
f 4406/6/6 4407/6/6 4408/6/6
f 4408/6/6 4407/6/6 4409/6/6
f 4410/6/6 4411/6/6 4412/6/6
f 4412/6/6 4411/6/6 4413/6/6
f 4413/6/6 4411/6/6 4416/6/6
f 4416/6/6 4411/6/6 4417/6/6
f 4414/6/6 4415/6/6 4418/6/6
f 4418/6/6 4415/6/6 4419/6/6
f 4420/6/6 4421/6/6 4422/6/6
f 4422/6/6 4421/6/6 4423/6/6
f 4425/6/6 4426/6/6 4428/6/6
f 4426/6/6 4427/6/6 4428/6/6
f 4424/6/6 4425/6/6 4428/6/6
f 4428/6/6 4427/6/6 4429/6/6
f 4430/6/6 4431/6/6 4432/6/6
f 4432/6/6 4431/6/6 4433/6/6
f 4434/6/6 4435/6/6 4438/6/6
f 4438/6/6 4435/6/6 4439/6/6
f 4436/6/6 4437/6/6 4442/6/6
f 4442/6/6 4437/6/6 4443/6/6
f 4440/6/6 4441/6/6 4445/6/6
f 4444/6/6 4445/6/6 4446/6/6
f 4445/6/6 4441/6/6 4447/6/6
f 4446/6/6 4445/6/6 4447/6/6
f 4447/6/6 4441/6/6 4449/6/6
f 4448/6/6 4449/6/6 4450/6/6
f 4449/6/6 4441/6/6 4451/6/6
f 4450/6/6 4449/6/6 4451/6/6
f 4452/6/6 4453/6/6 4454/6/6
f 4454/6/6 4453/6/6 4455/6/6
f 4456/6/6 4457/6/6 4464/6/6
f 4457/6/6 4458/6/6 4464/6/6
f 4464/6/6 4458/6/6 4465/6/6
f 4460/6/6 4461/6/6 4466/6/6
f 4459/6/6 4460/6/6 4466/6/6
f 4462/6/6 4463/6/6 4467/6/6
f 4456/6/6 4464/6/6 4468/6/6
f 4468/6/6 4464/6/6 4469/6/6
f 4466/6/6 4467/6/6 4470/6/6
f 4459/6/6 4466/6/6 4470/6/6
f 4467/6/6 4463/6/6 4471/6/6
f 4470/6/6 4467/6/6 4471/6/6
f 4472/6/6 4473/6/6 4474/6/6
f 4474/6/6 4473/6/6 4475/6/6
f 4475/6/6 4473/6/6 4476/6/6
f 4476/6/6 4473/6/6 4477/6/6
f 4478/6/6 4479/6/6 4482/6/6
f 4482/6/6 4479/6/6 4483/6/6
f 4478/6/6 4482/6/6 4484/6/6
f 4484/6/6 4482/6/6 4485/6/6
f 4480/6/6 4481/6/6 4487/6/6
f 4478/6/6 4484/6/6 4488/6/6
f 4488/6/6 4484/6/6 4489/6/6
f 4486/6/6 4487/6/6 4490/6/6
f 4487/6/6 4481/6/6 4491/6/6
f 4490/6/6 4487/6/6 4491/6/6
f 4492/6/6 4493/6/6 4494/6/6
f 4494/6/6 4493/6/6 4495/6/6
f 4496/6/6 4497/6/6 4498/6/6
f 4498/6/6 4497/6/6 4499/6/6
f 4500/6/6 4501/6/6 4503/6/6
f 4502/6/6 4503/6/6 4505/6/6
f 4504/6/6 4505/6/6 4510/6/6
f 4503/6/6 4501/6/6 4511/6/6
f 4510/6/6 4505/6/6 4511/6/6
f 4505/6/6 4503/6/6 4511/6/6
f 4506/6/6 4507/6/6 4512/6/6
f 4512/6/6 4507/6/6 4513/6/6
f 4508/6/6 4509/6/6 4516/6/6
f 4516/6/6 4509/6/6 4517/6/6
f 4514/2/6 4515/2/6 4518/2/6
f 4513/2/6 4514/2/6 4518/2/6
f 4518/2/6 4515/2/6 4519/2/6
f 4520/6/6 4521/6/6 4524/6/6
f 4524/6/6 4521/6/6 4525/6/6
f 4525/6/6 4521/6/6 4526/6/6
f 4526/6/6 4521/6/6 4527/6/6
f 4522/6/6 4523/6/6 4528/6/6
f 4528/6/6 4523/6/6 4529/6/6
f 4529/6/6 4523/6/6 4530/6/6
f 4525/6/6 4526/6/6 4531/6/6
f 4531/6/6 4526/6/6 4532/6/6
f 4533/6/6 4534/6/6 4535/6/6
f 4535/6/6 4534/6/6 4536/6/6
f 4536/6/6 4534/6/6 4537/6/6
f 4537/6/6 4534/6/6 4538/6/6
f 4539/6/6 4540/6/6 4545/6/6
f 4541/6/6 4542/6/6 4546/6/6
f 4546/6/6 4542/6/6 4547/6/6
f 4543/6/6 4544/6/6 4549/6/6
f 4549/6/6 4544/6/6 4550/6/6
f 4539/6/6 4545/6/6 4552/6/6
f 4545/6/6 4546/6/6 4552/6/6
f 4552/6/6 4546/6/6 4553/6/6
f 4553/6/6 4546/6/6 4554/6/6
f 4548/6/6 4549/6/6 4557/6/6
f 4557/6/6 4549/6/6 4558/6/6
f 4552/6/6 4553/6/6 4559/6/6
f 4551/6/6 4552/6/6 4559/6/6
f 4559/6/6 4553/6/6 4560/6/6
f 4555/6/6 4556/6/6 4562/6/6
f 4548/6/6 4557/6/6 4563/6/6
f 4563/6/6 4557/6/6 4564/6/6
f 4551/6/6 4559/6/6 4565/6/6
f 4559/2/6 4560/2/6 4566/2/6
f 4565/6/6 4559/6/6 4566/6/6
f 4566/2/6 4560/2/6 4567/2/6
f 4561/6/6 4562/6/6 4568/6/6
f 4562/6/6 4556/6/6 4569/6/6
f 4568/6/6 4562/6/6 4569/6/6
f 4570/2/6 4571/2/6 4572/2/6
f 4572/2/6 4571/2/6 4573/2/6
f 4574/6/6 4575/6/6 4578/6/6
f 4578/6/6 4575/6/6 4579/6/6
f 4576/6/6 4577/6/6 4580/6/6
f 4580/6/6 4577/6/6 4581/6/6
f 4582/6/6 4583/6/6 4584/6/6
f 4584/6/6 4583/6/6 4585/6/6
f 4586/6/6 4587/6/6 4591/6/6
f 4588/6/6 4589/6/6 4592/6/6
f 4592/6/6 4589/6/6 4593/6/6
f 4593/6/6 4589/6/6 4594/6/6
f 4590/6/6 4591/6/6 4597/6/6
f 4591/6/6 4587/6/6 4598/6/6
f 4597/6/6 4591/6/6 4598/6/6
f 4592/6/6 4593/6/6 4599/6/6
f 4599/6/6 4593/6/6 4600/6/6
f 4595/6/6 4596/6/6 4606/6/6
f 4606/6/6 4596/6/6 4607/6/6
f 4601/6/6 4602/6/6 4608/6/6
f 4608/6/6 4602/6/6 4609/6/6
f 4603/2/6 4604/2/6 4610/2/6
f 4604/6/6 4605/6/6 4611/6/6
f 4610/2/6 4604/2/6 4611/2/6
f 4611/6/6 4605/6/6 4612/6/6
f 4612/6/6 4605/6/6 4613/6/6
f 4611/2/6 4612/2/6 4614/2/6
f 4610/2/6 4611/2/6 4614/2/6
f 4614/2/6 4612/2/6 4615/2/6
f 4616/2/6 4617/2/6 4619/2/6
f 4617/2/6 4618/2/6 4619/2/6
f 4619/2/6 4618/2/6 4620/2/6
f 4621/6/6 4622/6/6 4625/6/6
f 4625/6/6 4622/6/6 4626/6/6
f 4623/6/6 4624/6/6 4627/6/6
f 4627/6/6 4624/6/6 4628/6/6
f 4629/6/6 4630/6/6 4631/6/6
f 4631/6/6 4630/6/6 4632/6/6
f 4633/6/6 4634/6/6 4635/6/6
f 4635/6/6 4634/6/6 4636/6/6
f 4637/6/6 4638/6/6 4639/6/6
f 4639/6/6 4638/6/6 4640/6/6
f 4641/6/6 4642/6/6 4647/6/6
f 4647/6/6 4642/6/6 4648/6/6
f 4643/6/6 4644/6/6 4651/6/6
f 4651/6/6 4644/6/6 4652/6/6
f 4645/6/6 4646/6/6 4653/6/6
f 4653/6/6 4646/6/6 4654/6/6
f 4649/6/6 4650/6/6 4658/6/6
f 4658/6/6 4650/6/6 4659/6/6
f 4651/6/6 4652/6/6 4660/6/6
f 4652/6/6 4653/6/6 4660/6/6
f 4660/6/6 4653/6/6 4661/6/6
f 4654/6/6 4655/6/6 4662/6/6
f 4662/6/6 4655/6/6 4663/6/6
f 4649/6/6 4658/6/6 4664/6/6
f 4664/6/6 4658/6/6 4665/6/6
f 4651/6/6 4660/6/6 4666/6/6
f 4666/6/6 4660/6/6 4667/6/6
f 4663/6/6 4655/6/6 4668/6/6
f 4668/6/6 4655/6/6 4669/6/6
f 4656/6/6 4657/6/6 4670/6/6
f 4670/6/6 4657/6/6 4671/6/6
f 4672/2/6 4673/2/6 4674/2/6
f 4674/2/6 4673/2/6 4675/2/6
f 4675/2/6 4676/2/6 4677/2/6
f 4677/2/6 4676/2/6 4678/2/6
f 4679/6/6 4680/6/6 4683/6/6
f 4683/6/6 4680/6/6 4684/6/6
f 4681/6/6 4682/6/6 4685/6/6
f 4685/6/6 4682/6/6 4686/6/6
f 4687/6/6 4688/6/6 4693/6/6
f 4693/6/6 4688/6/6 4694/6/6
f 4694/6/6 4688/6/6 4695/6/6
f 4695/6/6 4688/6/6 4696/6/6
f 4696/6/6 4688/6/6 4697/6/6
f 4689/6/6 4690/6/6 4698/6/6
f 4687/6/6 4693/6/6 4699/6/6
f 4699/6/6 4693/6/6 4700/6/6
f 4694/6/6 4695/6/6 4701/6/6
f 4701/6/6 4695/6/6 4702/6/6
f 4696/6/6 4697/6/6 4703/6/6
f 4697/6/6 4698/6/6 4703/6/6
f 4698/6/6 4690/6/6 4704/6/6
f 4703/6/6 4698/6/6 4704/6/6
f 4691/6/6 4692/6/6 4705/6/6
f 4705/6/6 4692/6/6 4706/6/6
f 4707/2/6 4708/2/6 4710/2/6
f 4710/2/6 4708/2/6 4711/2/6
f 4709/2/6 4710/2/6 4712/2/6
f 4712/2/6 4710/2/6 4713/2/6
f 4714/6/6 4715/6/6 4718/6/6
f 4718/6/6 4715/6/6 4719/6/6
f 4716/6/6 4717/6/6 4720/6/6
f 4720/6/6 4717/6/6 4721/6/6
f 4722/6/6 4723/6/6 4724/6/6
f 4724/6/6 4723/6/6 4725/6/6
f 4726/6/6 4727/6/6 4731/6/6
f 4727/6/6 4728/6/6 4731/6/6
f 4731/6/6 4728/6/6 4732/6/6
f 4729/6/6 4730/6/6 4733/6/6
f 4733/6/6 4730/6/6 4734/6/6
f 4735/6/6 4736/6/6 4737/6/6
f 4737/6/6 4736/6/6 4738/6/6
f 4739/6/6 4740/6/6 4741/6/6
f 4741/6/6 4740/6/6 4742/6/6
f 4743/6/6 4744/6/6 4745/6/6
f 4745/6/6 4744/6/6 4746/6/6
f 4747/6/6 4748/6/6 4749/6/6
f 4749/6/6 4748/6/6 4750/6/6
f 4751/6/6 4752/6/6 4753/6/6
f 4753/6/6 4752/6/6 4754/6/6
f 4755/6/6 4756/6/6 4757/6/6
f 4757/6/6 4756/6/6 4758/6/6
f 4759/6/6 4760/6/6 4761/6/6
f 4761/6/6 4760/6/6 4762/6/6
f 4763/6/6 4764/6/6 4765/6/6
f 4765/6/6 4764/6/6 4766/6/6
f 4767/6/6 4768/6/6 4769/6/6
f 4769/6/6 4768/6/6 4770/6/6
f 4771/6/6 4772/6/6 4773/6/6
f 4773/6/6 4772/6/6 4774/6/6
f 4775/6/6 4776/6/6 4777/6/6
f 4777/6/6 4776/6/6 4778/6/6
