# MagicaVoxel @ Ephtracy

# group
o 

# material
mtllib Tank_Yellow-1.mtl
usemtl palette

# normals
vn 1 0 0
vn -1 0 0
vn 0 0 -1
vn 0 0 1
vn 0 -1 0
vn 0 1 0

# texcoords
vt 0.908203 0.5
vt 0.912109 0.5
vt 0.916016 0.5
vt 0.943359 0.5
vt 0.947266 0.5
vt 0.951172 0.5
vt 0.958984 0.5

# verts
v 2.7 1.4 -2.2
v 2.7 1.4 2
v 2.7 1.6 -2.2
v 2.7 1.6 2
v 2.6 1.6 -2.2
v 2.6 1.6 2
v 2.6 1.8 -2.2
v 2.6 1.8 2
v 2.5 0 -2.1
v 2.5 0 2.1
v 2.5 0.1 -2.2
v 2.5 0.1 -2.1
v 2.5 0.1 2.1
v 2.5 0.1 2.2
v 2.5 0.2 -2.3
v 2.5 0.2 -2.2
v 2.5 0.2 2.2
v 2.5 0.2 2.3
v 2.5 0.3 -2.4
v 2.5 0.3 -2.3
v 2.5 0.3 2.3
v 2.5 0.3 2.4
v 2.5 0.4 -2.5
v 2.5 0.4 -2.4
v 2.5 0.4 -2.2
v 2.5 0.4 2.2
v 2.5 0.4 2.4
v 2.5 0.4 2.5
v 2.5 0.5 -2.6
v 2.5 0.5 -2.5
v 2.5 0.5 2.5
v 2.5 0.5 2.6
v 2.5 0.7 -2.8
v 2.5 0.7 -2.7
v 2.5 1 -2.8
v 2.5 1 -2.7
v 2.5 1 -2.6
v 2.5 1 -2.5
v 2.5 1 2.5
v 2.5 1 2.6
v 2.5 1.1 -2.5
v 2.5 1.1 -2.4
v 2.5 1.1 -2.2
v 2.5 1.1 2.2
v 2.5 1.1 2.4
v 2.5 1.1 2.5
v 2.5 1.2 -2.7
v 2.5 1.2 -2.6
v 2.5 1.2 -2.5
v 2.5 1.2 -2.4
v 2.5 1.2 -2.3
v 2.5 1.2 2.3
v 2.5 1.2 2.4
v 2.5 1.3 -2.3
v 2.5 1.3 -2.2
v 2.5 1.3 2.2
v 2.5 1.3 2.3
v 2.5 1.3 2.7
v 2.5 1.3 2.8
v 2.5 1.4 -2.6
v 2.5 1.4 -2.5
v 2.5 1.4 -2.4
v 2.5 1.4 -2.2
v 2.5 1.4 -2.1
v 2.5 1.4 2.1
v 2.5 1.4 2.2
v 2.5 1.4 2.6
v 2.5 1.4 2.7
v 2.5 1.4 2.8
v 2.5 1.5 -2.1
v 2.5 1.5 2.1
v 2.5 1.5 2.4
v 2.5 1.5 2.6
v 2.5 1.5 2.7
v 2.5 1.6 -2.5
v 2.5 1.6 -2.4
v 2.5 1.6 -2.3
v 2.5 1.6 2.2
v 2.5 1.6 2.4
v 2.5 1.6 2.6
v 2.5 1.7 -2.4
v 2.5 1.7 -2.3
v 2.5 1.7 -2.2
v 2.5 1.7 2
v 2.5 1.7 2.2
v 2.5 1.7 2.4
v 2.5 1.8 -2.3
v 2.5 1.8 -2.2
v 2.5 1.8 2
v 2.5 1.8 2.2
v 2.5 1.9 -2.2
v 2.5 1.9 2
v 2.4 1.9 -2.2
v 2.4 1.9 2
v 2.4 2.5 -2.5
v 2.4 2.5 -2.2
v 2.4 2.6 -2.5
v 2.4 2.6 -2.2
v 2.4 2.7 -2.2
v 2.4 2.7 2
v 2.3 0.2 -1.1
v 2.3 0.2 -0.9
v 2.3 0.2 -0.3
v 2.3 0.2 -0.0999999
v 2.3 0.2 0.5
v 2.3 0.2 0.7
v 2.3 0.2 1.3
v 2.3 0.2 1.5
v 2.3 0.3 -1.2
v 2.3 0.3 -1.1
v 2.3 0.3 -0.9
v 2.3 0.3 -0.8
v 2.3 0.3 -0.4
v 2.3 0.3 -0.3
v 2.3 0.3 -0.0999999
v 2.3 0.3 2.38419e-07
v 2.3 0.3 0.4
v 2.3 0.3 0.5
v 2.3 0.3 0.7
v 2.3 0.3 0.8
v 2.3 0.3 1.2
v 2.3 0.3 1.3
v 2.3 0.3 1.5
v 2.3 0.3 1.6
v 2.3 0.4 -1.3
v 2.3 0.4 -1.2
v 2.3 0.4 -0.8
v 2.3 0.4 -0.7
v 2.3 0.4 -0.5
v 2.3 0.4 -0.4
v 2.3 0.4 2.38419e-07
v 2.3 0.4 0.1
v 2.3 0.4 0.3
v 2.3 0.4 0.4
v 2.3 0.4 0.8
v 2.3 0.4 0.9
v 2.3 0.4 1.1
v 2.3 0.4 1.2
v 2.3 0.4 1.6
v 2.3 0.4 1.7
v 2.3 0.5 -1.4
v 2.3 0.5 -1.3
v 2.3 0.5 -0.7
v 2.3 0.5 -0.5
v 2.3 0.5 0.1
v 2.3 0.5 0.3
v 2.3 0.5 0.9
v 2.3 0.5 1.1
v 2.3 0.5 1.7
v 2.3 0.5 1.8
v 2.3 0.5 1.9
v 2.3 0.5 2.1
v 2.3 0.6 1.8
v 2.3 0.6 1.9
v 2.3 0.6 2.1
v 2.3 0.6 2.2
v 2.3 0.7 -1.4
v 2.3 0.7 -1.3
v 2.3 0.7 -0.7
v 2.3 0.7 -0.5
v 2.3 0.7 0.1
v 2.3 0.7 0.3
v 2.3 0.7 0.9
v 2.3 0.7 1.1
v 2.3 0.7 2.2
v 2.3 0.7 2.3
v 2.3 0.8 -2.1
v 2.3 0.8 -1.9
v 2.3 0.8 -1.3
v 2.3 0.8 -1.2
v 2.3 0.8 -0.8
v 2.3 0.8 -0.7
v 2.3 0.8 -0.5
v 2.3 0.8 -0.4
v 2.3 0.8 2.38419e-07
v 2.3 0.8 0.1
v 2.3 0.8 0.3
v 2.3 0.8 0.4
v 2.3 0.8 0.8
v 2.3 0.8 0.9
v 2.3 0.8 1.1
v 2.3 0.8 1.2
v 2.3 0.8 2.3
v 2.3 0.8 2.4
v 2.3 0.9 -1.2
v 2.3 0.9 -1.1
v 2.3 0.9 -0.9
v 2.3 0.9 -0.8
v 2.3 0.9 -0.4
v 2.3 0.9 -0.3
v 2.3 0.9 -0.0999999
v 2.3 0.9 2.38419e-07
v 2.3 0.9 0.4
v 2.3 0.9 0.5
v 2.3 0.9 0.7
v 2.3 0.9 0.8
v 2.3 0.9 1.2
v 2.3 0.9 1.3
v 2.3 0.9 1.5
v 2.3 0.9 1.6
v 2.3 1 -2.1
v 2.3 1 -1.9
v 2.3 1 -1.1
v 2.3 1 -0.9
v 2.3 1 -0.3
v 2.3 1 -0.0999999
v 2.3 1 0.5
v 2.3 1 0.7
v 2.3 1 1.3
v 2.3 1 1.5
v 2.3 1 1.6
v 2.3 1 1.7
v 2.3 1 2.3
v 2.3 1 2.4
v 2.3 1.1 1.7
v 2.3 1.1 1.8
v 2.3 1.1 2.2
v 2.3 1.1 2.3
v 2.3 1.2 1.8
v 2.3 1.2 1.9
v 2.3 1.2 2.1
v 2.3 1.2 2.2
v 2.3 1.3 1.9
v 2.3 1.3 2.1
v 2.3 1.7 1.9
v 2.3 1.7 2
v 2.3 1.8 1.9
v 2.3 1.8 2
v 2.3 1.9 -2.6
v 2.3 1.9 -2.2
v 2.3 2.2 -2.6
v 2.3 2.2 -2.2
v 2.3 2.4 -2.5
v 2.3 2.4 -2.3
v 2.3 2.5 -2.6
v 2.3 2.5 -2.5
v 2.3 2.5 -2.3
v 2.3 2.6 -2.6
v 2.3 2.6 -2.5
v 2.3 2.6 -2.3
v 2.3 2.8 -2.5
v 2.3 2.8 -2.3
v 2.2 0.7 -2.1
v 2.2 0.7 -1.9
v 2.2 0.8 -2.2
v 2.2 0.8 -2.1
v 2.2 0.8 -1.9
v 2.2 0.8 -1.8
v 2.2 1 -2.2
v 2.2 1 -2.1
v 2.2 1 -1.9
v 2.2 1 -1.8
v 2.2 1.1 -2.1
v 2.2 1.1 -1.9
v 2.2 1.7 -2.2
v 2.2 1.7 1.9
v 2.2 1.8 -2.2
v 2.2 1.8 1.9
v 2.2 2.3 -2.5
v 2.2 2.3 -2.3
v 2.2 2.4 -2.6
v 2.2 2.4 -2.5
v 2.2 2.4 -2.3
v 2.2 2.4 -2.2
v 2.2 2.5 -2.7
v 2.2 2.5 -2.6
v 2.2 2.5 -2.5
v 2.2 2.5 -2.3
v 2.2 2.6 -2.7
v 2.2 2.6 -2.6
v 2.2 2.6 -2.5
v 2.2 2.6 -2.3
v 2.2 2.7 -2.2
v 2.2 2.8 -2.6
v 2.2 2.8 -2.5
v 2.2 2.8 -2.3
v 2.2 2.8 -2.2
v 2.1 0.4 -1.5
v 2.1 0.4 -1.3
v 2.1 0.4 -0.7
v 2.1 0.4 -0.5
v 2.1 0.4 0.1
v 2.1 0.4 0.3
v 2.1 0.4 0.9
v 2.1 0.4 1.1
v 2.1 0.5 -1.6
v 2.1 0.5 -1.5
v 2.1 0.5 -1.4
v 2.1 0.5 -1.3
v 2.1 0.5 -0.7
v 2.1 0.5 -0.5
v 2.1 0.5 0.1
v 2.1 0.5 0.3
v 2.1 0.5 0.9
v 2.1 0.5 1.1
v 2.1 0.6 -1.7
v 2.1 0.6 -1.6
v 2.1 0.7 -1.8
v 2.1 0.7 -1.7
v 2.1 0.7 -1.4
v 2.1 0.7 -1.3
v 2.1 0.7 -0.7
v 2.1 0.7 -0.5
v 2.1 0.7 0.1
v 2.1 0.7 0.3
v 2.1 0.7 0.9
v 2.1 0.7 1.1
v 2.1 0.8 -1.8
v 2.1 0.8 -1.3
v 2.1 0.8 -1.2
v 2.1 0.8 -0.8
v 2.1 0.8 -0.7
v 2.1 0.8 -0.5
v 2.1 0.8 -0.4
v 2.1 0.8 2.38419e-07
v 2.1 0.8 0.1
v 2.1 0.8 0.3
v 2.1 0.8 0.4
v 2.1 0.8 0.8
v 2.1 0.8 0.9
v 2.1 0.8 1.1
v 2.1 0.8 1.2
v 2.1 0.9 -1.8
v 2.1 0.9 -1.7
v 2.1 0.9 -1.2
v 2.1 0.9 -1.1
v 2.1 0.9 -0.9
v 2.1 0.9 -0.8
v 2.1 0.9 -0.4
v 2.1 0.9 -0.3
v 2.1 0.9 -0.0999999
v 2.1 0.9 2.38419e-07
v 2.1 0.9 0.4
v 2.1 0.9 0.5
v 2.1 0.9 0.7
v 2.1 0.9 0.8
v 2.1 0.9 1.2
v 2.1 0.9 1.3
v 2.1 1 -1.7
v 2.1 1 -1.6
v 2.1 1 -1.2
v 2.1 1 -1.1
v 2.1 1 -0.9
v 2.1 1 -0.8
v 2.1 1 -0.4
v 2.1 1 -0.3
v 2.1 1 -0.0999999
v 2.1 1 2.38419e-07
v 2.1 1 0.4
v 2.1 1 0.5
v 2.1 1 0.7
v 2.1 1 0.8
v 2.1 1 1.2
v 2.1 1 1.3
v 2.1 1.1 -1.6
v 2.1 1.1 -1.5
v 2.1 1.1 -1.3
v 2.1 1.1 -1.2
v 2.1 1.1 -0.8
v 2.1 1.1 -0.7
v 2.1 1.1 -0.5
v 2.1 1.1 -0.4
v 2.1 1.1 2.38419e-07
v 2.1 1.1 0.1
v 2.1 1.1 0.3
v 2.1 1.1 0.4
v 2.1 1.1 0.8
v 2.1 1.1 0.9
v 2.1 1.1 1.1
v 2.1 1.1 1.2
v 2.1 1.2 -1.5
v 2.1 1.2 -1.3
v 2.1 1.2 -0.7
v 2.1 1.2 -0.5
v 2.1 1.2 0.1
v 2.1 1.2 0.3
v 2.1 1.2 0.9
v 2.1 1.2 1.1
v 2 0.7 -2.2
v 2 0.7 -2.1
v 2 0.7 -1.9
v 2 0.7 -1.8
v 2 0.8 -2.2
v 2 0.8 -2.1
v 2 0.8 -1.9
v 2 0.8 -1.8
v 2 1 -2.2
v 2 1 -2.1
v 2 1 -1.9
v 2 1 -1.8
v 2 1.1 -2.2
v 2 1.1 -2.1
v 2 1.1 -1.9
v 2 1.1 -1.8
v 1.9 0.5 -2.1
v 1.9 0.5 -1.9
v 1.9 0.6 -2.2
v 1.9 0.6 -2.1
v 1.9 0.6 -1.9
v 1.9 0.6 -1.8
v 1.9 0.7 -2.3
v 1.9 0.7 -2.2
v 1.9 0.7 -1.8
v 1.9 0.8 -2.4
v 1.9 0.8 -2.3
v 1.9 0.9 -1.8
v 1.9 0.9 -1.7
v 1.9 1 -2.4
v 1.9 1 -2.3
v 1.9 1 -1.7
v 1.9 1.1 -2.3
v 1.9 1.1 -2.2
v 1.9 1.1 -1.8
v 1.9 1.1 -1.7
v 1.9 1.2 -2.2
v 1.9 1.2 -2.1
v 1.9 1.2 -1.9
v 1.9 1.2 -1.8
v 1.9 1.3 -2.1
v 1.9 1.3 -1.9
v 1.8 2.4 -2.5
v 1.8 2.4 -2.3
v 1.8 2.7 -2.5
v 1.8 2.7 -2.3
v 1.7 2.3 -2.5
v 1.7 2.3 -2.3
v 1.7 2.4 -2.6
v 1.7 2.4 -2.5
v 1.7 2.4 -2.3
v 1.7 2.4 -2.2
v 1.7 2.5 -2.6
v 1.7 2.6 -2.6
v 1.7 2.7 -2.2
v 1.7 2.8 -2.6
v 1.7 2.8 -2.5
v 1.7 2.8 -2.3
v 1.7 2.8 -2.2
v 1.6 2.7 1.6
v 1.6 2.7 1.8
v 1.6 2.8 1.6
v 1.6 2.8 1.8
v 1.5 2.3 -2.3
v 1.5 2.3 -2.2
v 1.5 2.4 -2.3
v 1.5 2.4 -2.2
v 1.5 2.7 1.5
v 1.5 2.7 1.6
v 1.5 2.7 1.8
v 1.5 2.7 1.9
v 1.5 2.8 1.5
v 1.5 2.8 1.6
v 1.5 2.8 1.8
v 1.5 2.8 1.9
v 1.4 0.5 2.8
v 1.4 0.5 2.9
v 1.4 0.7 2.7
v 1.4 0.7 2.8
v 1.4 0.9 2.7
v 1.4 0.9 2.9
v 1.4 2.5 -2.3
v 1.4 2.5 -2.2
v 1.4 2.6 -2.3
v 1.4 2.6 -2.2
v 1.4 2.7 1.4
v 1.4 2.7 1.5
v 1.4 2.7 1.9
v 1.4 2.7 2
v 1.4 2.8 1.4
v 1.4 2.8 1.5
v 1.4 2.8 1.9
v 1.4 2.8 2
v 1.3 0.3 -2
v 1.3 0.3 -1.9
v 1.3 0.4 -2.1
v 1.3 0.4 -2
v 1.3 0.4 -1.9
v 1.3 0.5 -2.2
v 1.3 0.5 -2.1
v 1.3 0.5 -2
v 1.3 0.7 2.2
v 1.3 0.7 2.4
v 1.3 0.7 2.6
v 1.3 0.7 2.7
v 1.3 0.9 2.7
v 1.3 0.9 2.9
v 1.3 1 2.5
v 1.3 1 2.6
v 1.3 1.1 -2.2
v 1.3 1.1 2.2
v 1.3 1.1 2.4
v 1.3 1.1 2.5
v 1.3 1.2 2.3
v 1.3 1.2 2.4
v 1.3 1.3 -2.2
v 1.3 1.3 -2.1
v 1.3 1.3 2.2
v 1.3 1.3 2.3
v 1.3 1.3 2.7
v 1.3 1.3 2.8
v 1.3 1.4 -2.2
v 1.3 1.4 -2.1
v 1.3 1.4 2.2
v 1.3 1.4 2.6
v 1.3 1.4 2.7
v 1.3 1.4 2.8
v 1.3 1.4 2.9
v 1.3 1.5 -2.1
v 1.3 1.5 -1.9
v 1.3 1.5 2.4
v 1.3 1.5 2.6
v 1.3 1.6 2.2
v 1.3 1.6 2.4
v 1.3 1.7 -2.2
v 1.3 1.7 -1.9
v 1.3 2.8 1.7
v 1.3 2.8 1.8
v 1.3 2.9 1.7
v 1.3 2.9 1.8
v 1.2 0.3 2.3
v 1.2 0.3 2.4
v 1.2 0.3 2.6
v 1.2 0.4 2.5
v 1.2 0.4 2.6
v 1.2 0.6 2.3
v 1.2 0.6 2.4
v 1.2 0.6 2.5
v 1.2 0.6 2.7
v 1.2 0.6 2.8
v 1.2 0.6 2.9
v 1.2 0.7 2.4
v 1.2 0.7 2.7
v 1.2 0.7 2.8
v 1.2 0.7 2.9
v 1.2 2.8 1.6
v 1.2 2.8 1.7
v 1.2 2.8 1.8
v 1.2 2.8 1.9
v 1.2 2.9 1.6
v 1.2 2.9 1.7
v 1.2 2.9 1.8
v 1.2 2.9 1.9
v 1.1 1.8 2
v 1.1 1.8 2.1
v 1.1 2.2 2
v 1.1 2.2 2.1
v 1 2.2 2
v 1 2.2 2.1
v 1 2.3 2
v 1 2.3 2.1
v 1 2.4 -2.3
v 1 2.4 -2.2
v 1 2.5 -2.3
v 1 2.5 -2.2
v 1 2.7 -2.3
v 1 2.7 -2.2
v 1 2.7 -2
v 1 2.8 -2.3
v 1 2.8 -2
v 0.9 2.5 -2.3
v 0.9 2.5 -2.2
v 0.9 2.6 -2.3
v 0.9 2.6 -2.2
v 0.9 2.7 -2
v 0.9 2.7 -1.7
v 0.9 2.8 -2
v 0.9 2.8 -1.7
v 0.8 1.2 -2.5
v 0.8 1.2 -2.2
v 0.8 2.5 -2.3
v 0.8 2.5 -2.2
v 0.8 2.7 -1.7
v 0.8 2.7 -1.4
v 0.8 2.8 -2.5
v 0.8 2.8 -2.3
v 0.8 2.8 -1.7
v 0.8 2.8 -1.4
v 0.7 1.2 -2.6
v 0.7 1.2 -2.5
v 0.7 2.7 -1.4
v 0.7 2.7 -1.2
v 0.7 2.8 -2.6
v 0.7 2.8 -2.5
v 0.7 2.8 -1.4
v 0.7 2.8 -1.2
v 0.6 2 2
v 0.6 2 2.1
v 0.6 2.1 2
v 0.6 2.1 2.1
v 0.4 1.9 1.7
v 0.4 1.9 1.8
v 0.4 2 1.7
v 0.4 2 1.8
v 0.4 2.7 -1.9
v 0.4 2.7 -1.7
v 0.4 2.8 -1.9
v 0.4 2.8 -1.7
v 0.3 2 1.7
v 0.3 2 1.8
v 0.3 2.4 1.7
v 0.3 2.4 1.8
v 0.3 2.7 -2
v 0.3 2.7 -1.9
v 0.3 2.7 -1.7
v 0.3 2.7 -1.6
v 0.3 2.8 -2
v 0.3 2.8 -1.9
v 0.3 2.8 -1.7
v 0.3 2.8 -1.6
v 0.2 1.9 1.7
v 0.2 1.9 1.8
v 0.2 2 1.7
v 0.2 2 1.8
v 0.2 2.3 -2.3
v 0.2 2.3 -2.2
v 0.2 2.4 -2.3
v 0.2 2.4 -2.2
v 0.2 2.6 -2.3
v 0.2 2.6 -2.2
v 0.2 2.7 -2.3
v 0.2 2.7 -2.2
v 0.2 2.7 -2.1
v 0.2 2.7 -2
v 0.2 2.7 -1.6
v 0.2 2.7 -1.5
v 0.2 2.8 -2.1
v 0.2 2.8 -2
v 0.2 2.8 -1.6
v 0.2 2.8 -1.5
v -0.1 1.2 -2.5
v -0.1 1.2 -2.2
v -0.1 2.4 -2.3
v -0.1 2.4 -2.2
v -0.1 2.6 -2.3
v -0.1 2.6 -2.2
v -0.1 2.7 -2.2
v -0.1 2.8 -2.5
v -0.1 2.8 -2.2
v -0.2 1.2 -2.6
v -0.2 1.2 -2.5
v -0.2 2.8 -2.6
v -0.2 2.8 -2.5
v -0.3 1.9 2
v -0.3 1.9 2.1
v -0.3 2.4 2
v -0.3 2.4 2.1
v -0.3 2.7 -1.4
v -0.3 2.7 -1.3
v -0.3 2.8 -1.4
v -0.3 2.8 -1.3
v -0.4 1.8 2
v -0.4 1.8 2.1
v -0.4 1.9 2
v -0.4 1.9 2.1
v -0.4 2 2.1
v -0.4 2 2.2
v -0.4 2.3 2.1
v -0.4 2.3 2.2
v -0.4 2.4 2
v -0.4 2.4 2.1
v -0.4 2.5 2
v -0.4 2.5 2.1
v -0.4 2.7 -1.7
v -0.4 2.7 -1.4
v -0.4 2.8 -1.7
v -0.4 2.8 -1.4
v -0.5 1.9 2.1
v -0.5 1.9 2.2
v -0.5 2 2.1
v -0.5 2 2.2
v -0.5 2.3 2.1
v -0.5 2.3 2.2
v -0.5 2.4 2.1
v -0.5 2.4 2.2
v -0.5 2.7 -2
v -0.5 2.7 -1.7
v -0.5 2.8 -2
v -0.5 2.8 -1.7
v -0.6 2.1 2
v -0.6 2.1 2.4
v -0.6 2.2 2
v -0.6 2.2 2.4
v -0.6 2.7 -2.2
v -0.6 2.7 -2
v -0.6 2.8 -2.2
v -0.6 2.8 -2
v -0.7 2.4 -2.3
v -0.7 2.4 -2.2
v -0.7 2.5 -2.3
v -0.7 2.5 -2.2
v -0.8 2 2
v -0.8 2 2.2
v -0.8 2.3 -2.3
v -0.8 2.3 -2.2
v -0.8 2.3 2
v -0.8 2.3 2.2
v -0.8 2.4 -2.3
v -0.8 2.4 -2.2
v -0.8 2.7 1.6
v -0.8 2.7 1.8
v -0.8 2.8 1.6
v -0.8 2.8 1.8
v -0.9 0.5 2.8
v -0.9 0.5 2.9
v -0.9 0.7 2.7
v -0.9 0.7 2.8
v -0.9 0.8 2.7
v -0.9 0.9 2.7
v -0.9 0.9 2.9
v -0.9 2.7 1.5
v -0.9 2.7 1.6
v -0.9 2.7 1.8
v -0.9 2.7 1.9
v -0.9 2.8 1.5
v -0.9 2.8 1.6
v -0.9 2.8 1.8
v -0.9 2.8 1.9
v -1 0.7 2.2
v -1 0.7 2.4
v -1 0.8 2.6
v -1 0.8 2.7
v -1 0.9 2.7
v -1 0.9 2.9
v -1 1 2.4
v -1 1 2.5
v -1 1 2.6
v -1 1 2.8
v -1 1.1 2.7
v -1 1.1 2.8
v -1 1.3 2.5
v -1 1.3 2.6
v -1 1.3 2.7
v -1 1.3 2.8
v -1 1.4 2.8
v -1 1.4 2.9
v -1 1.5 2.3
v -1 1.5 2.6
v -1 1.6 2.2
v -1 1.6 2.3
v -1 2.7 1.4
v -1 2.7 1.5
v -1 2.7 1.9
v -1 2.7 2
v -1 2.8 1.4
v -1 2.8 1.5
v -1 2.8 1.9
v -1 2.8 2
v -1.1 0 -2.1
v -1.1 0 2.1
v -1.1 0.1 -2.2
v -1.1 0.1 -2.1
v -1.1 0.1 2.1
v -1.1 0.1 2.2
v -1.1 0.2 -2.3
v -1.1 0.2 -2.2
v -1.1 0.2 2.2
v -1.1 0.2 2.3
v -1.1 0.3 -2.4
v -1.1 0.3 -2.3
v -1.1 0.3 2.3
v -1.1 0.3 2.4
v -1.1 0.4 -2.5
v -1.1 0.4 -2.4
v -1.1 0.4 -2.2
v -1.1 0.4 2.2
v -1.1 0.4 2.4
v -1.1 0.4 2.5
v -1.1 0.5 -2.6
v -1.1 0.5 -2.5
v -1.1 0.5 2.5
v -1.1 0.5 2.6
v -1.1 0.6 2.8
v -1.1 0.6 2.9
v -1.1 0.7 -2.8
v -1.1 0.7 -2.7
v -1.1 0.7 2.4
v -1.1 0.7 2.6
v -1.1 0.7 2.8
v -1.1 0.7 2.9
v -1.1 1 -2.8
v -1.1 1 -2.7
v -1.1 1 -2.6
v -1.1 1 -2.5
v -1.1 1.1 -2.5
v -1.1 1.1 -2.4
v -1.1 1.1 -2.2
v -1.1 1.2 -2.7
v -1.1 1.2 -2.6
v -1.1 1.2 -2.5
v -1.1 1.2 -2.4
v -1.1 1.2 -2.3
v -1.1 1.3 -2.3
v -1.1 1.3 -2.2
v -1.1 1.3 -2.1
v -1.1 1.3 2.2
v -1.1 1.4 -2.6
v -1.1 1.4 -2.5
v -1.1 1.4 -2.4
v -1.1 1.4 2.1
v -1.1 1.4 2.2
v -1.1 1.5 -2.1
v -1.1 1.5 -1.9
v -1.1 1.5 2.1
v -1.1 1.6 -2.5
v -1.1 1.6 -2.4
v -1.1 1.6 -2.3
v -1.1 1.7 -2.4
v -1.1 1.7 -2.3
v -1.1 1.7 -2.2
v -1.1 1.8 -2.3
v -1.1 1.8 -2.2
v -1.1 2.5 -2.5
v -1.1 2.5 -2.2
v -1.1 2.6 -2.5
v -1.1 2.6 -2.3
v -1.1 2.6 -2.2
v -1.1 2.8 1.7
v -1.1 2.8 1.8
v -1.1 2.9 1.7
v -1.1 2.9 1.8
v -1.2 2.4 -2.5
v -1.2 2.4 -2.3
v -1.2 2.5 -2.6
v -1.2 2.5 -2.5
v -1.2 2.5 -2.3
v -1.2 2.6 -2.6
v -1.2 2.6 -2.5
v -1.2 2.6 -2.3
v -1.2 2.6 -0.2
v -1.2 2.6 -0.0999999
v -1.2 2.7 -2.3
v -1.2 2.7 -0.2
v -1.2 2.7 -0.0999999
v -1.2 2.8 -2.5
v -1.2 2.8 -2.3
v -1.2 2.8 1.6
v -1.2 2.8 1.7
v -1.2 2.8 1.8
v -1.2 2.8 1.9
v -1.2 2.9 1.6
v -1.2 2.9 1.7
v -1.2 2.9 1.8
v -1.2 2.9 1.9
v -1.3 2.3 -2.5
v -1.3 2.3 -2.3
v -1.3 2.4 -2.6
v -1.3 2.4 -2.5
v -1.3 2.4 -2.3
v -1.3 2.4 -2.2
v -1.3 2.5 -2.7
v -1.3 2.5 -2.6
v -1.3 2.5 -2.5
v -1.3 2.6 -2.7
v -1.3 2.6 -2.6
v -1.3 2.6 -2.5
v -1.3 2.6 -2.3
v -1.3 2.6 -2.2
v -1.3 2.7 -2.3
v -1.3 2.7 -2.2
v -1.3 2.8 -2.6
v -1.3 2.8 -2.5
v -1.3 2.8 -2.3
v -1.3 2.8 -2.2
v -1.5 0.5 -2.1
v -1.5 0.5 -1.9
v -1.5 0.6 -2.2
v -1.5 0.6 -2.1
v -1.5 0.6 -1.9
v -1.5 0.6 -1.8
v -1.5 0.7 -2.3
v -1.5 0.7 -2.2
v -1.5 0.7 -1.8
v -1.5 0.7 -1.7
v -1.5 0.8 -2.4
v -1.5 0.8 -2.3
v -1.5 0.8 -1.7
v -1.5 0.8 -1.6
v -1.5 1 -2.4
v -1.5 1 -2.3
v -1.5 1 -1.7
v -1.5 1 -1.6
v -1.5 1.1 -2.3
v -1.5 1.1 -2.2
v -1.5 1.1 -1.8
v -1.5 1.1 -1.7
v -1.5 1.2 -2.2
v -1.5 1.2 -2.1
v -1.5 1.2 -1.9
v -1.5 1.2 -1.8
v -1.5 1.3 -2.1
v -1.5 1.3 -1.9
v -1.7 0.4 -1.5
v -1.7 0.4 -1.3
v -1.7 0.4 -0.7
v -1.7 0.4 -0.5
v -1.7 0.4 0.1
v -1.7 0.4 0.3
v -1.7 0.4 0.9
v -1.7 0.4 1.1
v -1.7 0.5 -1.6
v -1.7 0.5 -1.5
v -1.7 0.5 -1.3
v -1.7 0.5 -1.2
v -1.7 0.5 -0.8
v -1.7 0.5 -0.7
v -1.7 0.5 -0.5
v -1.7 0.5 -0.4
v -1.7 0.5 2.38419e-07
v -1.7 0.5 0.1
v -1.7 0.5 0.3
v -1.7 0.5 0.4
v -1.7 0.5 0.8
v -1.7 0.5 0.9
v -1.7 0.5 1.1
v -1.7 0.5 1.2
v -1.7 0.6 -1.7
v -1.7 0.6 -1.6
v -1.7 0.6 -1.2
v -1.7 0.6 -1.1
v -1.7 0.6 -0.9
v -1.7 0.6 -0.8
v -1.7 0.6 -0.4
v -1.7 0.6 -0.3
v -1.7 0.6 -0.0999999
v -1.7 0.6 2.38419e-07
v -1.7 0.6 0.4
v -1.7 0.6 0.5
v -1.7 0.6 0.7
v -1.7 0.6 0.8
v -1.7 0.6 1.2
v -1.7 0.6 1.3
v -1.7 0.7 -1.7
v -1.7 0.7 -1.1
v -1.7 0.7 -0.9
v -1.7 0.7 -0.3
v -1.7 0.7 -0.0999999
v -1.7 0.7 0.5
v -1.7 0.7 0.7
v -1.7 0.7 1.3
v -1.7 0.7 1.4
v -1.7 0.8 -1.7
v -1.7 0.8 -1.6
v -1.7 0.9 -1.1
v -1.7 0.9 -0.9
v -1.7 0.9 -0.3
v -1.7 0.9 -0.0999999
v -1.7 0.9 0.5
v -1.7 0.9 0.7
v -1.7 0.9 1.3
v -1.7 0.9 1.4
v -1.7 1 -1.6
v -1.7 1 -1.2
v -1.7 1 -1.1
v -1.7 1 -0.9
v -1.7 1 -0.8
v -1.7 1 -0.4
v -1.7 1 -0.3
v -1.7 1 -0.0999999
v -1.7 1 2.38419e-07
v -1.7 1 0.4
v -1.7 1 0.5
v -1.7 1 0.7
v -1.7 1 0.8
v -1.7 1 1.2
v -1.7 1 1.3
v -1.7 1.1 -1.6
v -1.7 1.1 -1.5
v -1.7 1.1 -1.3
v -1.7 1.1 -1.2
v -1.7 1.1 -0.8
v -1.7 1.1 -0.7
v -1.7 1.1 -0.5
v -1.7 1.1 -0.4
v -1.7 1.1 2.38419e-07
v -1.7 1.1 0.1
v -1.7 1.1 0.3
v -1.7 1.1 0.4
v -1.7 1.1 0.8
v -1.7 1.1 0.9
v -1.7 1.1 1.1
v -1.7 1.1 1.2
v -1.7 1.2 -1.5
v -1.7 1.2 -1.3
v -1.7 1.2 -0.7
v -1.7 1.2 -0.5
v -1.7 1.2 0.1
v -1.7 1.2 0.3
v -1.7 1.2 0.9
v -1.7 1.2 1.1
v -1.7 2.4 -2.5
v -1.7 2.4 -2.3
v -1.7 2.7 -2.5
v -1.7 2.7 -2.3
v -1.8 2.3 -2.5
v -1.8 2.3 -2.3
v -1.8 2.4 -2.6
v -1.8 2.4 -2.5
v -1.8 2.4 -2.3
v -1.8 2.4 -2.2
v -1.8 2.5 -2.6
v -1.8 2.6 -2.6
v -1.8 2.7 -2.2
v -1.8 2.8 -2.6
v -1.8 2.8 -2.5
v -1.8 2.8 -2.3
v -1.8 2.8 -2.2
v -1.9 0.2 -1.1
v -1.9 0.2 -0.9
v -1.9 0.2 -0.3
v -1.9 0.2 -0.0999999
v -1.9 0.2 0.5
v -1.9 0.2 0.7
v -1.9 0.2 1.3
v -1.9 0.2 1.5
v -1.9 0.3 -1.2
v -1.9 0.3 -1.1
v -1.9 0.3 -0.9
v -1.9 0.3 -0.8
v -1.9 0.3 -0.4
v -1.9 0.3 -0.3
v -1.9 0.3 -0.0999999
v -1.9 0.3 2.38419e-07
v -1.9 0.3 0.4
v -1.9 0.3 0.5
v -1.9 0.3 0.7
v -1.9 0.3 0.8
v -1.9 0.3 1.2
v -1.9 0.3 1.3
v -1.9 0.3 1.5
v -1.9 0.3 1.6
v -1.9 0.4 -1.3
v -1.9 0.4 -1.2
v -1.9 0.4 -0.8
v -1.9 0.4 -0.7
v -1.9 0.4 -0.5
v -1.9 0.4 -0.4
v -1.9 0.4 2.38419e-07
v -1.9 0.4 0.1
v -1.9 0.4 0.3
v -1.9 0.4 0.4
v -1.9 0.4 0.8
v -1.9 0.4 0.9
v -1.9 0.4 1.1
v -1.9 0.4 1.2
v -1.9 0.4 1.6
v -1.9 0.4 1.7
v -1.9 0.5 -1.3
v -1.9 0.5 -1.2
v -1.9 0.5 -0.8
v -1.9 0.5 -0.7
v -1.9 0.5 -0.5
v -1.9 0.5 -0.4
v -1.9 0.5 2.38419e-07
v -1.9 0.5 0.1
v -1.9 0.5 0.3
v -1.9 0.5 0.4
v -1.9 0.5 0.8
v -1.9 0.5 0.9
v -1.9 0.5 1.1
v -1.9 0.5 1.2
v -1.9 0.5 1.7
v -1.9 0.5 1.8
v -1.9 0.5 1.9
v -1.9 0.5 2.1
v -1.9 0.6 -1.2
v -1.9 0.6 -1.1
v -1.9 0.6 -0.9
v -1.9 0.6 -0.8
v -1.9 0.6 -0.4
v -1.9 0.6 -0.3
v -1.9 0.6 -0.0999999
v -1.9 0.6 2.38419e-07
v -1.9 0.6 0.4
v -1.9 0.6 0.5
v -1.9 0.6 0.7
v -1.9 0.6 0.8
v -1.9 0.6 1.2
v -1.9 0.6 1.3
v -1.9 0.6 1.8
v -1.9 0.6 1.9
v -1.9 0.6 2.1
v -1.9 0.6 2.2
v -1.9 0.7 -1.1
v -1.9 0.7 -0.9
v -1.9 0.7 -0.3
v -1.9 0.7 -0.0999999
v -1.9 0.7 0.5
v -1.9 0.7 0.7
v -1.9 0.7 1.3
v -1.9 0.7 1.4
v -1.9 0.7 2.2
v -1.9 0.7 2.3
v -1.9 0.8 2.3
v -1.9 0.8 2.4
v -1.9 0.9 -1.1
v -1.9 0.9 -0.9
v -1.9 0.9 -0.3
v -1.9 0.9 -0.0999999
v -1.9 0.9 0.5
v -1.9 0.9 0.7
v -1.9 0.9 1.3
v -1.9 0.9 1.4
v -1.9 0.9 1.5
v -1.9 0.9 1.6
v -1.9 1 -1.1
v -1.9 1 -0.9
v -1.9 1 -0.3
v -1.9 1 -0.0999999
v -1.9 1 0.5
v -1.9 1 0.7
v -1.9 1 1.3
v -1.9 1 1.5
v -1.9 1 1.6
v -1.9 1 1.7
v -1.9 1 2.3
v -1.9 1 2.4
v -1.9 1.1 1.7
v -1.9 1.1 1.8
v -1.9 1.1 2.2
v -1.9 1.1 2.3
v -1.9 1.2 1.8
v -1.9 1.2 1.9
v -1.9 1.2 2.1
v -1.9 1.2 2.2
v -1.9 1.3 1.9
v -1.9 1.3 2.1
v -2 1.8 -2
v -2 1.8 1.8
v -2 2.6 -2
v -2 2.6 1.8
v -2.1 2.5 -2.3
v -2.1 2.5 -2.2
v -2.1 2.6 -2.3
v -2.1 2.6 -2.2
v -2.3 1.7 -2.2
v -2.3 1.7 2
v -2.3 1.8 -2.2
v -2.3 1.8 2
v -2.4 1.5 -2.2
v -2.4 1.5 2
v -2.4 1.7 -2.2
v -2.4 1.7 2
v -2.5 1.3 -2.2
v -2.5 1.3 2
v -2.5 1.5 -2.2
v -2.5 1.5 2
v 2.6 1.4 -2.2
v 2.6 1.4 2
v 2.6 1.6 -2.2
v 2.6 1.6 2
v 2.5 1.6 -2.2
v 2.5 1.6 2
v 2.5 1.7 -2.2
v 2.5 1.7 2
v 2.5 1.8 -2.2
v 2.5 1.8 2
v 2.3 2.5 -2.3
v 2.3 2.5 -2.2
v 2.3 2.6 -2.3
v 2.3 2.6 -2.2
v 2.2 1.8 -2
v 2.2 1.8 1.8
v 2.2 2.6 -2
v 2.2 2.6 1.8
v 2.1 0.2 -1.1
v 2.1 0.2 -0.9
v 2.1 0.2 -0.3
v 2.1 0.2 -0.0999999
v 2.1 0.2 0.5
v 2.1 0.2 0.7
v 2.1 0.2 1.3
v 2.1 0.2 1.5
v 2.1 0.3 -1.2
v 2.1 0.3 -1.1
v 2.1 0.3 -0.9
v 2.1 0.3 -0.8
v 2.1 0.3 -0.4
v 2.1 0.3 -0.3
v 2.1 0.3 -0.0999999
v 2.1 0.3 2.38419e-07
v 2.1 0.3 0.4
v 2.1 0.3 0.5
v 2.1 0.3 0.7
v 2.1 0.3 0.8
v 2.1 0.3 1.2
v 2.1 0.3 1.3
v 2.1 0.3 1.5
v 2.1 0.3 1.6
v 2.1 0.4 -1.3
v 2.1 0.4 -1.2
v 2.1 0.4 -0.8
v 2.1 0.4 -0.7
v 2.1 0.4 -0.5
v 2.1 0.4 -0.4
v 2.1 0.4 2.38419e-07
v 2.1 0.4 0.1
v 2.1 0.4 0.3
v 2.1 0.4 0.4
v 2.1 0.4 0.8
v 2.1 0.4 0.9
v 2.1 0.4 1.1
v 2.1 0.4 1.2
v 2.1 0.4 1.6
v 2.1 0.4 1.7
v 2.1 0.5 -1.3
v 2.1 0.5 -1.2
v 2.1 0.5 -0.8
v 2.1 0.5 -0.7
v 2.1 0.5 -0.5
v 2.1 0.5 -0.4
v 2.1 0.5 2.38419e-07
v 2.1 0.5 0.1
v 2.1 0.5 0.3
v 2.1 0.5 0.4
v 2.1 0.5 0.8
v 2.1 0.5 0.9
v 2.1 0.5 1.1
v 2.1 0.5 1.2
v 2.1 0.5 1.7
v 2.1 0.5 1.8
v 2.1 0.5 1.9
v 2.1 0.5 2.1
v 2.1 0.6 -1.2
v 2.1 0.6 -1.1
v 2.1 0.6 -0.9
v 2.1 0.6 -0.8
v 2.1 0.6 -0.4
v 2.1 0.6 -0.3
v 2.1 0.6 -0.0999999
v 2.1 0.6 2.38419e-07
v 2.1 0.6 0.4
v 2.1 0.6 0.5
v 2.1 0.6 0.7
v 2.1 0.6 0.8
v 2.1 0.6 1.2
v 2.1 0.6 1.3
v 2.1 0.6 1.8
v 2.1 0.6 1.9
v 2.1 0.6 2.1
v 2.1 0.6 2.2
v 2.1 0.7 -1.1
v 2.1 0.7 -0.9
v 2.1 0.7 -0.3
v 2.1 0.7 -0.0999999
v 2.1 0.7 0.5
v 2.1 0.7 0.7
v 2.1 0.7 1.3
v 2.1 0.7 1.4
v 2.1 0.7 2.2
v 2.1 0.7 2.3
v 2.1 0.8 2.3
v 2.1 0.8 2.4
v 2.1 0.9 -1.1
v 2.1 0.9 -0.9
v 2.1 0.9 -0.3
v 2.1 0.9 -0.0999999
v 2.1 0.9 0.5
v 2.1 0.9 0.7
v 2.1 0.9 1.3
v 2.1 0.9 1.4
v 2.1 0.9 1.5
v 2.1 0.9 1.6
v 2.1 1 -1.1
v 2.1 1 -0.9
v 2.1 1 -0.3
v 2.1 1 -0.0999999
v 2.1 1 0.5
v 2.1 1 0.7
v 2.1 1 1.3
v 2.1 1 1.5
v 2.1 1 1.6
v 2.1 1 1.7
v 2.1 1 2.3
v 2.1 1 2.4
v 2.1 1.1 1.7
v 2.1 1.1 1.8
v 2.1 1.1 2.2
v 2.1 1.1 2.3
v 2.1 1.2 1.8
v 2.1 1.2 1.9
v 2.1 1.2 2.1
v 2.1 1.2 2.2
v 2.1 1.3 1.9
v 2.1 1.3 2.1
v 2 2.3 -2.5
v 2 2.3 -2.3
v 2 2.4 -2.6
v 2 2.4 -2.5
v 2 2.4 -2.3
v 2 2.4 -2.2
v 2 2.5 -2.6
v 2 2.6 -2.6
v 2 2.7 -2.2
v 2 2.8 -2.6
v 2 2.8 -2.5
v 2 2.8 -2.3
v 2 2.8 -2.2
v 1.9 0.4 -1.5
v 1.9 0.4 -1.3
v 1.9 0.4 -0.7
v 1.9 0.4 -0.5
v 1.9 0.4 0.1
v 1.9 0.4 0.3
v 1.9 0.4 0.9
v 1.9 0.4 1.1
v 1.9 0.5 -1.6
v 1.9 0.5 -1.5
v 1.9 0.5 -1.3
v 1.9 0.5 -1.2
v 1.9 0.5 -0.8
v 1.9 0.5 -0.7
v 1.9 0.5 -0.5
v 1.9 0.5 -0.4
v 1.9 0.5 2.38419e-07
v 1.9 0.5 0.1
v 1.9 0.5 0.3
v 1.9 0.5 0.4
v 1.9 0.5 0.8
v 1.9 0.5 0.9
v 1.9 0.5 1.1
v 1.9 0.5 1.2
v 1.9 0.6 -1.7
v 1.9 0.6 -1.6
v 1.9 0.6 -1.2
v 1.9 0.6 -1.1
v 1.9 0.6 -0.9
v 1.9 0.6 -0.8
v 1.9 0.6 -0.4
v 1.9 0.6 -0.3
v 1.9 0.6 -0.0999999
v 1.9 0.6 2.38419e-07
v 1.9 0.6 0.4
v 1.9 0.6 0.5
v 1.9 0.6 0.7
v 1.9 0.6 0.8
v 1.9 0.6 1.2
v 1.9 0.6 1.3
v 1.9 0.7 -1.7
v 1.9 0.7 -1.1
v 1.9 0.7 -0.9
v 1.9 0.7 -0.3
v 1.9 0.7 -0.0999999
v 1.9 0.7 0.5
v 1.9 0.7 0.7
v 1.9 0.7 1.3
v 1.9 0.7 1.4
v 1.9 0.8 -1.7
v 1.9 0.8 -1.6
v 1.9 0.9 -1.1
v 1.9 0.9 -0.9
v 1.9 0.9 -0.3
v 1.9 0.9 -0.0999999
v 1.9 0.9 0.5
v 1.9 0.9 0.7
v 1.9 0.9 1.3
v 1.9 0.9 1.4
v 1.9 1 -1.6
v 1.9 1 -1.2
v 1.9 1 -1.1
v 1.9 1 -0.9
v 1.9 1 -0.8
v 1.9 1 -0.4
v 1.9 1 -0.3
v 1.9 1 -0.0999999
v 1.9 1 2.38419e-07
v 1.9 1 0.4
v 1.9 1 0.5
v 1.9 1 0.7
v 1.9 1 0.8
v 1.9 1 1.2
v 1.9 1 1.3
v 1.9 1.1 -1.6
v 1.9 1.1 -1.5
v 1.9 1.1 -1.3
v 1.9 1.1 -1.2
v 1.9 1.1 -0.8
v 1.9 1.1 -0.7
v 1.9 1.1 -0.5
v 1.9 1.1 -0.4
v 1.9 1.1 2.38419e-07
v 1.9 1.1 0.1
v 1.9 1.1 0.3
v 1.9 1.1 0.4
v 1.9 1.1 0.8
v 1.9 1.1 0.9
v 1.9 1.1 1.1
v 1.9 1.1 1.2
v 1.9 1.2 -1.5
v 1.9 1.2 -1.3
v 1.9 1.2 -0.7
v 1.9 1.2 -0.5
v 1.9 1.2 0.1
v 1.9 1.2 0.3
v 1.9 1.2 0.9
v 1.9 1.2 1.1
v 1.9 2.4 -2.5
v 1.9 2.4 -2.3
v 1.9 2.7 -2.5
v 1.9 2.7 -2.3
v 1.7 0.5 -2.1
v 1.7 0.5 -1.9
v 1.7 0.6 -2.2
v 1.7 0.6 -2.1
v 1.7 0.6 -1.9
v 1.7 0.6 -1.8
v 1.7 0.7 -2.3
v 1.7 0.7 -2.2
v 1.7 0.7 -1.8
v 1.7 0.7 -1.7
v 1.7 0.8 -2.4
v 1.7 0.8 -2.3
v 1.7 0.8 -1.7
v 1.7 0.8 -1.6
v 1.7 1 -2.4
v 1.7 1 -2.3
v 1.7 1 -1.7
v 1.7 1 -1.6
v 1.7 1.1 -2.3
v 1.7 1.1 -2.2
v 1.7 1.1 -1.8
v 1.7 1.1 -1.7
v 1.7 1.2 -2.2
v 1.7 1.2 -2.1
v 1.7 1.2 -1.9
v 1.7 1.2 -1.8
v 1.7 1.3 -2.1
v 1.7 1.3 -1.9
v 1.5 2.3 -2.5
v 1.5 2.3 -2.3
v 1.5 2.4 -2.6
v 1.5 2.4 -2.5
v 1.5 2.4 -2.3
v 1.5 2.4 -2.2
v 1.5 2.5 -2.7
v 1.5 2.5 -2.6
v 1.5 2.5 -2.5
v 1.5 2.6 -2.7
v 1.5 2.6 -2.6
v 1.5 2.6 -2.5
v 1.5 2.6 -2.3
v 1.5 2.6 -2.2
v 1.5 2.7 -2.3
v 1.5 2.7 -2.2
v 1.5 2.8 -2.6
v 1.5 2.8 -2.5
v 1.5 2.8 -2.3
v 1.5 2.8 -2.2
v 1.4 1.9 -2.6
v 1.4 1.9 -2.2
v 1.4 2.2 -2.6
v 1.4 2.2 -2.2
v 1.4 2.4 -2.5
v 1.4 2.4 -2.3
v 1.4 2.5 -2.6
v 1.4 2.5 -2.5
v 1.4 2.5 -2.3
v 1.4 2.6 -2.6
v 1.4 2.6 -2.5
v 1.4 2.6 -2.3
v 1.4 2.7 -2.3
v 1.4 2.8 -2.5
v 1.4 2.8 -2.3
v 1.3 0 -2.1
v 1.3 0 2.1
v 1.3 0.1 -2.2
v 1.3 0.1 -2.1
v 1.3 0.1 2.1
v 1.3 0.1 2.2
v 1.3 0.2 -2.3
v 1.3 0.2 -2.2
v 1.3 0.2 2.2
v 1.3 0.2 2.3
v 1.3 0.3 -2.4
v 1.3 0.3 -2.3
v 1.3 0.3 2.3
v 1.3 0.3 2.4
v 1.3 0.4 -2.5
v 1.3 0.4 -2.4
v 1.3 0.4 -2.2
v 1.3 0.4 2.2
v 1.3 0.4 2.4
v 1.3 0.4 2.5
v 1.3 0.5 -2.6
v 1.3 0.5 -2.5
v 1.3 0.5 2.5
v 1.3 0.5 2.6
v 1.3 0.6 2.8
v 1.3 0.6 2.9
v 1.3 0.7 -2.8
v 1.3 0.7 -2.7
v 1.3 0.7 2.4
v 1.3 0.7 2.6
v 1.3 0.7 2.8
v 1.3 0.7 2.9
v 1.3 1 -2.8
v 1.3 1 -2.7
v 1.3 1 -2.6
v 1.3 1 -2.5
v 1.3 1.1 -2.5
v 1.3 1.1 -2.4
v 1.3 1.1 -2.2
v 1.3 1.2 -2.7
v 1.3 1.2 -2.6
v 1.3 1.2 -2.5
v 1.3 1.2 -2.4
v 1.3 1.2 -2.3
v 1.3 1.3 -2.3
v 1.3 1.3 -2.2
v 1.3 1.3 -2.1
v 1.3 1.3 2.2
v 1.3 1.4 -2.6
v 1.3 1.4 -2.5
v 1.3 1.4 -2.4
v 1.3 1.4 2.1
v 1.3 1.4 2.2
v 1.3 1.5 -2.1
v 1.3 1.5 -1.9
v 1.3 1.5 2.1
v 1.3 1.6 -2.5
v 1.3 1.6 -2.4
v 1.3 1.6 -2.3
v 1.3 1.7 -2.4
v 1.3 1.7 -2.3
v 1.3 1.7 -2.2
v 1.3 1.8 -2.3
v 1.3 1.8 -2.2
v 1.3 2.5 -2.5
v 1.3 2.5 -2.2
v 1.3 2.6 -2.5
v 1.3 2.6 -2.3
v 1.3 2.6 -2.2
v 1.2 0.7 2.2
v 1.2 0.7 2.4
v 1.2 0.8 2.6
v 1.2 0.8 2.7
v 1.2 0.9 2.7
v 1.2 0.9 2.9
v 1.2 1 2.4
v 1.2 1 2.5
v 1.2 1 2.6
v 1.2 1 2.8
v 1.2 1.1 2.7
v 1.2 1.1 2.8
v 1.2 1.3 2.5
v 1.2 1.3 2.6
v 1.2 1.3 2.7
v 1.2 1.3 2.8
v 1.2 1.4 2.8
v 1.2 1.4 2.9
v 1.2 1.5 2.3
v 1.2 1.5 2.6
v 1.2 1.6 2.2
v 1.2 1.6 2.3
v 1.2 2.7 1.4
v 1.2 2.7 1.5
v 1.2 2.7 1.9
v 1.2 2.7 2
v 1.2 2.8 1.4
v 1.2 2.8 1.5
v 1.2 2.8 1.9
v 1.2 2.8 2
v 1.1 0.5 2.8
v 1.1 0.5 2.9
v 1.1 0.7 2.7
v 1.1 0.7 2.8
v 1.1 0.8 2.7
v 1.1 0.9 2.7
v 1.1 0.9 2.9
v 1.1 2.7 1.5
v 1.1 2.7 1.6
v 1.1 2.7 1.8
v 1.1 2.7 1.9
v 1.1 2.8 1.5
v 1.1 2.8 1.6
v 1.1 2.8 1.7
v 1.1 2.9 1.6
v 1.1 2.9 1.7
v 1.1 2.9 1.8
v 1.1 2.9 1.9
v 1 2.3 -2.3
v 1 2.3 -2.2
v 1 2.4 -2.3
v 1 2.4 -2.2
v 1 2.7 1.6
v 1 2.7 1.8
v 1 2.8 1.6
v 1 2.8 1.7
v 1 2.9 1.7
v 1 2.9 1.8
v 0.9 2 2
v 0.9 2 2.1
v 0.9 2.1 2
v 0.9 2.1 2.1
v 0.9 2.4 -2.3
v 0.9 2.4 -2.2
v 0.9 2.5 -2.3
v 0.9 2.5 -2.2
v 0.8 2.7 -2.2
v 0.8 2.7 -2
v 0.8 2.8 -2.2
v 0.8 2.8 -2
v 0.7 2.7 -2
v 0.7 2.7 -1.7
v 0.7 2.8 -2
v 0.7 2.8 -1.7
v 0.6 2.7 -1.7
v 0.6 2.7 -1.4
v 0.6 2.7 -1.3
v 0.6 2.7 -1.2
v 0.6 2.8 -1.7
v 0.6 2.8 -1.4
v 0.6 2.8 -1.3
v 0.6 2.8 -1.2
v 0.5 2.2 2
v 0.5 2.2 2.1
v 0.5 2.3 2
v 0.5 2.3 2.1
v 0.5 2.7 -1.4
v 0.5 2.7 -1.3
v 0.5 2.8 -1.4
v 0.5 2.8 -1.3
v 0.4 1.2 -2.6
v 0.4 1.2 -2.5
v 0.4 1.8 2
v 0.4 1.8 2.1
v 0.4 2.2 2
v 0.4 2.2 2.1
v 0.4 2.8 -2.6
v 0.4 2.8 -2.5
v 0.3 1.2 -2.5
v 0.3 1.2 -2.2
v 0.3 1.9 1.7
v 0.3 1.9 1.8
v 0.3 2 1.7
v 0.3 2 1.8
v 0.3 2.4 -2.3
v 0.3 2.4 -2.2
v 0.3 2.6 -2.3
v 0.3 2.6 -2.2
v 0.3 2.7 -2.2
v 0.3 2.8 -2.5
v 0.3 2.8 -2.2
v 0.2 2 1.7
v 0.2 2 1.8
v 0.2 2.4 1.7
v 0.2 2.4 1.8
v 0.0999999 1.9 1.7
v 0.0999999 1.9 1.8
v 0.0999999 2 1.7
v 0.0999999 2 1.8
v 0 2.3 -2.3
v 0 2.3 -2.2
v 0 2.4 -2.3
v 0 2.4 -2.2
v 0 2.6 -2.3
v 0 2.6 -2.2
v 0 2.7 -2.3
v 0 2.7 -2.2
v 0 2.7 -2.1
v 0 2.7 -2
v 0 2.7 -1.6
v 0 2.7 -1.5
v 0 2.8 -2.1
v 0 2.8 -2
v 0 2.8 -1.6
v 0 2.8 -1.5
v -0.1 2.7 -2
v -0.1 2.7 -1.9
v -0.1 2.7 -1.7
v -0.1 2.7 -1.6
v -0.1 2.8 -2
v -0.1 2.8 -1.9
v -0.1 2.8 -1.7
v -0.1 2.8 -1.6
v -0.2 2.7 -1.9
v -0.2 2.7 -1.7
v -0.2 2.8 -1.9
v -0.2 2.8 -1.7
v -0.5 1.2 -2.6
v -0.5 1.2 -2.5
v -0.5 2 2
v -0.5 2 2.2
v -0.5 2.3 2
v -0.5 2.3 2.2
v -0.5 2.7 -1.4
v -0.5 2.7 -1.3
v -0.5 2.8 -2.6
v -0.5 2.8 -2.5
v -0.5 2.8 -1.4
v -0.5 2.8 -1.3
v -0.6 1.2 -2.5
v -0.6 1.2 -2.2
v -0.6 2.5 -2.3
v -0.6 2.5 -2.2
v -0.6 2.7 -1.7
v -0.6 2.7 -1.4
v -0.6 2.8 -2.5
v -0.6 2.8 -2.3
v -0.6 2.8 -1.7
v -0.6 2.8 -1.4
v -0.7 2.1 2
v -0.7 2.1 2.4
v -0.7 2.2 2
v -0.7 2.2 2.4
v -0.7 2.5 -2.3
v -0.7 2.5 -2.2
v -0.7 2.6 -2.3
v -0.7 2.6 -2.2
v -0.7 2.7 -2
v -0.7 2.7 -1.7
v -0.7 2.8 -2
v -0.7 2.8 -1.7
v -0.8 1.9 2.1
v -0.8 1.9 2.2
v -0.8 2 2.1
v -0.8 2 2.2
v -0.8 2.3 2.1
v -0.8 2.3 2.2
v -0.8 2.4 -2.3
v -0.8 2.4 -2.2
v -0.8 2.4 2.1
v -0.8 2.4 2.2
v -0.8 2.5 -2.3
v -0.8 2.5 -2.2
v -0.8 2.7 -2.3
v -0.8 2.7 -2.2
v -0.8 2.7 -2
v -0.8 2.8 -2.3
v -0.8 2.8 -2
v -0.9 1.8 2
v -0.9 1.8 2.1
v -0.9 1.9 2
v -0.9 1.9 2.1
v -0.9 2 2.1
v -0.9 2 2.2
v -0.9 2.3 2.1
v -0.9 2.3 2.2
v -0.9 2.4 2
v -0.9 2.4 2.1
v -0.9 2.5 2
v -0.9 2.5 2.1
v -1 0.3 2.3
v -1 0.3 2.4
v -1 0.3 2.6
v -1 0.4 2.5
v -1 0.4 2.6
v -1 0.6 2.3
v -1 0.6 2.4
v -1 0.6 2.5
v -1 0.6 2.7
v -1 0.6 2.8
v -1 0.6 2.9
v -1 0.7 2.4
v -1 0.7 2.7
v -1 0.7 2.8
v -1 0.7 2.9
v -1 1.9 2
v -1 1.9 2.1
v -1 2.4 2
v -1 2.4 2.1
v -1.1 0.3 -2
v -1.1 0.3 -1.9
v -1.1 0.4 -2.1
v -1.1 0.4 -2
v -1.1 0.4 -1.9
v -1.1 0.5 -2.2
v -1.1 0.5 -2.1
v -1.1 0.5 -2
v -1.1 0.7 2.2
v -1.1 0.7 2.4
v -1.1 0.7 2.6
v -1.1 0.7 2.7
v -1.1 0.9 2.7
v -1.1 0.9 2.9
v -1.1 1 2.5
v -1.1 1 2.6
v -1.1 1.1 -2.2
v -1.1 1.1 2.2
v -1.1 1.1 2.4
v -1.1 1.1 2.5
v -1.1 1.2 2.3
v -1.1 1.2 2.4
v -1.1 1.3 -2.2
v -1.1 1.3 -2.1
v -1.1 1.3 2.2
v -1.1 1.3 2.3
v -1.1 1.3 2.7
v -1.1 1.3 2.8
v -1.1 1.4 -2.2
v -1.1 1.4 -2.1
v -1.1 1.4 2.2
v -1.1 1.4 2.6
v -1.1 1.4 2.7
v -1.1 1.4 2.8
v -1.1 1.4 2.9
v -1.1 1.5 -2.1
v -1.1 1.5 -1.9
v -1.1 1.5 2.4
v -1.1 1.5 2.6
v -1.1 1.6 2.2
v -1.1 1.6 2.4
v -1.1 1.7 -2.2
v -1.1 1.7 -1.9
v -1.1 2.6 -0.2
v -1.1 2.6 -0.0999999
v -1.1 2.7 -0.2
v -1.1 2.7 -0.0999999
v -1.2 0.5 2.8
v -1.2 0.5 2.9
v -1.2 0.7 2.7
v -1.2 0.7 2.8
v -1.2 0.9 2.7
v -1.2 0.9 2.9
v -1.2 2.5 -2.3
v -1.2 2.5 -2.2
v -1.2 2.6 -2.3
v -1.2 2.6 -2.2
v -1.2 2.7 1.4
v -1.2 2.7 1.5
v -1.2 2.7 1.9
v -1.2 2.7 2
v -1.2 2.8 1.4
v -1.2 2.8 1.5
v -1.2 2.8 1.9
v -1.2 2.8 2
v -1.3 2.3 -2.3
v -1.3 2.3 -2.2
v -1.3 2.4 -2.3
v -1.3 2.4 -2.2
v -1.3 2.7 1.5
v -1.3 2.7 1.6
v -1.3 2.7 1.8
v -1.3 2.7 1.9
v -1.3 2.8 1.5
v -1.3 2.8 1.6
v -1.3 2.8 1.7
v -1.3 2.9 1.6
v -1.3 2.9 1.7
v -1.3 2.9 1.8
v -1.3 2.9 1.9
v -1.4 2.7 1.6
v -1.4 2.7 1.8
v -1.4 2.8 1.6
v -1.4 2.8 1.7
v -1.4 2.9 1.7
v -1.4 2.9 1.8
v -1.5 2.3 -2.5
v -1.5 2.3 -2.3
v -1.5 2.4 -2.6
v -1.5 2.4 -2.5
v -1.5 2.4 -2.3
v -1.5 2.4 -2.2
v -1.5 2.5 -2.6
v -1.5 2.6 -2.6
v -1.5 2.7 -2.2
v -1.5 2.8 -2.6
v -1.5 2.8 -2.5
v -1.5 2.8 -2.3
v -1.5 2.8 -2.2
v -1.6 2.4 -2.5
v -1.6 2.4 -2.3
v -1.6 2.7 -2.5
v -1.6 2.7 -2.3
v -1.7 0.5 -2.1
v -1.7 0.5 -1.9
v -1.7 0.6 -2.2
v -1.7 0.6 -2.1
v -1.7 0.6 -1.9
v -1.7 0.6 -1.8
v -1.7 0.7 -2.3
v -1.7 0.7 -2.2
v -1.7 0.7 -1.8
v -1.7 0.8 -2.4
v -1.7 0.8 -2.3
v -1.7 0.9 -1.8
v -1.7 0.9 -1.7
v -1.7 1 -2.4
v -1.7 1 -2.3
v -1.7 1 -1.7
v -1.7 1.1 -2.3
v -1.7 1.1 -2.2
v -1.7 1.1 -1.8
v -1.7 1.1 -1.7
v -1.7 1.2 -2.2
v -1.7 1.2 -2.1
v -1.7 1.2 -1.9
v -1.7 1.2 -1.8
v -1.7 1.3 -2.1
v -1.7 1.3 -1.9
v -1.8 0.7 -2.2
v -1.8 0.7 -2.1
v -1.8 0.7 -1.9
v -1.8 0.7 -1.8
v -1.8 0.8 -2.2
v -1.8 0.8 -2.1
v -1.8 0.8 -1.9
v -1.8 0.8 -1.8
v -1.8 1 -2.2
v -1.8 1 -2.1
v -1.8 1 -1.9
v -1.8 1 -1.8
v -1.8 1.1 -2.2
v -1.8 1.1 -2.1
v -1.8 1.1 -1.9
v -1.8 1.1 -1.8
v -1.9 0.4 -1.5
v -1.9 0.4 -1.3
v -1.9 0.4 -0.7
v -1.9 0.4 -0.5
v -1.9 0.4 0.1
v -1.9 0.4 0.3
v -1.9 0.4 0.9
v -1.9 0.4 1.1
v -1.9 0.5 -1.6
v -1.9 0.5 -1.5
v -1.9 0.5 -1.4
v -1.9 0.5 -1.3
v -1.9 0.5 -0.7
v -1.9 0.5 -0.5
v -1.9 0.5 0.1
v -1.9 0.5 0.3
v -1.9 0.5 0.9
v -1.9 0.5 1.1
v -1.9 0.6 -1.7
v -1.9 0.6 -1.6
v -1.9 0.7 -1.8
v -1.9 0.7 -1.7
v -1.9 0.7 -1.4
v -1.9 0.7 -1.3
v -1.9 0.7 -0.7
v -1.9 0.7 -0.5
v -1.9 0.7 0.1
v -1.9 0.7 0.3
v -1.9 0.7 0.9
v -1.9 0.7 1.1
v -1.9 0.8 -1.8
v -1.9 0.8 -1.3
v -1.9 0.8 -1.2
v -1.9 0.8 -0.8
v -1.9 0.8 -0.7
v -1.9 0.8 -0.5
v -1.9 0.8 -0.4
v -1.9 0.8 2.38419e-07
v -1.9 0.8 0.1
v -1.9 0.8 0.3
v -1.9 0.8 0.4
v -1.9 0.8 0.8
v -1.9 0.8 0.9
v -1.9 0.8 1.1
v -1.9 0.8 1.2
v -1.9 0.9 -1.8
v -1.9 0.9 -1.7
v -1.9 0.9 -1.2
v -1.9 0.9 -1.1
v -1.9 0.9 -0.9
v -1.9 0.9 -0.8
v -1.9 0.9 -0.4
v -1.9 0.9 -0.3
v -1.9 0.9 -0.0999999
v -1.9 0.9 2.38419e-07
v -1.9 0.9 0.4
v -1.9 0.9 0.5
v -1.9 0.9 0.7
v -1.9 0.9 0.8
v -1.9 0.9 1.2
v -1.9 0.9 1.3
v -1.9 1 -1.7
v -1.9 1 -1.6
v -1.9 1 -1.2
v -1.9 1 -1.1
v -1.9 1 -0.9
v -1.9 1 -0.8
v -1.9 1 -0.4
v -1.9 1 -0.3
v -1.9 1 -0.0999999
v -1.9 1 2.38419e-07
v -1.9 1 0.4
v -1.9 1 0.5
v -1.9 1 0.7
v -1.9 1 0.8
v -1.9 1 1.2
v -1.9 1 1.3
v -1.9 1.1 -1.6
v -1.9 1.1 -1.5
v -1.9 1.1 -1.3
v -1.9 1.1 -1.2
v -1.9 1.1 -0.8
v -1.9 1.1 -0.7
v -1.9 1.1 -0.5
v -1.9 1.1 -0.4
v -1.9 1.1 2.38419e-07
v -1.9 1.1 0.1
v -1.9 1.1 0.3
v -1.9 1.1 0.4
v -1.9 1.1 0.8
v -1.9 1.1 0.9
v -1.9 1.1 1.1
v -1.9 1.1 1.2
v -1.9 1.2 -1.5
v -1.9 1.2 -1.3
v -1.9 1.2 -0.7
v -1.9 1.2 -0.5
v -1.9 1.2 0.1
v -1.9 1.2 0.3
v -1.9 1.2 0.9
v -1.9 1.2 1.1
v -2 0.3 0.4
v -2 0.3 0.5
v -2 0.4 0.4
v -2 0.4 0.5
v -2 0.7 -2.1
v -2 0.7 -1.9
v -2 0.8 -2.2
v -2 0.8 -2.1
v -2 0.8 -1.9
v -2 0.8 -1.8
v -2 1 -2.2
v -2 1 -2.1
v -2 1 -1.9
v -2 1 -1.8
v -2 1.1 -2.1
v -2 1.1 -1.9
v -2 2.3 -2.5
v -2 2.3 -2.3
v -2 2.4 -2.6
v -2 2.4 -2.5
v -2 2.4 -2.3
v -2 2.4 -2.2
v -2 2.5 -2.7
v -2 2.5 -2.6
v -2 2.5 -2.5
v -2 2.6 -2.7
v -2 2.6 -2.6
v -2 2.6 -2.5
v -2 2.7 -2.2
v -2 2.8 -2.6
v -2 2.8 -2.5
v -2 2.8 -2.3
v -2 2.8 -2.2
v -2.1 0.2 -1.1
v -2.1 0.2 -0.9
v -2.1 0.2 -0.3
v -2.1 0.2 -0.0999999
v -2.1 0.2 0.5
v -2.1 0.2 0.7
v -2.1 0.2 1.3
v -2.1 0.2 1.5
v -2.1 0.3 -1.2
v -2.1 0.3 -1.1
v -2.1 0.3 -0.9
v -2.1 0.3 -0.8
v -2.1 0.3 -0.4
v -2.1 0.3 -0.3
v -2.1 0.3 -0.0999999
v -2.1 0.3 2.38419e-07
v -2.1 0.3 0.7
v -2.1 0.3 0.8
v -2.1 0.3 1.2
v -2.1 0.3 1.3
v -2.1 0.3 1.5
v -2.1 0.3 1.6
v -2.1 0.4 -1.3
v -2.1 0.4 -1.2
v -2.1 0.4 -0.8
v -2.1 0.4 -0.7
v -2.1 0.4 -0.5
v -2.1 0.4 -0.4
v -2.1 0.4 2.38419e-07
v -2.1 0.4 0.1
v -2.1 0.4 0.3
v -2.1 0.4 0.5
v -2.1 0.4 0.8
v -2.1 0.4 0.9
v -2.1 0.4 1.1
v -2.1 0.4 1.2
v -2.1 0.4 1.6
v -2.1 0.4 1.7
v -2.1 0.5 -1.4
v -2.1 0.5 -1.3
v -2.1 0.5 -0.7
v -2.1 0.5 -0.5
v -2.1 0.5 0.1
v -2.1 0.5 0.3
v -2.1 0.5 0.9
v -2.1 0.5 1.1
v -2.1 0.5 1.7
v -2.1 0.5 1.8
v -2.1 0.5 1.9
v -2.1 0.5 2.1
v -2.1 0.6 1.8
v -2.1 0.6 1.9
v -2.1 0.6 2.1
v -2.1 0.6 2.2
v -2.1 0.7 -1.4
v -2.1 0.7 -1.3
v -2.1 0.7 -0.7
v -2.1 0.7 -0.5
v -2.1 0.7 0.1
v -2.1 0.7 0.3
v -2.1 0.7 0.9
v -2.1 0.7 1.1
v -2.1 0.7 2.2
v -2.1 0.7 2.3
v -2.1 0.8 -2.1
v -2.1 0.8 -1.9
v -2.1 0.8 -1.3
v -2.1 0.8 -1.2
v -2.1 0.8 -0.8
v -2.1 0.8 -0.7
v -2.1 0.8 -0.5
v -2.1 0.8 -0.4
v -2.1 0.8 2.38419e-07
v -2.1 0.8 0.1
v -2.1 0.8 0.3
v -2.1 0.8 0.4
v -2.1 0.8 0.8
v -2.1 0.8 0.9
v -2.1 0.8 1.1
v -2.1 0.8 1.2
v -2.1 0.8 2.3
v -2.1 0.8 2.4
v -2.1 0.9 -1.2
v -2.1 0.9 -1.1
v -2.1 0.9 -0.9
v -2.1 0.9 -0.8
v -2.1 0.9 -0.4
v -2.1 0.9 -0.3
v -2.1 0.9 -0.0999999
v -2.1 0.9 2.38419e-07
v -2.1 0.9 0.4
v -2.1 0.9 0.5
v -2.1 0.9 0.7
v -2.1 0.9 0.8
v -2.1 0.9 1.2
v -2.1 0.9 1.3
v -2.1 0.9 1.5
v -2.1 0.9 1.6
v -2.1 1 -2.1
v -2.1 1 -1.9
v -2.1 1 -1.1
v -2.1 1 -0.9
v -2.1 1 -0.3
v -2.1 1 -0.0999999
v -2.1 1 0.5
v -2.1 1 0.7
v -2.1 1 1.3
v -2.1 1 1.5
v -2.1 1 1.6
v -2.1 1 1.7
v -2.1 1 2.3
v -2.1 1 2.4
v -2.1 1.1 1.7
v -2.1 1.1 1.8
v -2.1 1.1 2.2
v -2.1 1.1 2.3
v -2.1 1.2 1.8
v -2.1 1.2 1.9
v -2.1 1.2 2.1
v -2.1 1.2 2.2
v -2.1 1.3 1.9
v -2.1 1.3 2.1
v -2.1 1.7 -2.2
v -2.1 1.7 2
v -2.1 1.8 -2.2
v -2.1 1.8 2
v -2.1 2.4 -2.5
v -2.1 2.4 -2.3
v -2.1 2.5 -2.6
v -2.1 2.5 -2.5
v -2.1 2.5 -2.3
v -2.1 2.6 -2.6
v -2.1 2.6 -2.5
v -2.1 2.6 -2.3
v -2.1 2.8 -2.5
v -2.1 2.8 -2.3
v -2.2 1.9 -2.2
v -2.2 1.9 2
v -2.2 2.5 -2.5
v -2.2 2.5 -2.2
v -2.2 2.6 -2.5
v -2.2 2.6 -2.2
v -2.2 2.7 -2.2
v -2.2 2.7 2
v -2.3 0 -2.1
v -2.3 0 2.1
v -2.3 0.1 -2.2
v -2.3 0.1 -2.1
v -2.3 0.1 2.1
v -2.3 0.1 2.2
v -2.3 0.2 -2.3
v -2.3 0.2 -2.2
v -2.3 0.2 2.2
v -2.3 0.2 2.3
v -2.3 0.3 -2.4
v -2.3 0.3 -2.3
v -2.3 0.3 2.3
v -2.3 0.3 2.4
v -2.3 0.4 -2.5
v -2.3 0.4 -2.4
v -2.3 0.4 -2.2
v -2.3 0.4 2.2
v -2.3 0.4 2.4
v -2.3 0.4 2.5
v -2.3 0.5 -2.6
v -2.3 0.5 -2.5
v -2.3 0.5 2.5
v -2.3 0.5 2.6
v -2.3 0.7 -2.8
v -2.3 0.7 -2.7
v -2.3 1 -2.8
v -2.3 1 -2.7
v -2.3 1 -2.6
v -2.3 1 -2.5
v -2.3 1 2.5
v -2.3 1 2.6
v -2.3 1.1 -2.5
v -2.3 1.1 -2.4
v -2.3 1.1 -2.2
v -2.3 1.1 2.2
v -2.3 1.1 2.4
v -2.3 1.1 2.5
v -2.3 1.2 -2.7
v -2.3 1.2 -2.6
v -2.3 1.2 -2.5
v -2.3 1.2 -2.4
v -2.3 1.2 -2.3
v -2.3 1.2 2.3
v -2.3 1.2 2.4
v -2.3 1.3 -2.3
v -2.3 1.3 -2.2
v -2.3 1.3 2.2
v -2.3 1.3 2.3
v -2.3 1.3 2.7
v -2.3 1.3 2.8
v -2.3 1.4 -2.6
v -2.3 1.4 -2.5
v -2.3 1.4 -2.4
v -2.3 1.4 -2.2
v -2.3 1.4 -2.1
v -2.3 1.4 2.1
v -2.3 1.4 2.2
v -2.3 1.4 2.6
v -2.3 1.4 2.7
v -2.3 1.4 2.8
v -2.3 1.5 -2.1
v -2.3 1.5 2.1
v -2.3 1.5 2.4
v -2.3 1.5 2.6
v -2.3 1.5 2.7
v -2.3 1.6 -2.5
v -2.3 1.6 -2.4
v -2.3 1.6 -2.3
v -2.3 1.6 2.2
v -2.3 1.6 2.4
v -2.3 1.6 2.6
v -2.3 1.7 -2.4
v -2.3 1.7 -2.3
v -2.3 1.7 -2.2
v -2.3 1.7 2
v -2.3 1.7 2.2
v -2.3 1.7 2.4
v -2.3 1.8 -2.3
v -2.3 1.8 -2.2
v -2.3 1.8 2
v -2.3 1.8 2.2
v -2.3 1.9 -2.2
v -2.3 1.9 2
v -2.4 1.7 -2.2
v -2.4 1.7 2
v -2.4 1.8 -2.2
v -2.4 1.8 2
v -2.5 1.5 -2.2
v -2.5 1.5 2
v -2.5 1.7 -2.2
v -2.5 1.7 2
v -2.6 1.3 -2.2
v -2.6 1.3 2
v -2.6 1.5 -2.2
v -2.6 1.5 2
v 2.5 0.7 -2.8
v 2.5 1 -2.8
v 1.3 0.7 -2.8
v 1.3 1 -2.8
v -1.1 0.7 -2.8
v -1.1 1 -2.8
v -2.3 0.7 -2.8
v -2.3 1 -2.8
v 2.5 1 -2.7
v 2.5 1.2 -2.7
v 2.2 2.5 -2.7
v 2.2 2.6 -2.7
v 1.5 2.5 -2.7
v 1.5 2.6 -2.7
v 1.3 1 -2.7
v 1.3 1.2 -2.7
v -1.1 1 -2.7
v -1.1 1.2 -2.7
v -1.3 2.5 -2.7
v -1.3 2.6 -2.7
v -2 2.5 -2.7
v -2 2.6 -2.7
v -2.3 1 -2.7
v -2.3 1.2 -2.7
v 2.5 0.5 -2.6
v 2.5 1 -2.6
v 2.5 1.2 -2.6
v 2.5 1.4 -2.6
v 2.3 1.9 -2.6
v 2.3 2.2 -2.6
v 2.3 2.5 -2.6
v 2.3 2.6 -2.6
v 2.2 2.4 -2.6
v 2.2 2.5 -2.6
v 2.2 2.6 -2.6
v 2.2 2.8 -2.6
v 2 2.4 -2.6
v 2 2.5 -2.6
v 2 2.6 -2.6
v 2 2.8 -2.6
v 1.7 2.4 -2.6
v 1.7 2.5 -2.6
v 1.7 2.6 -2.6
v 1.7 2.8 -2.6
v 1.5 2.4 -2.6
v 1.5 2.5 -2.6
v 1.5 2.6 -2.6
v 1.5 2.8 -2.6
v 1.4 1.9 -2.6
v 1.4 2.2 -2.6
v 1.4 2.5 -2.6
v 1.4 2.6 -2.6
v 1.3 0.5 -2.6
v 1.3 1 -2.6
v 1.3 1.2 -2.6
v 1.3 1.4 -2.6
v 0.7 1.2 -2.6
v 0.7 2.8 -2.6
v 0.4 1.2 -2.6
v 0.4 2.8 -2.6
v -0.2 1.2 -2.6
v -0.2 2.8 -2.6
v -0.5 1.2 -2.6
v -0.5 2.8 -2.6
v -1.1 0.5 -2.6
v -1.1 1 -2.6
v -1.1 1.2 -2.6
v -1.1 1.4 -2.6
v -1.2 2.5 -2.6
v -1.2 2.6 -2.6
v -1.3 2.4 -2.6
v -1.3 2.5 -2.6
v -1.3 2.6 -2.6
v -1.3 2.8 -2.6
v -1.5 2.4 -2.6
v -1.5 2.5 -2.6
v -1.5 2.6 -2.6
v -1.5 2.8 -2.6
v -1.8 2.4 -2.6
v -1.8 2.5 -2.6
v -1.8 2.6 -2.6
v -1.8 2.8 -2.6
v -2 2.4 -2.6
v -2 2.5 -2.6
v -2 2.6 -2.6
v -2 2.8 -2.6
v -2.1 2.5 -2.6
v -2.1 2.6 -2.6
v -2.3 0.5 -2.6
v -2.3 1 -2.6
v -2.3 1.2 -2.6
v -2.3 1.4 -2.6
v 2.5 0.4 -2.5
v 2.5 0.5 -2.5
v 2.5 1 -2.5
v 2.5 1.1 -2.5
v 2.5 1.4 -2.5
v 2.5 1.6 -2.5
v 2.4 2.5 -2.5
v 2.4 2.6 -2.5
v 2.3 2.4 -2.5
v 2.3 2.5 -2.5
v 2.3 2.6 -2.5
v 2.3 2.8 -2.5
v 2.2 2.3 -2.5
v 2.2 2.4 -2.5
v 2.2 2.5 -2.5
v 2.2 2.6 -2.5
v 2.2 2.8 -2.5
v 2 2.3 -2.5
v 2 2.4 -2.5
v 2 2.8 -2.5
v 1.9 2.4 -2.5
v 1.9 2.7 -2.5
v 1.8 2.4 -2.5
v 1.8 2.7 -2.5
v 1.7 2.3 -2.5
v 1.7 2.4 -2.5
v 1.7 2.8 -2.5
v 1.5 2.3 -2.5
v 1.5 2.4 -2.5
v 1.5 2.5 -2.5
v 1.5 2.6 -2.5
v 1.5 2.8 -2.5
v 1.4 2.4 -2.5
v 1.4 2.5 -2.5
v 1.4 2.6 -2.5
v 1.4 2.8 -2.5
v 1.3 0.4 -2.5
v 1.3 0.5 -2.5
v 1.3 1 -2.5
v 1.3 1.1 -2.5
v 1.3 1.4 -2.5
v 1.3 1.6 -2.5
v 1.3 2.5 -2.5
v 1.3 2.6 -2.5
v 0.8 1.2 -2.5
v 0.8 2.8 -2.5
v 0.7 1.2 -2.5
v 0.7 2.8 -2.5
v 0.4 1.2 -2.5
v 0.4 2.8 -2.5
v 0.3 1.2 -2.5
v 0.3 2.8 -2.5
v -0.1 1.2 -2.5
v -0.1 2.8 -2.5
v -0.2 1.2 -2.5
v -0.2 2.8 -2.5
v -0.5 1.2 -2.5
v -0.5 2.8 -2.5
v -0.6 1.2 -2.5
v -0.6 2.8 -2.5
v -1.1 0.4 -2.5
v -1.1 0.5 -2.5
v -1.1 1 -2.5
v -1.1 1.1 -2.5
v -1.1 1.4 -2.5
v -1.1 1.6 -2.5
v -1.1 2.5 -2.5
v -1.1 2.6 -2.5
v -1.2 2.4 -2.5
v -1.2 2.5 -2.5
v -1.2 2.6 -2.5
v -1.2 2.8 -2.5
v -1.3 2.3 -2.5
v -1.3 2.4 -2.5
v -1.3 2.5 -2.5
v -1.3 2.6 -2.5
v -1.3 2.8 -2.5
v -1.5 2.3 -2.5
v -1.5 2.4 -2.5
v -1.5 2.8 -2.5
v -1.6 2.4 -2.5
v -1.6 2.7 -2.5
v -1.7 2.4 -2.5
v -1.7 2.7 -2.5
v -1.8 2.3 -2.5
v -1.8 2.4 -2.5
v -1.8 2.8 -2.5
v -2 2.3 -2.5
v -2 2.4 -2.5
v -2 2.5 -2.5
v -2 2.6 -2.5
v -2 2.8 -2.5
v -2.1 2.4 -2.5
v -2.1 2.5 -2.5
v -2.1 2.6 -2.5
v -2.1 2.8 -2.5
v -2.2 2.5 -2.5
v -2.2 2.6 -2.5
v -2.3 0.4 -2.5
v -2.3 0.5 -2.5
v -2.3 1 -2.5
v -2.3 1.1 -2.5
v -2.3 1.4 -2.5
v -2.3 1.6 -2.5
v 2.5 0.3 -2.4
v 2.5 0.4 -2.4
v 2.5 1.1 -2.4
v 2.5 1.2 -2.4
v 2.5 1.6 -2.4
v 2.5 1.7 -2.4
v 1.3 0.3 -2.4
v 1.3 0.4 -2.4
v 1.3 1.1 -2.4
v 1.3 1.2 -2.4
v 1.3 1.6 -2.4
v 1.3 1.7 -2.4
v -1.1 0.3 -2.4
v -1.1 0.4 -2.4
v -1.1 1.1 -2.4
v -1.1 1.2 -2.4
v -1.1 1.6 -2.4
v -1.1 1.7 -2.4
v -2.3 0.3 -2.4
v -2.3 0.4 -2.4
v -2.3 1.1 -2.4
v -2.3 1.2 -2.4
v -2.3 1.6 -2.4
v -2.3 1.7 -2.4
v 2.5 0.2 -2.3
v 2.5 0.3 -2.3
v 2.5 1.2 -2.3
v 2.5 1.3 -2.3
v 2.5 1.7 -2.3
v 2.5 1.8 -2.3
v 1.9 0.7 -2.3
v 1.9 0.8 -2.3
v 1.9 1 -2.3
v 1.9 1.1 -2.3
v 1.7 0.7 -2.3
v 1.7 0.8 -2.3
v 1.7 1 -2.3
v 1.7 1.1 -2.3
v 1.5 2.3 -2.3
v 1.5 2.4 -2.3
v 1.4 2.4 -2.3
v 1.4 2.6 -2.3
v 1.4 2.7 -2.3
v 1.3 0.2 -2.3
v 1.3 0.3 -2.3
v 1.3 1.2 -2.3
v 1.3 1.3 -2.3
v 1.3 1.7 -2.3
v 1.3 1.8 -2.3
v 1.3 2.6 -2.3
v 1 2.3 -2.3
v 1 2.4 -2.3
v 1 2.5 -2.3
v 1 2.7 -2.3
v 1 2.8 -2.3
v 0.9 2.4 -2.3
v 0.9 2.5 -2.3
v 0.9 2.6 -2.3
v 0.8 2.5 -2.3
v 0.8 2.8 -2.3
v 0.3 2.4 -2.3
v 0.3 2.6 -2.3
v 0.2 2.3 -2.3
v 0.2 2.4 -2.3
v 0.2 2.6 -2.3
v 0.2 2.7 -2.3
v 0 2.3 -2.3
v 0 2.4 -2.3
v 0 2.6 -2.3
v 0 2.7 -2.3
v -0.1 2.4 -2.3
v -0.1 2.6 -2.3
v -0.6 2.5 -2.3
v -0.6 2.8 -2.3
v -0.7 2.4 -2.3
v -0.7 2.5 -2.3
v -0.7 2.6 -2.3
v -0.8 2.3 -2.3
v -0.8 2.4 -2.3
v -0.8 2.5 -2.3
v -0.8 2.7 -2.3
v -0.8 2.8 -2.3
v -1.1 0.2 -2.3
v -1.1 0.3 -2.3
v -1.1 1.2 -2.3
v -1.1 1.3 -2.3
v -1.1 1.7 -2.3
v -1.1 1.8 -2.3
v -1.1 2.6 -2.3
v -1.2 2.4 -2.3
v -1.2 2.6 -2.3
v -1.2 2.7 -2.3
v -1.3 2.3 -2.3
v -1.3 2.4 -2.3
v -1.5 0.7 -2.3
v -1.5 0.8 -2.3
v -1.5 1 -2.3
v -1.5 1.1 -2.3
v -1.7 0.7 -2.3
v -1.7 0.8 -2.3
v -1.7 1 -2.3
v -1.7 1.1 -2.3
v -2.3 0.2 -2.3
v -2.3 0.3 -2.3
v -2.3 1.2 -2.3
v -2.3 1.3 -2.3
v -2.3 1.7 -2.3
v -2.3 1.8 -2.3
v 2.7 1.4 -2.2
v 2.7 1.6 -2.2
v 2.6 1.4 -2.2
v 2.6 1.6 -2.2
v 2.6 1.8 -2.2
v 2.5 0.1 -2.2
v 2.5 0.2 -2.2
v 2.5 1.3 -2.2
v 2.5 1.4 -2.2
v 2.5 1.6 -2.2
v 2.5 1.7 -2.2
v 2.5 1.8 -2.2
v 2.5 1.9 -2.2
v 2.4 1.9 -2.2
v 2.4 2.5 -2.2
v 2.4 2.6 -2.2
v 2.4 2.7 -2.2
v 2.3 1.9 -2.2
v 2.3 2.2 -2.2
v 2.3 2.5 -2.2
v 2.3 2.6 -2.2
v 2.2 0.8 -2.2
v 2.2 1 -2.2
v 2.2 2.4 -2.2
v 2.2 2.7 -2.2
v 2 0.7 -2.2
v 2 0.8 -2.2
v 2 1 -2.2
v 2 1.1 -2.2
v 2 2.4 -2.2
v 2 2.7 -2.2
v 1.9 0.6 -2.2
v 1.9 0.7 -2.2
v 1.9 1.1 -2.2
v 1.7 0.6 -2.2
v 1.7 0.7 -2.2
v 1.7 2.4 -2.2
v 1.7 2.7 -2.2
v 1.5 2.3 -2.2
v 1.5 2.4 -2.2
v 1.5 2.6 -2.2
v 1.4 1.9 -2.2
v 1.4 2.2 -2.2
v 1.4 2.5 -2.2
v 1.4 2.6 -2.2
v 1.3 0.1 -2.2
v 1.3 0.2 -2.2
v 1.3 0.5 -2.2
v 1.3 1.1 -2.2
v 1.3 1.3 -2.2
v 1.3 1.4 -2.2
v 1.3 1.7 -2.2
v 1.3 1.8 -2.2
v 1.3 2.5 -2.2
v 1.3 2.6 -2.2
v 1 2.3 -2.2
v 1 2.4 -2.2
v 1 2.5 -2.2
v 0.9 2.4 -2.2
v 0.9 2.5 -2.2
v 0.9 2.6 -2.2
v 0.8 1.2 -2.2
v 0.8 2.5 -2.2
v 0.3 1.2 -2.2
v 0.3 2.4 -2.2
v 0.3 2.6 -2.2
v 0.3 2.7 -2.2
v 0.2 2.3 -2.2
v 0.2 2.4 -2.2
v 0.2 2.6 -2.2
v 0.2 2.7 -2.2
v 0 2.3 -2.2
v 0 2.4 -2.2
v 0 2.6 -2.2
v 0 2.7 -2.2
v -0.1 1.2 -2.2
v -0.1 2.4 -2.2
v -0.1 2.6 -2.2
v -0.1 2.7 -2.2
v -0.6 1.2 -2.2
v -0.6 2.5 -2.2
v -0.7 2.4 -2.2
v -0.7 2.5 -2.2
v -0.7 2.6 -2.2
v -0.8 2.3 -2.2
v -0.8 2.4 -2.2
v -0.8 2.5 -2.2
v -1.1 0.1 -2.2
v -1.1 0.2 -2.2
v -1.1 0.5 -2.2
v -1.1 1.1 -2.2
v -1.1 1.3 -2.2
v -1.1 1.4 -2.2
v -1.1 1.7 -2.2
v -1.1 1.8 -2.2
v -1.1 2.5 -2.2
v -1.1 2.6 -2.2
v -1.2 2.5 -2.2
v -1.2 2.6 -2.2
v -1.3 2.3 -2.2
v -1.3 2.4 -2.2
v -1.3 2.6 -2.2
v -1.5 0.6 -2.2
v -1.5 0.7 -2.2
v -1.5 2.4 -2.2
v -1.5 2.7 -2.2
v -1.7 0.6 -2.2
v -1.7 0.7 -2.2
v -1.7 1.1 -2.2
v -1.8 0.7 -2.2
v -1.8 0.8 -2.2
v -1.8 1 -2.2
v -1.8 1.1 -2.2
v -1.8 2.4 -2.2
v -1.8 2.7 -2.2
v -2 0.8 -2.2
v -2 1 -2.2
v -2 2.4 -2.2
v -2 2.7 -2.2
v -2.1 2.5 -2.2
v -2.1 2.6 -2.2
v -2.2 1.9 -2.2
v -2.2 2.5 -2.2
v -2.2 2.6 -2.2
v -2.2 2.7 -2.2
v -2.3 0.1 -2.2
v -2.3 0.2 -2.2
v -2.3 1.3 -2.2
v -2.3 1.4 -2.2
v -2.3 1.7 -2.2
v -2.3 1.8 -2.2
v -2.3 1.9 -2.2
v -2.4 1.5 -2.2
v -2.4 1.7 -2.2
v -2.4 1.8 -2.2
v -2.5 1.3 -2.2
v -2.5 1.5 -2.2
v -2.5 1.7 -2.2
v -2.6 1.3 -2.2
v -2.6 1.5 -2.2
v 2.5 0 -2.1
v 2.5 0.1 -2.1
v 2.5 1.4 -2.1
v 2.5 1.5 -2.1
v 2.3 0.8 -2.1
v 2.3 1 -2.1
v 2.2 0.7 -2.1
v 2.2 0.8 -2.1
v 2.2 1 -2.1
v 2.2 1.1 -2.1
v 2 0.7 -2.1
v 2 0.8 -2.1
v 2 1 -2.1
v 2 1.1 -2.1
v 1.9 0.5 -2.1
v 1.9 0.6 -2.1
v 1.9 1.2 -2.1
v 1.9 1.3 -2.1
v 1.7 0.5 -2.1
v 1.7 0.6 -2.1
v 1.7 1.2 -2.1
v 1.7 1.3 -2.1
v 1.3 0 -2.1
v 1.3 0.1 -2.1
v 1.3 0.4 -2.1
v 1.3 0.5 -2.1
v 1.3 1.4 -2.1
v 1.3 1.5 -2.1
v 0.2 2.7 -2.1
v 0.2 2.8 -2.1
v 0 2.7 -2.1
v 0 2.8 -2.1
v -1.1 0 -2.1
v -1.1 0.1 -2.1
v -1.1 0.4 -2.1
v -1.1 0.5 -2.1
v -1.1 1.4 -2.1
v -1.1 1.5 -2.1
v -1.5 0.5 -2.1
v -1.5 0.6 -2.1
v -1.5 1.2 -2.1
v -1.5 1.3 -2.1
v -1.7 0.5 -2.1
v -1.7 0.6 -2.1
v -1.7 1.2 -2.1
v -1.7 1.3 -2.1
v -1.8 0.7 -2.1
v -1.8 0.8 -2.1
v -1.8 1 -2.1
v -1.8 1.1 -2.1
v -2 0.7 -2.1
v -2 0.8 -2.1
v -2 1 -2.1
v -2 1.1 -2.1
v -2.1 0.8 -2.1
v -2.1 1 -2.1
v -2.3 0 -2.1
v -2.3 0.1 -2.1
v -2.3 1.4 -2.1
v -2.3 1.5 -2.1
v 1.3 0.3 -2
v 1.3 0.4 -2
v 0.8 2.7 -2
v 0.8 2.8 -2
v 0.7 2.7 -2
v 0.7 2.8 -2
v 0.3 2.7 -2
v 0.3 2.8 -2
v 0.2 2.7 -2
v 0.2 2.8 -2
v 0 2.7 -2
v 0 2.8 -2
v -0.1 2.7 -2
v -0.1 2.8 -2
v -0.5 2.7 -2
v -0.5 2.8 -2
v -0.6 2.7 -2
v -0.6 2.8 -2
v -1.1 0.3 -2
v -1.1 0.4 -2
v 0.4 2.7 -1.9
v 0.4 2.8 -1.9
v 0.3 2.7 -1.9
v 0.3 2.8 -1.9
v -0.1 2.7 -1.9
v -0.1 2.8 -1.9
v -0.2 2.7 -1.9
v -0.2 2.8 -1.9
v 2.1 0.7 -1.8
v 2.1 0.8 -1.8
v 2 0.7 -1.8
v 2 0.8 -1.8
v -1.8 0.7 -1.8
v -1.8 0.8 -1.8
v -1.9 0.7 -1.8
v -1.9 0.8 -1.8
v 2.1 0.6 -1.7
v 2.1 0.7 -1.7
v 2.1 0.9 -1.7
v 2.1 1 -1.7
v 2 0.7 -1.7
v 1.9 0.6 -1.7
v 1.9 0.7 -1.7
v 1.9 0.9 -1.7
v 1.9 1 -1.7
v 0.7 2.7 -1.7
v 0.7 2.8 -1.7
v 0.6 2.7 -1.7
v 0.6 2.8 -1.7
v -0.4 2.7 -1.7
v -0.4 2.8 -1.7
v -0.5 2.7 -1.7
v -0.5 2.8 -1.7
v -1.7 0.6 -1.7
v -1.7 0.7 -1.7
v -1.7 0.9 -1.7
v -1.7 1 -1.7
v -1.9 0.6 -1.7
v -1.9 0.7 -1.7
v -1.9 0.9 -1.7
v -1.9 1 -1.7
v 2.1 0.5 -1.6
v 2.1 0.6 -1.6
v 2.1 1 -1.6
v 2.1 1.1 -1.6
v 1.9 0.5 -1.6
v 1.9 0.6 -1.6
v 1.9 1 -1.6
v 1.9 1.1 -1.6
v -1.7 0.5 -1.6
v -1.7 0.6 -1.6
v -1.7 1 -1.6
v -1.7 1.1 -1.6
v -1.9 0.5 -1.6
v -1.9 0.6 -1.6
v -1.9 1 -1.6
v -1.9 1.1 -1.6
v 2.1 0.4 -1.5
v 2.1 0.5 -1.5
v 2.1 1.1 -1.5
v 2.1 1.2 -1.5
v 1.9 0.4 -1.5
v 1.9 0.5 -1.5
v 1.9 1.1 -1.5
v 1.9 1.2 -1.5
v -1.7 0.4 -1.5
v -1.7 0.5 -1.5
v -1.7 1.1 -1.5
v -1.7 1.2 -1.5
v -1.9 0.4 -1.5
v -1.9 0.5 -1.5
v -1.9 1.1 -1.5
v -1.9 1.2 -1.5
v 2.3 0.5 -1.4
v 2.3 0.7 -1.4
v 2.1 0.5 -1.4
v 2.1 0.7 -1.4
v 0.6 2.7 -1.4
v 0.6 2.8 -1.4
v 0.5 2.7 -1.4
v 0.5 2.8 -1.4
v -0.3 2.7 -1.4
v -0.3 2.8 -1.4
v -0.4 2.7 -1.4
v -0.4 2.8 -1.4
v -1.9 0.5 -1.4
v -1.9 0.7 -1.4
v -2.1 0.5 -1.4
v -2.1 0.7 -1.4
v 2.3 0.4 -1.3
v 2.3 0.5 -1.3
v 2.3 0.7 -1.3
v 2.3 0.8 -1.3
v 2.1 0.4 -1.3
v 2.1 0.5 -1.3
v 2.1 0.7 -1.3
v 2.1 0.8 -1.3
v -1.9 0.4 -1.3
v -1.9 0.5 -1.3
v -1.9 0.7 -1.3
v -1.9 0.8 -1.3
v -2.1 0.4 -1.3
v -2.1 0.5 -1.3
v -2.1 0.7 -1.3
v -2.1 0.8 -1.3
v 2.3 0.3 -1.2
v 2.3 0.4 -1.2
v 2.3 0.8 -1.2
v 2.3 0.9 -1.2
v 2.1 0.3 -1.2
v 2.1 0.4 -1.2
v 2.1 0.8 -1.2
v 2.1 0.9 -1.2
v -1.9 0.3 -1.2
v -1.9 0.4 -1.2
v -1.9 0.8 -1.2
v -1.9 0.9 -1.2
v -2.1 0.3 -1.2
v -2.1 0.4 -1.2
v -2.1 0.8 -1.2
v -2.1 0.9 -1.2
v 2.3 0.2 -1.1
v 2.3 0.3 -1.1
v 2.3 0.9 -1.1
v 2.3 1 -1.1
v 2.1 0.2 -1.1
v 2.1 0.3 -1.1
v 2.1 0.9 -1.1
v 2.1 1 -1.1
v -1.9 0.2 -1.1
v -1.9 0.3 -1.1
v -1.9 0.9 -1.1
v -1.9 1 -1.1
v -2.1 0.2 -1.1
v -2.1 0.3 -1.1
v -2.1 0.9 -1.1
v -2.1 1 -1.1
v 2.1 0.6 -0.9
v 2.1 0.7 -0.9
v 2.1 0.9 -0.9
v 2.1 1 -0.9
v 1.9 0.6 -0.9
v 1.9 0.7 -0.9
v 1.9 0.9 -0.9
v 1.9 1 -0.9
v -1.7 0.6 -0.9
v -1.7 0.7 -0.9
v -1.7 0.9 -0.9
v -1.7 1 -0.9
v -1.9 0.6 -0.9
v -1.9 0.7 -0.9
v -1.9 0.9 -0.9
v -1.9 1 -0.9
v 2.1 0.5 -0.8
v 2.1 0.6 -0.8
v 2.1 1 -0.8
v 2.1 1.1 -0.8
v 1.9 0.5 -0.8
v 1.9 0.6 -0.8
v 1.9 1 -0.8
v 1.9 1.1 -0.8
v -1.7 0.5 -0.8
v -1.7 0.6 -0.8
v -1.7 1 -0.8
v -1.7 1.1 -0.8
v -1.9 0.5 -0.8
v -1.9 0.6 -0.8
v -1.9 1 -0.8
v -1.9 1.1 -0.8
v 2.1 0.4 -0.7
v 2.1 0.5 -0.7
v 2.1 1.1 -0.7
v 2.1 1.2 -0.7
v 1.9 0.4 -0.7
v 1.9 0.5 -0.7
v 1.9 1.1 -0.7
v 1.9 1.2 -0.7
v -1.7 0.4 -0.7
v -1.7 0.5 -0.7
v -1.7 1.1 -0.7
v -1.7 1.2 -0.7
v -1.9 0.4 -0.7
v -1.9 0.5 -0.7
v -1.9 1.1 -0.7
v -1.9 1.2 -0.7
v 2.3 0.4 -0.5
v 2.3 0.5 -0.5
v 2.3 0.7 -0.5
v 2.3 0.8 -0.5
v 2.1 0.4 -0.5
v 2.1 0.5 -0.5
v 2.1 0.7 -0.5
v 2.1 0.8 -0.5
v -1.9 0.4 -0.5
v -1.9 0.5 -0.5
v -1.9 0.7 -0.5
v -1.9 0.8 -0.5
v -2.1 0.4 -0.5
v -2.1 0.5 -0.5
v -2.1 0.7 -0.5
v -2.1 0.8 -0.5
v 2.3 0.3 -0.4
v 2.3 0.4 -0.4
v 2.3 0.8 -0.4
v 2.3 0.9 -0.4
v 2.1 0.3 -0.4
v 2.1 0.4 -0.4
v 2.1 0.8 -0.4
v 2.1 0.9 -0.4
v -1.9 0.3 -0.4
v -1.9 0.4 -0.4
v -1.9 0.8 -0.4
v -1.9 0.9 -0.4
v -2.1 0.3 -0.4
v -2.1 0.4 -0.4
v -2.1 0.8 -0.4
v -2.1 0.9 -0.4
v 2.3 0.2 -0.3
v 2.3 0.3 -0.3
v 2.3 0.9 -0.3
v 2.3 1 -0.3
v 2.1 0.2 -0.3
v 2.1 0.3 -0.3
v 2.1 0.9 -0.3
v 2.1 1 -0.3
v -1.9 0.2 -0.3
v -1.9 0.3 -0.3
v -1.9 0.9 -0.3
v -1.9 1 -0.3
v -2.1 0.2 -0.3
v -2.1 0.3 -0.3
v -2.1 0.9 -0.3
v -2.1 1 -0.3
v 2.1 0.6 -0.0999999
v 2.1 0.7 -0.0999999
v 2.1 0.9 -0.0999999
v 2.1 1 -0.0999999
v 1.9 0.6 -0.0999999
v 1.9 0.7 -0.0999999
v 1.9 0.9 -0.0999999
v 1.9 1 -0.0999999
v -1.1 2.6 -0.0999999
v -1.1 2.7 -0.0999999
v -1.2 2.6 -0.0999999
v -1.2 2.7 -0.0999999
v -1.7 0.6 -0.0999999
v -1.7 0.7 -0.0999999
v -1.7 0.9 -0.0999999
v -1.7 1 -0.0999999
v -1.9 0.6 -0.0999999
v -1.9 0.7 -0.0999999
v -1.9 0.9 -0.0999999
v -1.9 1 -0.0999999
v 2.1 0.5 2.38419e-07
v 2.1 0.6 2.38419e-07
v 2.1 1 2.38419e-07
v 2.1 1.1 2.38419e-07
v 1.9 0.5 2.38419e-07
v 1.9 0.6 2.38419e-07
v 1.9 1 2.38419e-07
v 1.9 1.1 2.38419e-07
v -1.7 0.5 2.38419e-07
v -1.7 0.6 2.38419e-07
v -1.7 1 2.38419e-07
v -1.7 1.1 2.38419e-07
v -1.9 0.5 2.38419e-07
v -1.9 0.6 2.38419e-07
v -1.9 1 2.38419e-07
v -1.9 1.1 2.38419e-07
v 2.1 0.4 0.1
v 2.1 0.5 0.1
v 2.1 1.1 0.1
v 2.1 1.2 0.1
v 1.9 0.4 0.1
v 1.9 0.5 0.1
v 1.9 1.1 0.1
v 1.9 1.2 0.1
v -1.7 0.4 0.1
v -1.7 0.5 0.1
v -1.7 1.1 0.1
v -1.7 1.2 0.1
v -1.9 0.4 0.1
v -1.9 0.5 0.1
v -1.9 1.1 0.1
v -1.9 1.2 0.1
v 2.3 0.4 0.3
v 2.3 0.5 0.3
v 2.3 0.7 0.3
v 2.3 0.8 0.3
v 2.1 0.4 0.3
v 2.1 0.5 0.3
v 2.1 0.7 0.3
v 2.1 0.8 0.3
v -1.9 0.4 0.3
v -1.9 0.5 0.3
v -1.9 0.7 0.3
v -1.9 0.8 0.3
v -2.1 0.4 0.3
v -2.1 0.5 0.3
v -2.1 0.7 0.3
v -2.1 0.8 0.3
v 2.3 0.3 0.4
v 2.3 0.4 0.4
v 2.3 0.8 0.4
v 2.3 0.9 0.4
v 2.1 0.3 0.4
v 2.1 0.4 0.4
v 2.1 0.8 0.4
v 2.1 0.9 0.4
v -1.9 0.3 0.4
v -1.9 0.4 0.4
v -1.9 0.8 0.4
v -1.9 0.9 0.4
v -2 0.3 0.4
v -2 0.4 0.4
v -2.1 0.8 0.4
v -2.1 0.9 0.4
v 2.3 0.2 0.5
v 2.3 0.3 0.5
v 2.3 0.9 0.5
v 2.3 1 0.5
v 2.1 0.2 0.5
v 2.1 0.3 0.5
v 2.1 0.9 0.5
v 2.1 1 0.5
v -1.9 0.2 0.5
v -1.9 0.3 0.5
v -1.9 0.9 0.5
v -1.9 1 0.5
v -2 0.3 0.5
v -2 0.4 0.5
v -2.1 0.2 0.5
v -2.1 0.4 0.5
v -2.1 0.9 0.5
v -2.1 1 0.5
v 2.1 0.6 0.7
v 2.1 0.7 0.7
v 2.1 0.9 0.7
v 2.1 1 0.7
v 1.9 0.6 0.7
v 1.9 0.7 0.7
v 1.9 0.9 0.7
v 1.9 1 0.7
v -1.7 0.6 0.7
v -1.7 0.7 0.7
v -1.7 0.9 0.7
v -1.7 1 0.7
v -1.9 0.6 0.7
v -1.9 0.7 0.7
v -1.9 0.9 0.7
v -1.9 1 0.7
v 2.1 0.5 0.8
v 2.1 0.6 0.8
v 2.1 1 0.8
v 2.1 1.1 0.8
v 1.9 0.5 0.8
v 1.9 0.6 0.8
v 1.9 1 0.8
v 1.9 1.1 0.8
v -1.7 0.5 0.8
v -1.7 0.6 0.8
v -1.7 1 0.8
v -1.7 1.1 0.8
v -1.9 0.5 0.8
v -1.9 0.6 0.8
v -1.9 1 0.8
v -1.9 1.1 0.8
v 2.1 0.4 0.9
v 2.1 0.5 0.9
v 2.1 1.1 0.9
v 2.1 1.2 0.9
v 1.9 0.4 0.9
v 1.9 0.5 0.9
v 1.9 1.1 0.9
v 1.9 1.2 0.9
v -1.7 0.4 0.9
v -1.7 0.5 0.9
v -1.7 1.1 0.9
v -1.7 1.2 0.9
v -1.9 0.4 0.9
v -1.9 0.5 0.9
v -1.9 1.1 0.9
v -1.9 1.2 0.9
v 2.3 0.4 1.1
v 2.3 0.5 1.1
v 2.3 0.7 1.1
v 2.3 0.8 1.1
v 2.1 0.4 1.1
v 2.1 0.5 1.1
v 2.1 0.7 1.1
v 2.1 0.8 1.1
v -1.9 0.4 1.1
v -1.9 0.5 1.1
v -1.9 0.7 1.1
v -1.9 0.8 1.1
v -2.1 0.4 1.1
v -2.1 0.5 1.1
v -2.1 0.7 1.1
v -2.1 0.8 1.1
v 2.3 0.3 1.2
v 2.3 0.4 1.2
v 2.3 0.8 1.2
v 2.3 0.9 1.2
v 2.1 0.3 1.2
v 2.1 0.4 1.2
v 2.1 0.8 1.2
v 2.1 0.9 1.2
v -1.9 0.3 1.2
v -1.9 0.4 1.2
v -1.9 0.8 1.2
v -1.9 0.9 1.2
v -2.1 0.3 1.2
v -2.1 0.4 1.2
v -2.1 0.8 1.2
v -2.1 0.9 1.2
v 2.3 0.2 1.3
v 2.3 0.3 1.3
v 2.3 0.9 1.3
v 2.3 1 1.3
v 2.1 0.2 1.3
v 2.1 0.3 1.3
v 2.1 0.9 1.3
v 2.1 1 1.3
v -1.9 0.2 1.3
v -1.9 0.3 1.3
v -1.9 0.9 1.3
v -1.9 1 1.3
v -2.1 0.2 1.3
v -2.1 0.3 1.3
v -2.1 0.9 1.3
v -2.1 1 1.3
v 1.4 2.7 1.4
v 1.4 2.8 1.4
v 1.2 2.7 1.4
v 1.2 2.8 1.4
v -1 2.7 1.4
v -1 2.8 1.4
v -1.2 2.7 1.4
v -1.2 2.8 1.4
v 1.5 2.7 1.5
v 1.5 2.8 1.5
v 1.4 2.7 1.5
v 1.4 2.8 1.5
v 1.2 2.7 1.5
v 1.2 2.8 1.5
v 1.1 2.7 1.5
v 1.1 2.8 1.5
v -0.9 2.7 1.5
v -0.9 2.8 1.5
v -1 2.7 1.5
v -1 2.8 1.5
v -1.2 2.7 1.5
v -1.2 2.8 1.5
v -1.3 2.7 1.5
v -1.3 2.8 1.5
v 2.3 0.9 1.6
v 2.3 1 1.6
v 2.1 0.9 1.6
v 2.1 1 1.6
v 1.6 2.7 1.6
v 1.6 2.8 1.6
v 1.5 2.7 1.6
v 1.5 2.8 1.6
v 1.2 2.8 1.6
v 1.2 2.9 1.6
v 1.1 2.7 1.6
v 1.1 2.8 1.6
v 1.1 2.9 1.6
v 1 2.7 1.6
v 1 2.8 1.6
v -0.8 2.7 1.6
v -0.8 2.8 1.6
v -0.9 2.7 1.6
v -0.9 2.8 1.6
v -1.2 2.8 1.6
v -1.2 2.9 1.6
v -1.3 2.7 1.6
v -1.3 2.8 1.6
v -1.3 2.9 1.6
v -1.4 2.7 1.6
v -1.4 2.8 1.6
v -1.9 0.9 1.6
v -1.9 1 1.6
v -2.1 0.9 1.6
v -2.1 1 1.6
v 2.3 1 1.7
v 2.3 1.1 1.7
v 2.1 1 1.7
v 2.1 1.1 1.7
v 1.3 2.8 1.7
v 1.3 2.9 1.7
v 1.2 2.8 1.7
v 1.2 2.9 1.7
v 1.1 2.8 1.7
v 1.1 2.9 1.7
v 1 2.8 1.7
v 1 2.9 1.7
v 0.4 1.9 1.7
v 0.4 2 1.7
v 0.3 1.9 1.7
v 0.3 2 1.7
v 0.3 2.4 1.7
v 0.2 1.9 1.7
v 0.2 2 1.7
v 0.2 2.4 1.7
v 0.0999999 1.9 1.7
v 0.0999999 2 1.7
v -1.1 2.8 1.7
v -1.1 2.9 1.7
v -1.2 2.8 1.7
v -1.2 2.9 1.7
v -1.3 2.8 1.7
v -1.3 2.9 1.7
v -1.4 2.8 1.7
v -1.4 2.9 1.7
v -1.9 1 1.7
v -1.9 1.1 1.7
v -2.1 1 1.7
v -2.1 1.1 1.7
v 2.3 1.1 1.8
v 2.3 1.2 1.8
v 2.2 1.8 1.8
v 2.2 2.6 1.8
v 2.1 1.1 1.8
v 2.1 1.2 1.8
v 0.4 1.9 1.8
v 0.4 2 1.8
v 0.3 1.9 1.8
v 0.3 2 1.8
v 0.3 2.4 1.8
v 0.2 1.9 1.8
v 0.2 2 1.8
v 0.2 2.4 1.8
v 0.0999999 1.9 1.8
v 0.0999999 2 1.8
v -1.9 1.1 1.8
v -1.9 1.2 1.8
v -2 1.8 1.8
v -2 2.6 1.8
v -2.1 1.1 1.8
v -2.1 1.2 1.8
v 2.3 0.5 1.9
v 2.3 0.6 1.9
v 2.3 1.2 1.9
v 2.3 1.3 1.9
v 2.3 1.7 1.9
v 2.3 1.8 1.9
v 2.2 1.7 1.9
v 2.2 1.8 1.9
v 2.1 0.5 1.9
v 2.1 0.6 1.9
v 2.1 1.2 1.9
v 2.1 1.3 1.9
v -1.9 0.5 1.9
v -1.9 0.6 1.9
v -1.9 1.2 1.9
v -1.9 1.3 1.9
v -2.1 0.5 1.9
v -2.1 0.6 1.9
v -2.1 1.2 1.9
v -2.1 1.3 1.9
v 2.5 1.7 2
v 2.5 1.8 2
v 2.3 1.7 2
v 2.3 1.8 2
v -2.1 1.7 2
v -2.1 1.8 2
v -2.3 1.7 2
v -2.3 1.8 2
v 2.5 0.2 2.2
v 2.5 0.4 2.2
v 2.5 1.1 2.2
v 2.5 1.3 2.2
v 2.5 1.6 2.2
v 2.5 1.7 2.2
v 2.3 1.1 2.2
v 2.3 1.2 2.2
v 2.1 1.1 2.2
v 2.1 1.2 2.2
v 1.3 0.2 2.2
v 1.3 0.4 2.2
v 1.3 0.7 2.2
v 1.3 1.1 2.2
v 1.3 1.3 2.2
v 1.3 1.4 2.2
v 1.3 1.6 2.2
v 1.2 0.7 2.2
v 1.2 1.6 2.2
v -1 0.7 2.2
v -1 1.6 2.2
v -1.1 0.2 2.2
v -1.1 0.4 2.2
v -1.1 0.7 2.2
v -1.1 1.1 2.2
v -1.1 1.3 2.2
v -1.1 1.4 2.2
v -1.1 1.6 2.2
v -1.9 1.1 2.2
v -1.9 1.2 2.2
v -2.1 1.1 2.2
v -2.1 1.2 2.2
v -2.3 0.2 2.2
v -2.3 0.4 2.2
v -2.3 1.1 2.2
v -2.3 1.3 2.2
v -2.3 1.6 2.2
v -2.3 1.7 2.2
v 1.2 0.3 2.3
v 1.2 0.6 2.3
v 1.2 1.5 2.3
v 1.2 1.6 2.3
v -1 0.3 2.3
v -1 0.6 2.3
v -1 1.5 2.3
v -1 1.6 2.3
v 2.5 0.4 2.4
v 2.5 1.1 2.4
v 2.5 1.5 2.4
v 2.5 1.6 2.4
v 2.3 0.8 2.4
v 2.3 1 2.4
v 2.1 0.8 2.4
v 2.1 1 2.4
v 1.3 0.4 2.4
v 1.3 0.7 2.4
v 1.3 1.1 2.4
v 1.3 1.5 2.4
v 1.3 1.6 2.4
v 1.2 0.6 2.4
v 1.2 0.7 2.4
v 1.2 1 2.4
v -1 0.6 2.4
v -1 0.7 2.4
v -1 1 2.4
v -1.1 0.4 2.4
v -1.1 0.7 2.4
v -1.1 1.1 2.4
v -1.1 1.5 2.4
v -1.1 1.6 2.4
v -1.9 0.8 2.4
v -1.9 1 2.4
v -2.1 0.8 2.4
v -2.1 1 2.4
v -2.3 0.4 2.4
v -2.3 1.1 2.4
v -2.3 1.5 2.4
v -2.3 1.6 2.4
v 1.2 1 2.5
v 1.2 1.3 2.5
v -1 1 2.5
v -1 1.3 2.5
v 2.5 1.4 2.6
v 2.5 1.5 2.6
v 1.3 1.4 2.6
v 1.3 1.5 2.6
v 1.2 1.3 2.6
v 1.2 1.5 2.6
v -1 1.3 2.6
v -1 1.5 2.6
v -1.1 1.4 2.6
v -1.1 1.5 2.6
v -2.3 1.4 2.6
v -2.3 1.5 2.6
v 2.5 1.3 2.7
v 2.5 1.4 2.7
v 1.4 0.7 2.7
v 1.4 0.9 2.7
v 1.3 0.7 2.7
v 1.3 0.9 2.7
v 1.3 1.3 2.7
v 1.3 1.4 2.7
v 1.2 0.8 2.7
v 1.2 0.9 2.7
v 1.1 0.8 2.7
v 1.1 0.9 2.7
v -0.9 0.8 2.7
v -0.9 0.9 2.7
v -1 0.8 2.7
v -1 0.9 2.7
v -1.1 0.7 2.7
v -1.1 0.9 2.7
v -1.1 1.3 2.7
v -1.1 1.4 2.7
v -1.2 0.7 2.7
v -1.2 0.9 2.7
v -2.3 1.3 2.7
v -2.3 1.4 2.7
v 1.4 0.5 2.8
v 1.4 0.7 2.8
v 1.3 0.6 2.8
v 1.3 0.7 2.8
v 1.2 0.6 2.8
v 1.2 0.7 2.8
v 1.1 0.5 2.8
v 1.1 0.7 2.8
v -0.9 0.5 2.8
v -0.9 0.7 2.8
v -1 0.6 2.8
v -1 0.7 2.8
v -1.1 0.6 2.8
v -1.1 0.7 2.8
v -1.2 0.5 2.8
v -1.2 0.7 2.8
v 2.5 0.7 -2.7
v 2.5 1 -2.7
v 1.3 0.7 -2.7
v 1.3 1 -2.7
v -1.1 0.7 -2.7
v -1.1 1 -2.7
v -2.3 0.7 -2.7
v -2.3 1 -2.7
v 2.5 1 -2.6
v 2.5 1.2 -2.6
v 2 2.5 -2.6
v 2 2.6 -2.6
v 1.7 2.5 -2.6
v 1.7 2.6 -2.6
v 1.3 1 -2.6
v 1.3 1.2 -2.6
v -1.1 1 -2.6
v -1.1 1.2 -2.6
v -1.5 2.5 -2.6
v -1.5 2.6 -2.6
v -1.8 2.5 -2.6
v -1.8 2.6 -2.6
v -2.3 1 -2.6
v -2.3 1.2 -2.6
v 2.5 1.2 -2.5
v 2.5 1.4 -2.5
v 1.3 1.2 -2.5
v 1.3 1.4 -2.5
v -1.1 1.2 -2.5
v -1.1 1.4 -2.5
v -2.3 1.2 -2.5
v -2.3 1.4 -2.5
v 2.5 0.4 -2.4
v 2.5 1.1 -2.4
v 2.5 1.4 -2.4
v 2.5 1.6 -2.4
v 1.9 0.8 -2.4
v 1.9 1 -2.4
v 1.7 0.8 -2.4
v 1.7 1 -2.4
v 1.3 0.4 -2.4
v 1.3 1.1 -2.4
v 1.3 1.4 -2.4
v 1.3 1.6 -2.4
v -1.1 0.4 -2.4
v -1.1 1.1 -2.4
v -1.1 1.4 -2.4
v -1.1 1.6 -2.4
v -1.5 0.8 -2.4
v -1.5 1 -2.4
v -1.7 0.8 -2.4
v -1.7 1 -2.4
v -2.3 0.4 -2.4
v -2.3 1.1 -2.4
v -2.3 1.4 -2.4
v -2.3 1.6 -2.4
v 2.5 1.6 -2.3
v 2.5 1.7 -2.3
v 2.3 2.4 -2.3
v 2.3 2.5 -2.3
v 2.3 2.6 -2.3
v 2.3 2.8 -2.3
v 2.2 2.3 -2.3
v 2.2 2.4 -2.3
v 2.2 2.5 -2.3
v 2.2 2.6 -2.3
v 2.2 2.8 -2.3
v 2 2.3 -2.3
v 2 2.4 -2.3
v 2 2.8 -2.3
v 1.9 2.4 -2.3
v 1.9 2.7 -2.3
v 1.8 2.4 -2.3
v 1.8 2.7 -2.3
v 1.7 2.3 -2.3
v 1.7 2.4 -2.3
v 1.7 2.8 -2.3
v 1.5 2.3 -2.3
v 1.5 2.4 -2.3
v 1.5 2.6 -2.3
v 1.5 2.7 -2.3
v 1.5 2.8 -2.3
v 1.4 2.4 -2.3
v 1.4 2.5 -2.3
v 1.4 2.6 -2.3
v 1.4 2.7 -2.3
v 1.4 2.8 -2.3
v 1.3 1.6 -2.3
v 1.3 1.7 -2.3
v -1.1 1.6 -2.3
v -1.1 1.7 -2.3
v -1.2 2.4 -2.3
v -1.2 2.5 -2.3
v -1.2 2.6 -2.3
v -1.2 2.7 -2.3
v -1.2 2.8 -2.3
v -1.3 2.3 -2.3
v -1.3 2.4 -2.3
v -1.3 2.6 -2.3
v -1.3 2.7 -2.3
v -1.3 2.8 -2.3
v -1.5 2.3 -2.3
v -1.5 2.4 -2.3
v -1.5 2.8 -2.3
v -1.6 2.4 -2.3
v -1.6 2.7 -2.3
v -1.7 2.4 -2.3
v -1.7 2.7 -2.3
v -1.8 2.3 -2.3
v -1.8 2.4 -2.3
v -1.8 2.8 -2.3
v -2 2.3 -2.3
v -2 2.4 -2.3
v -2 2.8 -2.3
v -2.1 2.4 -2.3
v -2.1 2.5 -2.3
v -2.1 2.6 -2.3
v -2.1 2.8 -2.3
v -2.3 1.6 -2.3
v -2.3 1.7 -2.3
v 2.5 0.2 -2.2
v 2.5 0.4 -2.2
v 2.5 1.1 -2.2
v 2.5 1.3 -2.2
v 2.5 1.7 -2.2
v 2.5 1.8 -2.2
v 2.2 1.7 -2.2
v 2.2 1.8 -2.2
v 2.2 2.7 -2.2
v 2.2 2.8 -2.2
v 2 1.1 -2.2
v 2 2.7 -2.2
v 2 2.8 -2.2
v 1.9 1.1 -2.2
v 1.9 1.2 -2.2
v 1.7 1.1 -2.2
v 1.7 1.2 -2.2
v 1.7 2.7 -2.2
v 1.7 2.8 -2.2
v 1.5 2.7 -2.2
v 1.5 2.8 -2.2
v 1.3 0.2 -2.2
v 1.3 0.4 -2.2
v 1.3 1.1 -2.2
v 1.3 1.3 -2.2
v 0.8 2.7 -2.2
v 0.8 2.8 -2.2
v 0.3 2.7 -2.2
v 0.3 2.8 -2.2
v -0.1 2.7 -2.2
v -0.1 2.8 -2.2
v -0.6 2.7 -2.2
v -0.6 2.8 -2.2
v -1.1 0.2 -2.2
v -1.1 0.4 -2.2
v -1.1 1.1 -2.2
v -1.1 1.3 -2.2
v -1.3 2.7 -2.2
v -1.3 2.8 -2.2
v -1.5 1.1 -2.2
v -1.5 1.2 -2.2
v -1.5 2.7 -2.2
v -1.5 2.8 -2.2
v -1.7 1.1 -2.2
v -1.7 1.2 -2.2
v -1.8 1.1 -2.2
v -1.8 2.7 -2.2
v -1.8 2.8 -2.2
v -2 2.7 -2.2
v -2 2.8 -2.2
v -2.1 1.7 -2.2
v -2.1 1.8 -2.2
v -2.3 0.2 -2.2
v -2.3 0.4 -2.2
v -2.3 1.1 -2.2
v -2.3 1.3 -2.2
v -2.3 1.7 -2.2
v -2.3 1.8 -2.2
v 1.3 0.5 -2.1
v 1.3 1.3 -2.1
v 1.3 1.5 -2.1
v -1.1 0.5 -2.1
v -1.1 1.3 -2.1
v -1.1 1.5 -2.1
v 2.2 1.8 -2
v 2.2 2.6 -2
v 1.3 0.4 -2
v 1.3 0.5 -2
v 1 2.7 -2
v 1 2.8 -2
v 0.9 2.7 -2
v 0.9 2.8 -2
v -0.7 2.7 -2
v -0.7 2.8 -2
v -0.8 2.7 -2
v -0.8 2.8 -2
v -1.1 0.4 -2
v -1.1 0.5 -2
v -2 1.8 -2
v -2 2.6 -2
v 2.3 0.8 -1.9
v 2.3 1 -1.9
v 2.2 0.7 -1.9
v 2.2 0.8 -1.9
v 2.2 1 -1.9
v 2.2 1.1 -1.9
v 2.1 0.8 -1.9
v 2 0.7 -1.9
v 2 0.8 -1.9
v 2 1 -1.9
v 2 1.1 -1.9
v 1.9 0.5 -1.9
v 1.9 0.6 -1.9
v 1.9 1.2 -1.9
v 1.9 1.3 -1.9
v 1.7 0.5 -1.9
v 1.7 0.6 -1.9
v 1.7 1.2 -1.9
v 1.7 1.3 -1.9
v 1.3 0.3 -1.9
v 1.3 0.4 -1.9
v 1.3 1.5 -1.9
v 1.3 1.7 -1.9
v -1.1 0.3 -1.9
v -1.1 0.4 -1.9
v -1.1 1.5 -1.9
v -1.1 1.7 -1.9
v -1.5 0.5 -1.9
v -1.5 0.6 -1.9
v -1.5 1.2 -1.9
v -1.5 1.3 -1.9
v -1.7 0.5 -1.9
v -1.7 0.6 -1.9
v -1.7 1.2 -1.9
v -1.7 1.3 -1.9
v -1.8 0.7 -1.9
v -1.8 0.8 -1.9
v -1.8 1 -1.9
v -1.8 1.1 -1.9
v -2 0.7 -1.9
v -2 0.8 -1.9
v -2 1 -1.9
v -2 1.1 -1.9
v -2.1 0.8 -1.9
v -2.1 1 -1.9
v 2.2 0.8 -1.8
v 2.2 1 -1.8
v 2.1 0.8 -1.8
v 2.1 0.9 -1.8
v 2 1 -1.8
v 2 1.1 -1.8
v 1.9 0.6 -1.8
v 1.9 0.7 -1.8
v 1.9 0.9 -1.8
v 1.9 1.1 -1.8
v 1.9 1.2 -1.8
v 1.8 0.7 -1.8
v 1.7 0.6 -1.8
v 1.7 0.7 -1.8
v 1.7 1.1 -1.8
v 1.7 1.2 -1.8
v -1.5 0.6 -1.8
v -1.5 0.7 -1.8
v -1.5 1.1 -1.8
v -1.5 1.2 -1.8
v -1.7 0.6 -1.8
v -1.7 0.7 -1.8
v -1.7 0.9 -1.8
v -1.7 1.1 -1.8
v -1.7 1.2 -1.8
v -1.8 1 -1.8
v -1.8 1.1 -1.8
v -1.9 0.8 -1.8
v -1.9 0.9 -1.8
v -2 0.8 -1.8
v -2 1 -1.8
v 1.9 0.7 -1.7
v 1.9 0.8 -1.7
v 1.9 1 -1.7
v 1.9 1.1 -1.7
v 1.8 0.7 -1.7
v 1.8 0.8 -1.7
v 1.8 1 -1.7
v 1.7 0.7 -1.7
v 1.7 0.8 -1.7
v 1.7 1 -1.7
v 1.7 1.1 -1.7
v 0.9 2.7 -1.7
v 0.9 2.8 -1.7
v 0.8 2.7 -1.7
v 0.8 2.8 -1.7
v 0.4 2.7 -1.7
v 0.4 2.8 -1.7
v 0.3 2.7 -1.7
v 0.3 2.8 -1.7
v -0.1 2.7 -1.7
v -0.1 2.8 -1.7
v -0.2 2.7 -1.7
v -0.2 2.8 -1.7
v -0.6 2.7 -1.7
v -0.6 2.8 -1.7
v -0.7 2.7 -1.7
v -0.7 2.8 -1.7
v -1.5 0.7 -1.7
v -1.5 0.8 -1.7
v -1.5 1 -1.7
v -1.5 1.1 -1.7
v -1.7 0.7 -1.7
v -1.7 0.8 -1.7
v -1.7 1 -1.7
v -1.7 1.1 -1.7
v 1.9 0.8 -1.6
v 1.9 1 -1.6
v 1.8 0.8 -1.6
v 1.8 1 -1.6
v 1.7 0.8 -1.6
v 1.7 1 -1.6
v 0.3 2.7 -1.6
v 0.3 2.8 -1.6
v 0.2 2.7 -1.6
v 0.2 2.8 -1.6
v 0 2.7 -1.6
v 0 2.8 -1.6
v -0.1 2.7 -1.6
v -0.1 2.8 -1.6
v -1.5 0.8 -1.6
v -1.5 1 -1.6
v -1.7 0.8 -1.6
v -1.7 1 -1.6
v 0.2 2.7 -1.5
v 0.2 2.8 -1.5
v 0 2.7 -1.5
v 0 2.8 -1.5
v 0.8 2.7 -1.4
v 0.8 2.8 -1.4
v 0.7 2.7 -1.4
v 0.7 2.8 -1.4
v -0.5 2.7 -1.4
v -0.5 2.8 -1.4
v -0.6 2.7 -1.4
v -0.6 2.8 -1.4
v 2.1 0.4 -1.3
v 2.1 0.5 -1.3
v 2.1 1.1 -1.3
v 2.1 1.2 -1.3
v 1.9 0.4 -1.3
v 1.9 0.5 -1.3
v 1.9 1.1 -1.3
v 1.9 1.2 -1.3
v 0.6 2.7 -1.3
v 0.6 2.8 -1.3
v 0.5 2.7 -1.3
v 0.5 2.8 -1.3
v -0.3 2.7 -1.3
v -0.3 2.8 -1.3
v -0.5 2.7 -1.3
v -0.5 2.8 -1.3
v -1.7 0.4 -1.3
v -1.7 0.5 -1.3
v -1.7 1.1 -1.3
v -1.7 1.2 -1.3
v -1.9 0.4 -1.3
v -1.9 0.5 -1.3
v -1.9 1.1 -1.3
v -1.9 1.2 -1.3
v 2.1 0.5 -1.2
v 2.1 0.6 -1.2
v 2.1 1 -1.2
v 2.1 1.1 -1.2
v 1.9 0.5 -1.2
v 1.9 0.6 -1.2
v 1.9 1 -1.2
v 1.9 1.1 -1.2
v 0.7 2.7 -1.2
v 0.7 2.8 -1.2
v 0.6 2.7 -1.2
v 0.6 2.8 -1.2
v -1.7 0.5 -1.2
v -1.7 0.6 -1.2
v -1.7 1 -1.2
v -1.7 1.1 -1.2
v -1.9 0.5 -1.2
v -1.9 0.6 -1.2
v -1.9 1 -1.2
v -1.9 1.1 -1.2
v 2.1 0.6 -1.1
v 2.1 0.7 -1.1
v 2.1 0.9 -1.1
v 2.1 1 -1.1
v 1.9 0.6 -1.1
v 1.9 0.7 -1.1
v 1.9 0.9 -1.1
v 1.9 1 -1.1
v -1.7 0.6 -1.1
v -1.7 0.7 -1.1
v -1.7 0.9 -1.1
v -1.7 1 -1.1
v -1.9 0.6 -1.1
v -1.9 0.7 -1.1
v -1.9 0.9 -1.1
v -1.9 1 -1.1
v 2.3 0.2 -0.9
v 2.3 0.3 -0.9
v 2.3 0.9 -0.9
v 2.3 1 -0.9
v 2.1 0.2 -0.9
v 2.1 0.3 -0.9
v 2.1 0.9 -0.9
v 2.1 1 -0.9
v -1.9 0.2 -0.9
v -1.9 0.3 -0.9
v -1.9 0.9 -0.9
v -1.9 1 -0.9
v -2.1 0.2 -0.9
v -2.1 0.3 -0.9
v -2.1 0.9 -0.9
v -2.1 1 -0.9
v 2.3 0.3 -0.8
v 2.3 0.4 -0.8
v 2.3 0.8 -0.8
v 2.3 0.9 -0.8
v 2.1 0.3 -0.8
v 2.1 0.4 -0.8
v 2.1 0.8 -0.8
v 2.1 0.9 -0.8
v -1.9 0.3 -0.8
v -1.9 0.4 -0.8
v -1.9 0.8 -0.8
v -1.9 0.9 -0.8
v -2.1 0.3 -0.8
v -2.1 0.4 -0.8
v -2.1 0.8 -0.8
v -2.1 0.9 -0.8
v 2.3 0.4 -0.7
v 2.3 0.5 -0.7
v 2.3 0.7 -0.7
v 2.3 0.8 -0.7
v 2.1 0.4 -0.7
v 2.1 0.5 -0.7
v 2.1 0.7 -0.7
v 2.1 0.8 -0.7
v -1.9 0.4 -0.7
v -1.9 0.5 -0.7
v -1.9 0.7 -0.7
v -1.9 0.8 -0.7
v -2.1 0.4 -0.7
v -2.1 0.5 -0.7
v -2.1 0.7 -0.7
v -2.1 0.8 -0.7
v 2.1 0.4 -0.5
v 2.1 0.5 -0.5
v 2.1 1.1 -0.5
v 2.1 1.2 -0.5
v 1.9 0.4 -0.5
v 1.9 0.5 -0.5
v 1.9 1.1 -0.5
v 1.9 1.2 -0.5
v -1.7 0.4 -0.5
v -1.7 0.5 -0.5
v -1.7 1.1 -0.5
v -1.7 1.2 -0.5
v -1.9 0.4 -0.5
v -1.9 0.5 -0.5
v -1.9 1.1 -0.5
v -1.9 1.2 -0.5
v 2.1 0.5 -0.4
v 2.1 0.6 -0.4
v 2.1 1 -0.4
v 2.1 1.1 -0.4
v 1.9 0.5 -0.4
v 1.9 0.6 -0.4
v 1.9 1 -0.4
v 1.9 1.1 -0.4
v -1.7 0.5 -0.4
v -1.7 0.6 -0.4
v -1.7 1 -0.4
v -1.7 1.1 -0.4
v -1.9 0.5 -0.4
v -1.9 0.6 -0.4
v -1.9 1 -0.4
v -1.9 1.1 -0.4
v 2.1 0.6 -0.3
v 2.1 0.7 -0.3
v 2.1 0.9 -0.3
v 2.1 1 -0.3
v 1.9 0.6 -0.3
v 1.9 0.7 -0.3
v 1.9 0.9 -0.3
v 1.9 1 -0.3
v -1.7 0.6 -0.3
v -1.7 0.7 -0.3
v -1.7 0.9 -0.3
v -1.7 1 -0.3
v -1.9 0.6 -0.3
v -1.9 0.7 -0.3
v -1.9 0.9 -0.3
v -1.9 1 -0.3
v -1.1 2.6 -0.2
v -1.1 2.7 -0.2
v -1.2 2.6 -0.2
v -1.2 2.7 -0.2
v 2.3 0.2 -0.0999999
v 2.3 0.3 -0.0999999
v 2.3 0.9 -0.0999999
v 2.3 1 -0.0999999
v 2.1 0.2 -0.0999999
v 2.1 0.3 -0.0999999
v 2.1 0.9 -0.0999999
v 2.1 1 -0.0999999
v -1.9 0.2 -0.0999999
v -1.9 0.3 -0.0999999
v -1.9 0.9 -0.0999999
v -1.9 1 -0.0999999
v -2.1 0.2 -0.0999999
v -2.1 0.3 -0.0999999
v -2.1 0.9 -0.0999999
v -2.1 1 -0.0999999
v 2.3 0.3 2.38419e-07
v 2.3 0.4 2.38419e-07
v 2.3 0.8 2.38419e-07
v 2.3 0.9 2.38419e-07
v 2.1 0.3 2.38419e-07
v 2.1 0.4 2.38419e-07
v 2.1 0.8 2.38419e-07
v 2.1 0.9 2.38419e-07
v -1.9 0.3 2.38419e-07
v -1.9 0.4 2.38419e-07
v -1.9 0.8 2.38419e-07
v -1.9 0.9 2.38419e-07
v -2.1 0.3 2.38419e-07
v -2.1 0.4 2.38419e-07
v -2.1 0.8 2.38419e-07
v -2.1 0.9 2.38419e-07
v 2.3 0.4 0.1
v 2.3 0.5 0.1
v 2.3 0.7 0.1
v 2.3 0.8 0.1
v 2.1 0.4 0.1
v 2.1 0.5 0.1
v 2.1 0.7 0.1
v 2.1 0.8 0.1
v -1.9 0.4 0.1
v -1.9 0.5 0.1
v -1.9 0.7 0.1
v -1.9 0.8 0.1
v -2.1 0.4 0.1
v -2.1 0.5 0.1
v -2.1 0.7 0.1
v -2.1 0.8 0.1
v 2.1 0.4 0.3
v 2.1 0.5 0.3
v 2.1 1.1 0.3
v 2.1 1.2 0.3
v 1.9 0.4 0.3
v 1.9 0.5 0.3
v 1.9 1.1 0.3
v 1.9 1.2 0.3
v -1.7 0.4 0.3
v -1.7 0.5 0.3
v -1.7 1.1 0.3
v -1.7 1.2 0.3
v -1.9 0.4 0.3
v -1.9 0.5 0.3
v -1.9 1.1 0.3
v -1.9 1.2 0.3
v 2.1 0.5 0.4
v 2.1 0.6 0.4
v 2.1 1 0.4
v 2.1 1.1 0.4
v 1.9 0.5 0.4
v 1.9 0.6 0.4
v 1.9 1 0.4
v 1.9 1.1 0.4
v -1.7 0.5 0.4
v -1.7 0.6 0.4
v -1.7 1 0.4
v -1.7 1.1 0.4
v -1.9 0.5 0.4
v -1.9 0.6 0.4
v -1.9 1 0.4
v -1.9 1.1 0.4
v 2.1 0.6 0.5
v 2.1 0.7 0.5
v 2.1 0.9 0.5
v 2.1 1 0.5
v 1.9 0.6 0.5
v 1.9 0.7 0.5
v 1.9 0.9 0.5
v 1.9 1 0.5
v -1.7 0.6 0.5
v -1.7 0.7 0.5
v -1.7 0.9 0.5
v -1.7 1 0.5
v -1.9 0.6 0.5
v -1.9 0.7 0.5
v -1.9 0.9 0.5
v -1.9 1 0.5
v 2.3 0.2 0.7
v 2.3 0.3 0.7
v 2.3 0.9 0.7
v 2.3 1 0.7
v 2.1 0.2 0.7
v 2.1 0.3 0.7
v 2.1 0.9 0.7
v 2.1 1 0.7
v -1.9 0.2 0.7
v -1.9 0.3 0.7
v -1.9 0.9 0.7
v -1.9 1 0.7
v -2.1 0.2 0.7
v -2.1 0.3 0.7
v -2.1 0.9 0.7
v -2.1 1 0.7
v 2.3 0.3 0.8
v 2.3 0.4 0.8
v 2.3 0.8 0.8
v 2.3 0.9 0.8
v 2.1 0.3 0.8
v 2.1 0.4 0.8
v 2.1 0.8 0.8
v 2.1 0.9 0.8
v -1.9 0.3 0.8
v -1.9 0.4 0.8
v -1.9 0.8 0.8
v -1.9 0.9 0.8
v -2.1 0.3 0.8
v -2.1 0.4 0.8
v -2.1 0.8 0.8
v -2.1 0.9 0.8
v 2.3 0.4 0.9
v 2.3 0.5 0.9
v 2.3 0.7 0.9
v 2.3 0.8 0.9
v 2.1 0.4 0.9
v 2.1 0.5 0.9
v 2.1 0.7 0.9
v 2.1 0.8 0.9
v -1.9 0.4 0.9
v -1.9 0.5 0.9
v -1.9 0.7 0.9
v -1.9 0.8 0.9
v -2.1 0.4 0.9
v -2.1 0.5 0.9
v -2.1 0.7 0.9
v -2.1 0.8 0.9
v 2.1 0.4 1.1
v 2.1 0.5 1.1
v 2.1 1.1 1.1
v 2.1 1.2 1.1
v 1.9 0.4 1.1
v 1.9 0.5 1.1
v 1.9 1.1 1.1
v 1.9 1.2 1.1
v -1.7 0.4 1.1
v -1.7 0.5 1.1
v -1.7 1.1 1.1
v -1.7 1.2 1.1
v -1.9 0.4 1.1
v -1.9 0.5 1.1
v -1.9 1.1 1.1
v -1.9 1.2 1.1
v 2.1 0.5 1.2
v 2.1 0.6 1.2
v 2.1 1 1.2
v 2.1 1.1 1.2
v 1.9 0.5 1.2
v 1.9 0.6 1.2
v 1.9 1 1.2
v 1.9 1.1 1.2
v -1.7 0.5 1.2
v -1.7 0.6 1.2
v -1.7 1 1.2
v -1.7 1.1 1.2
v -1.9 0.5 1.2
v -1.9 0.6 1.2
v -1.9 1 1.2
v -1.9 1.1 1.2
v 2.1 0.6 1.3
v 2.1 0.7 1.3
v 2.1 0.9 1.3
v 2.1 1 1.3
v 1.9 0.6 1.3
v 1.9 0.7 1.3
v 1.9 0.9 1.3
v 1.9 1 1.3
v -1.7 0.6 1.3
v -1.7 0.7 1.3
v -1.7 0.9 1.3
v -1.7 1 1.3
v -1.9 0.6 1.3
v -1.9 0.7 1.3
v -1.9 0.9 1.3
v -1.9 1 1.3
v 2.1 0.7 1.4
v 2.1 0.9 1.4
v 1.9 0.7 1.4
v 1.9 0.9 1.4
v -1.7 0.7 1.4
v -1.7 0.9 1.4
v -1.9 0.7 1.4
v -1.9 0.9 1.4
v 2.3 0.2 1.5
v 2.3 0.3 1.5
v 2.3 0.9 1.5
v 2.3 1 1.5
v 2.1 0.2 1.5
v 2.1 0.3 1.5
v 2.1 0.9 1.5
v 2.1 1 1.5
v -1.9 0.2 1.5
v -1.9 0.3 1.5
v -1.9 0.9 1.5
v -1.9 1 1.5
v -2.1 0.2 1.5
v -2.1 0.3 1.5
v -2.1 0.9 1.5
v -2.1 1 1.5
v 2.3 0.3 1.6
v 2.3 0.4 1.6
v 2.1 0.3 1.6
v 2.1 0.4 1.6
v -1.9 0.3 1.6
v -1.9 0.4 1.6
v -2.1 0.3 1.6
v -2.1 0.4 1.6
v 2.3 0.4 1.7
v 2.3 0.5 1.7
v 2.1 0.4 1.7
v 2.1 0.5 1.7
v -1.9 0.4 1.7
v -1.9 0.5 1.7
v -2.1 0.4 1.7
v -2.1 0.5 1.7
v 2.3 0.5 1.8
v 2.3 0.6 1.8
v 2.1 0.5 1.8
v 2.1 0.6 1.8
v 1.6 2.7 1.8
v 1.6 2.8 1.8
v 1.5 2.7 1.8
v 1.5 2.8 1.8
v 1.3 2.8 1.8
v 1.3 2.9 1.8
v 1.2 2.8 1.8
v 1.2 2.9 1.8
v 1.1 2.7 1.8
v 1.1 2.9 1.8
v 1 2.7 1.8
v 1 2.9 1.8
v -0.8 2.7 1.8
v -0.8 2.8 1.8
v -0.9 2.7 1.8
v -0.9 2.8 1.8
v -1.1 2.8 1.8
v -1.1 2.9 1.8
v -1.2 2.8 1.8
v -1.2 2.9 1.8
v -1.3 2.7 1.8
v -1.3 2.9 1.8
v -1.4 2.7 1.8
v -1.4 2.9 1.8
v -1.9 0.5 1.8
v -1.9 0.6 1.8
v -2.1 0.5 1.8
v -2.1 0.6 1.8
v 1.5 2.7 1.9
v 1.5 2.8 1.9
v 1.4 2.7 1.9
v 1.4 2.8 1.9
v 1.2 2.7 1.9
v 1.2 2.8 1.9
v 1.2 2.9 1.9
v 1.1 2.7 1.9
v 1.1 2.9 1.9
v -0.9 2.7 1.9
v -0.9 2.8 1.9
v -1 2.7 1.9
v -1 2.8 1.9
v -1.2 2.7 1.9
v -1.2 2.8 1.9
v -1.2 2.9 1.9
v -1.3 2.7 1.9
v -1.3 2.9 1.9
v 2.7 1.4 2
v 2.7 1.6 2
v 2.6 1.4 2
v 2.6 1.6 2
v 2.6 1.8 2
v 2.5 1.6 2
v 2.5 1.7 2
v 2.5 1.8 2
v 2.5 1.9 2
v 2.4 1.9 2
v 2.4 2.7 2
v 1.4 2.7 2
v 1.4 2.8 2
v 1.2 2.7 2
v 1.2 2.8 2
v 1.1 1.8 2
v 1.1 2.2 2
v 1 2.2 2
v 1 2.3 2
v 0.9 2 2
v 0.9 2.1 2
v 0.6 2 2
v 0.6 2.1 2
v 0.5 2.2 2
v 0.5 2.3 2
v 0.4 1.8 2
v 0.4 2.2 2
v -0.3 1.9 2
v -0.3 2.4 2
v -0.4 1.8 2
v -0.4 1.9 2
v -0.4 2.4 2
v -0.4 2.5 2
v -0.5 2 2
v -0.5 2.3 2
v -0.6 2.1 2
v -0.6 2.2 2
v -0.7 2.1 2
v -0.7 2.2 2
v -0.8 2 2
v -0.8 2.3 2
v -0.9 1.8 2
v -0.9 1.9 2
v -0.9 2.4 2
v -0.9 2.5 2
v -1 1.9 2
v -1 2.4 2
v -1 2.7 2
v -1 2.8 2
v -1.2 2.7 2
v -1.2 2.8 2
v -2.2 1.9 2
v -2.2 2.7 2
v -2.3 1.7 2
v -2.3 1.8 2
v -2.3 1.9 2
v -2.4 1.5 2
v -2.4 1.7 2
v -2.4 1.8 2
v -2.5 1.3 2
v -2.5 1.5 2
v -2.5 1.7 2
v -2.6 1.3 2
v -2.6 1.5 2
v 2.5 0 2.1
v 2.5 0.1 2.1
v 2.5 1.4 2.1
v 2.5 1.5 2.1
v 2.3 0.5 2.1
v 2.3 0.6 2.1
v 2.3 1.2 2.1
v 2.3 1.3 2.1
v 2.1 0.5 2.1
v 2.1 0.6 2.1
v 2.1 1.2 2.1
v 2.1 1.3 2.1
v 1.3 0 2.1
v 1.3 0.1 2.1
v 1.3 1.4 2.1
v 1.3 1.5 2.1
v 1.1 1.8 2.1
v 1.1 2.2 2.1
v 1 2.2 2.1
v 1 2.3 2.1
v 0.9 2 2.1
v 0.9 2.1 2.1
v 0.6 2 2.1
v 0.6 2.1 2.1
v 0.5 2.2 2.1
v 0.5 2.3 2.1
v 0.4 1.8 2.1
v 0.4 2.2 2.1
v -0.3 1.9 2.1
v -0.3 2.4 2.1
v -0.4 1.8 2.1
v -0.4 1.9 2.1
v -0.4 2 2.1
v -0.4 2.3 2.1
v -0.4 2.4 2.1
v -0.4 2.5 2.1
v -0.5 1.9 2.1
v -0.5 2 2.1
v -0.5 2.3 2.1
v -0.5 2.4 2.1
v -0.8 1.9 2.1
v -0.8 2 2.1
v -0.8 2.3 2.1
v -0.8 2.4 2.1
v -0.9 1.8 2.1
v -0.9 1.9 2.1
v -0.9 2 2.1
v -0.9 2.3 2.1
v -0.9 2.4 2.1
v -0.9 2.5 2.1
v -1 1.9 2.1
v -1 2.4 2.1
v -1.1 0 2.1
v -1.1 0.1 2.1
v -1.1 1.4 2.1
v -1.1 1.5 2.1
v -1.9 0.5 2.1
v -1.9 0.6 2.1
v -1.9 1.2 2.1
v -1.9 1.3 2.1
v -2.1 0.5 2.1
v -2.1 0.6 2.1
v -2.1 1.2 2.1
v -2.1 1.3 2.1
v -2.3 0 2.1
v -2.3 0.1 2.1
v -2.3 1.4 2.1
v -2.3 1.5 2.1
v 2.5 0.1 2.2
v 2.5 0.2 2.2
v 2.5 1.3 2.2
v 2.5 1.4 2.2
v 2.5 1.7 2.2
v 2.5 1.8 2.2
v 2.3 0.6 2.2
v 2.3 0.7 2.2
v 2.1 0.6 2.2
v 2.1 0.7 2.2
v 1.3 0.1 2.2
v 1.3 0.2 2.2
v 1.3 1.3 2.2
v 1.3 1.4 2.2
v -0.4 2 2.2
v -0.4 2.3 2.2
v -0.5 1.9 2.2
v -0.5 2 2.2
v -0.5 2.3 2.2
v -0.5 2.4 2.2
v -0.8 1.9 2.2
v -0.8 2 2.2
v -0.8 2.3 2.2
v -0.8 2.4 2.2
v -0.9 2 2.2
v -0.9 2.3 2.2
v -1.1 0.1 2.2
v -1.1 0.2 2.2
v -1.1 1.3 2.2
v -1.1 1.4 2.2
v -1.9 0.6 2.2
v -1.9 0.7 2.2
v -2.1 0.6 2.2
v -2.1 0.7 2.2
v -2.3 0.1 2.2
v -2.3 0.2 2.2
v -2.3 1.3 2.2
v -2.3 1.4 2.2
v -2.3 1.7 2.2
v -2.3 1.8 2.2
v 2.5 0.2 2.3
v 2.5 0.3 2.3
v 2.5 1.2 2.3
v 2.5 1.3 2.3
v 2.3 0.7 2.3
v 2.3 0.8 2.3
v 2.3 1 2.3
v 2.3 1.1 2.3
v 2.1 0.7 2.3
v 2.1 0.8 2.3
v 2.1 1 2.3
v 2.1 1.1 2.3
v 1.3 0.2 2.3
v 1.3 0.3 2.3
v 1.3 1.2 2.3
v 1.3 1.3 2.3
v -1.1 0.2 2.3
v -1.1 0.3 2.3
v -1.1 1.2 2.3
v -1.1 1.3 2.3
v -1.9 0.7 2.3
v -1.9 0.8 2.3
v -1.9 1 2.3
v -1.9 1.1 2.3
v -2.1 0.7 2.3
v -2.1 0.8 2.3
v -2.1 1 2.3
v -2.1 1.1 2.3
v -2.3 0.2 2.3
v -2.3 0.3 2.3
v -2.3 1.2 2.3
v -2.3 1.3 2.3
v 2.5 0.3 2.4
v 2.5 0.4 2.4
v 2.5 1.1 2.4
v 2.5 1.2 2.4
v 2.5 1.6 2.4
v 2.5 1.7 2.4
v 1.3 0.3 2.4
v 1.3 0.4 2.4
v 1.3 1.1 2.4
v 1.3 1.2 2.4
v -0.6 2.1 2.4
v -0.6 2.2 2.4
v -0.7 2.1 2.4
v -0.7 2.2 2.4
v -1.1 0.3 2.4
v -1.1 0.4 2.4
v -1.1 1.1 2.4
v -1.1 1.2 2.4
v -2.3 0.3 2.4
v -2.3 0.4 2.4
v -2.3 1.1 2.4
v -2.3 1.2 2.4
v -2.3 1.6 2.4
v -2.3 1.7 2.4
v 2.5 0.4 2.5
v 2.5 0.5 2.5
v 2.5 1 2.5
v 2.5 1.1 2.5
v 1.3 0.4 2.5
v 1.3 0.5 2.5
v 1.3 1 2.5
v 1.3 1.1 2.5
v 1.2 0.4 2.5
v 1.2 0.6 2.5
v -1 0.4 2.5
v -1 0.6 2.5
v -1.1 0.4 2.5
v -1.1 0.5 2.5
v -1.1 1 2.5
v -1.1 1.1 2.5
v -2.3 0.4 2.5
v -2.3 0.5 2.5
v -2.3 1 2.5
v -2.3 1.1 2.5
v 2.5 0.5 2.6
v 2.5 1 2.6
v 2.5 1.5 2.6
v 2.5 1.6 2.6
v 1.3 0.5 2.6
v 1.3 0.7 2.6
v 1.3 1 2.6
v 1.2 0.3 2.6
v 1.2 0.4 2.6
v 1.2 0.8 2.6
v 1.2 1 2.6
v -1 0.3 2.6
v -1 0.4 2.6
v -1 0.8 2.6
v -1 1 2.6
v -1.1 0.5 2.6
v -1.1 0.7 2.6
v -1.1 1 2.6
v -2.3 0.5 2.6
v -2.3 1 2.6
v -2.3 1.5 2.6
v -2.3 1.6 2.6
v 2.5 1.4 2.7
v 2.5 1.5 2.7
v 1.2 0.6 2.7
v 1.2 0.7 2.7
v 1.2 1.1 2.7
v 1.2 1.3 2.7
v 1.1 0.7 2.7
v 1.1 0.8 2.7
v -0.9 0.7 2.7
v -0.9 0.8 2.7
v -1 0.6 2.7
v -1 0.7 2.7
v -1 1.1 2.7
v -1 1.3 2.7
v -2.3 1.4 2.7
v -2.3 1.5 2.7
v 2.5 1.3 2.8
v 2.5 1.4 2.8
v 1.3 1.3 2.8
v 1.3 1.4 2.8
v 1.2 1 2.8
v 1.2 1.1 2.8
v 1.2 1.3 2.8
v 1.2 1.4 2.8
v -1 1 2.8
v -1 1.1 2.8
v -1 1.3 2.8
v -1 1.4 2.8
v -1.1 1.3 2.8
v -1.1 1.4 2.8
v -2.3 1.3 2.8
v -2.3 1.4 2.8
v 1.4 0.5 2.9
v 1.4 0.9 2.9
v 1.3 0.6 2.9
v 1.3 0.7 2.9
v 1.3 0.9 2.9
v 1.3 1.4 2.9
v 1.2 0.6 2.9
v 1.2 0.7 2.9
v 1.2 0.9 2.9
v 1.2 1.4 2.9
v 1.1 0.5 2.9
v 1.1 0.9 2.9
v -0.9 0.5 2.9
v -0.9 0.9 2.9
v -1 0.6 2.9
v -1 0.7 2.9
v -1 0.9 2.9
v -1 1.4 2.9
v -1.1 0.6 2.9
v -1.1 0.7 2.9
v -1.1 0.9 2.9
v -1.1 1.4 2.9
v -1.2 0.5 2.9
v -1.2 0.9 2.9
v 2.5 0 -2.1
v 1.3 0 -2.1
v -1.1 0 -2.1
v -2.3 0 -2.1
v 2.5 0 2.1
v 1.3 0 2.1
v -1.1 0 2.1
v -2.3 0 2.1
v 2.5 0.1 -2.2
v 1.3 0.1 -2.2
v -1.1 0.1 -2.2
v -2.3 0.1 -2.2
v 2.5 0.1 -2.1
v 1.3 0.1 -2.1
v -1.1 0.1 -2.1
v -2.3 0.1 -2.1
v 2.5 0.1 2.1
v 1.3 0.1 2.1
v -1.1 0.1 2.1
v -2.3 0.1 2.1
v 2.5 0.1 2.2
v 1.3 0.1 2.2
v -1.1 0.1 2.2
v -2.3 0.1 2.2
v 2.5 0.2 -2.3
v 1.3 0.2 -2.3
v -1.1 0.2 -2.3
v -2.3 0.2 -2.3
v 2.5 0.2 -2.2
v 1.3 0.2 -2.2
v -1.1 0.2 -2.2
v -2.3 0.2 -2.2
v 2.5 0.2 2.2
v 1.3 0.2 2.2
v -1.1 0.2 2.2
v -2.3 0.2 2.2
v 2.5 0.2 2.3
v 1.3 0.2 2.3
v -1.1 0.2 2.3
v -2.3 0.2 2.3
v 2.5 0.3 -2.4
v 1.3 0.3 -2.4
v -1.1 0.3 -2.4
v -2.3 0.3 -2.4
v 2.5 0.3 -2.3
v 1.3 0.3 -2.3
v -1.1 0.3 -2.3
v -2.3 0.3 -2.3
v 1.3 0.3 -2
v -1.1 0.3 -2
v 1.3 0.3 -1.9
v -1.1 0.3 -1.9
v 2.3 0.3 -1.2
v 2.1 0.3 -1.2
v -1.9 0.3 -1.2
v -2.1 0.3 -1.2
v 2.3 0.3 -1.1
v 2.1 0.3 -1.1
v -1.9 0.3 -1.1
v -2.1 0.3 -1.1
v 2.3 0.3 -0.9
v 2.1 0.3 -0.9
v -1.9 0.3 -0.9
v -2.1 0.3 -0.9
v 2.3 0.3 -0.8
v 2.1 0.3 -0.8
v -1.9 0.3 -0.8
v -2.1 0.3 -0.8
v 2.3 0.3 -0.4
v 2.1 0.3 -0.4
v -1.9 0.3 -0.4
v -2.1 0.3 -0.4
v 2.3 0.3 -0.3
v 2.1 0.3 -0.3
v -1.9 0.3 -0.3
v -2.1 0.3 -0.3
v 2.3 0.3 -0.0999999
v 2.1 0.3 -0.0999999
v -1.9 0.3 -0.0999999
v -2.1 0.3 -0.0999999
v 2.3 0.3 2.38419e-07
v 2.1 0.3 2.38419e-07
v -1.9 0.3 2.38419e-07
v -2.1 0.3 2.38419e-07
v 2.3 0.3 0.4
v 2.1 0.3 0.4
v -1.9 0.3 0.4
v -2 0.3 0.4
v 2.3 0.3 0.5
v 2.1 0.3 0.5
v -1.9 0.3 0.5
v -2 0.3 0.5
v 2.3 0.3 0.7
v 2.1 0.3 0.7
v -1.9 0.3 0.7
v -2.1 0.3 0.7
v 2.3 0.3 0.8
v 2.1 0.3 0.8
v -1.9 0.3 0.8
v -2.1 0.3 0.8
v 2.3 0.3 1.2
v 2.1 0.3 1.2
v -1.9 0.3 1.2
v -2.1 0.3 1.2
v 2.3 0.3 1.3
v 2.1 0.3 1.3
v -1.9 0.3 1.3
v -2.1 0.3 1.3
v 2.3 0.3 1.5
v 2.1 0.3 1.5
v -1.9 0.3 1.5
v -2.1 0.3 1.5
v 2.3 0.3 1.6
v 2.1 0.3 1.6
v -1.9 0.3 1.6
v -2.1 0.3 1.6
v 2.5 0.3 2.3
v 1.3 0.3 2.3
v 1.2 0.3 2.3
v -1 0.3 2.3
v -1.1 0.3 2.3
v -2.3 0.3 2.3
v 2.5 0.3 2.4
v 1.3 0.3 2.4
v 1.2 0.3 2.4
v -1 0.3 2.4
v -1.1 0.3 2.4
v -2.3 0.3 2.4
v 1.2 0.3 2.6
v -1 0.3 2.6
v 2.5 0.4 -2.5
v 1.3 0.4 -2.5
v -1.1 0.4 -2.5
v -2.3 0.4 -2.5
v 2.5 0.4 -2.4
v 1.3 0.4 -2.4
v -1.1 0.4 -2.4
v -2.3 0.4 -2.4
v 1.3 0.4 -2.1
v -1.1 0.4 -2.1
v 1.3 0.4 -2
v -1.1 0.4 -2
v 2.1 0.4 -1.5
v 1.9 0.4 -1.5
v -1.7 0.4 -1.5
v -1.9 0.4 -1.5
v 2.3 0.4 -1.3
v 2.1 0.4 -1.3
v 1.9 0.4 -1.3
v -1.7 0.4 -1.3
v -1.9 0.4 -1.3
v -2.1 0.4 -1.3
v 2.3 0.4 -1.2
v 2.1 0.4 -1.2
v -1.9 0.4 -1.2
v -2.1 0.4 -1.2
v 2.3 0.4 -0.8
v 2.1 0.4 -0.8
v -1.9 0.4 -0.8
v -2.1 0.4 -0.8
v 2.3 0.4 -0.7
v 2.1 0.4 -0.7
v 1.9 0.4 -0.7
v -1.7 0.4 -0.7
v -1.9 0.4 -0.7
v -2.1 0.4 -0.7
v 2.3 0.4 -0.5
v 2.1 0.4 -0.5
v 1.9 0.4 -0.5
v -1.7 0.4 -0.5
v -1.9 0.4 -0.5
v -2.1 0.4 -0.5
v 2.3 0.4 -0.4
v 2.1 0.4 -0.4
v -1.9 0.4 -0.4
v -2.1 0.4 -0.4
v 2.3 0.4 2.38419e-07
v 2.1 0.4 2.38419e-07
v -1.9 0.4 2.38419e-07
v -2.1 0.4 2.38419e-07
v 2.3 0.4 0.1
v 2.1 0.4 0.1
v 1.9 0.4 0.1
v -1.7 0.4 0.1
v -1.9 0.4 0.1
v -2.1 0.4 0.1
v 2.3 0.4 0.3
v 2.1 0.4 0.3
v 1.9 0.4 0.3
v -1.7 0.4 0.3
v -1.9 0.4 0.3
v -2.1 0.4 0.3
v 2.3 0.4 0.4
v 2.1 0.4 0.4
v -1.9 0.4 0.4
v -2 0.4 0.4
v -2 0.4 0.5
v -2.1 0.4 0.5
v 2.3 0.4 0.8
v 2.1 0.4 0.8
v -1.9 0.4 0.8
v -2.1 0.4 0.8
v 2.3 0.4 0.9
v 2.1 0.4 0.9
v 1.9 0.4 0.9
v -1.7 0.4 0.9
v -1.9 0.4 0.9
v -2.1 0.4 0.9
v 2.3 0.4 1.1
v 2.1 0.4 1.1
v 1.9 0.4 1.1
v -1.7 0.4 1.1
v -1.9 0.4 1.1
v -2.1 0.4 1.1
v 2.3 0.4 1.2
v 2.1 0.4 1.2
v -1.9 0.4 1.2
v -2.1 0.4 1.2
v 2.3 0.4 1.6
v 2.1 0.4 1.6
v -1.9 0.4 1.6
v -2.1 0.4 1.6
v 2.3 0.4 1.7
v 2.1 0.4 1.7
v -1.9 0.4 1.7
v -2.1 0.4 1.7
v 2.5 0.4 2.4
v 1.3 0.4 2.4
v -1.1 0.4 2.4
v -2.3 0.4 2.4
v 2.5 0.4 2.5
v 1.3 0.4 2.5
v -1.1 0.4 2.5
v -2.3 0.4 2.5
v 2.5 0.5 -2.6
v 1.3 0.5 -2.6
v -1.1 0.5 -2.6
v -2.3 0.5 -2.6
v 2.5 0.5 -2.5
v 1.3 0.5 -2.5
v -1.1 0.5 -2.5
v -2.3 0.5 -2.5
v 1.3 0.5 -2.2
v -1.1 0.5 -2.2
v 1.9 0.5 -2.1
v 1.7 0.5 -2.1
v 1.3 0.5 -2.1
v -1.1 0.5 -2.1
v -1.5 0.5 -2.1
v -1.7 0.5 -2.1
v 1.9 0.5 -1.9
v 1.7 0.5 -1.9
v -1.5 0.5 -1.9
v -1.7 0.5 -1.9
v 2.1 0.5 -1.6
v 1.9 0.5 -1.6
v -1.7 0.5 -1.6
v -1.9 0.5 -1.6
v 2.1 0.5 -1.5
v 1.9 0.5 -1.5
v -1.7 0.5 -1.5
v -1.9 0.5 -1.5
v 2.3 0.5 -1.4
v 2.1 0.5 -1.4
v -1.9 0.5 -1.4
v -2.1 0.5 -1.4
v 2.3 0.5 -1.3
v 2.1 0.5 -1.3
v 1.9 0.5 -1.3
v -1.7 0.5 -1.3
v -1.9 0.5 -1.3
v -2.1 0.5 -1.3
v 2.1 0.5 -1.2
v 1.9 0.5 -1.2
v -1.7 0.5 -1.2
v -1.9 0.5 -1.2
v 2.1 0.5 -0.8
v 1.9 0.5 -0.8
v -1.7 0.5 -0.8
v -1.9 0.5 -0.8
v 2.3 0.5 -0.7
v 2.1 0.5 -0.7
v 1.9 0.5 -0.7
v -1.7 0.5 -0.7
v -1.9 0.5 -0.7
v -2.1 0.5 -0.7
v 2.3 0.5 -0.5
v 2.1 0.5 -0.5
v 1.9 0.5 -0.5
v -1.7 0.5 -0.5
v -1.9 0.5 -0.5
v -2.1 0.5 -0.5
v 2.1 0.5 -0.4
v 1.9 0.5 -0.4
v -1.7 0.5 -0.4
v -1.9 0.5 -0.4
v 2.1 0.5 2.38419e-07
v 1.9 0.5 2.38419e-07
v -1.7 0.5 2.38419e-07
v -1.9 0.5 2.38419e-07
v 2.3 0.5 0.1
v 2.1 0.5 0.1
v 1.9 0.5 0.1
v -1.7 0.5 0.1
v -1.9 0.5 0.1
v -2.1 0.5 0.1
v 2.3 0.5 0.3
v 2.1 0.5 0.3
v 1.9 0.5 0.3
v -1.7 0.5 0.3
v -1.9 0.5 0.3
v -2.1 0.5 0.3
v 2.1 0.5 0.4
v 1.9 0.5 0.4
v -1.7 0.5 0.4
v -1.9 0.5 0.4
v 2.1 0.5 0.8
v 1.9 0.5 0.8
v -1.7 0.5 0.8
v -1.9 0.5 0.8
v 2.3 0.5 0.9
v 2.1 0.5 0.9
v 1.9 0.5 0.9
v -1.7 0.5 0.9
v -1.9 0.5 0.9
v -2.1 0.5 0.9
v 2.3 0.5 1.1
v 2.1 0.5 1.1
v 1.9 0.5 1.1
v -1.7 0.5 1.1
v -1.9 0.5 1.1
v -2.1 0.5 1.1
v 2.1 0.5 1.2
v 1.9 0.5 1.2
v -1.7 0.5 1.2
v -1.9 0.5 1.2
v 2.3 0.5 1.7
v 2.1 0.5 1.7
v -1.9 0.5 1.7
v -2.1 0.5 1.7
v 2.3 0.5 1.8
v 2.1 0.5 1.8
v -1.9 0.5 1.8
v -2.1 0.5 1.8
v 2.3 0.5 1.9
v 2.1 0.5 1.9
v -1.9 0.5 1.9
v -2.1 0.5 1.9
v 2.3 0.5 2.1
v 2.1 0.5 2.1
v -1.9 0.5 2.1
v -2.1 0.5 2.1
v 2.5 0.5 2.5
v 1.3 0.5 2.5
v -1.1 0.5 2.5
v -2.3 0.5 2.5
v 2.5 0.5 2.6
v 1.3 0.5 2.6
v -1.1 0.5 2.6
v -2.3 0.5 2.6
v 1.4 0.5 2.8
v 1.1 0.5 2.8
v -0.9 0.5 2.8
v -1.2 0.5 2.8
v 1.4 0.5 2.9
v 1.1 0.5 2.9
v -0.9 0.5 2.9
v -1.2 0.5 2.9
v 1.9 0.6 -2.2
v 1.7 0.6 -2.2
v -1.5 0.6 -2.2
v -1.7 0.6 -2.2
v 1.9 0.6 -2.1
v 1.7 0.6 -2.1
v -1.5 0.6 -2.1
v -1.7 0.6 -2.1
v 1.9 0.6 -1.9
v 1.7 0.6 -1.9
v -1.5 0.6 -1.9
v -1.7 0.6 -1.9
v 1.9 0.6 -1.8
v 1.7 0.6 -1.8
v -1.5 0.6 -1.8
v -1.7 0.6 -1.8
v 2.1 0.6 -1.7
v 1.9 0.6 -1.7
v -1.7 0.6 -1.7
v -1.9 0.6 -1.7
v 2.1 0.6 -1.6
v 1.9 0.6 -1.6
v -1.7 0.6 -1.6
v -1.9 0.6 -1.6
v 2.1 0.6 -1.2
v 1.9 0.6 -1.2
v -1.7 0.6 -1.2
v -1.9 0.6 -1.2
v 2.1 0.6 -1.1
v 1.9 0.6 -1.1
v -1.7 0.6 -1.1
v -1.9 0.6 -1.1
v 2.1 0.6 -0.9
v 1.9 0.6 -0.9
v -1.7 0.6 -0.9
v -1.9 0.6 -0.9
v 2.1 0.6 -0.8
v 1.9 0.6 -0.8
v -1.7 0.6 -0.8
v -1.9 0.6 -0.8
v 2.1 0.6 -0.4
v 1.9 0.6 -0.4
v -1.7 0.6 -0.4
v -1.9 0.6 -0.4
v 2.1 0.6 -0.3
v 1.9 0.6 -0.3
v -1.7 0.6 -0.3
v -1.9 0.6 -0.3
v 2.1 0.6 -0.0999999
v 1.9 0.6 -0.0999999
v -1.7 0.6 -0.0999999
v -1.9 0.6 -0.0999999
v 2.1 0.6 2.38419e-07
v 1.9 0.6 2.38419e-07
v -1.7 0.6 2.38419e-07
v -1.9 0.6 2.38419e-07
v 2.1 0.6 0.4
v 1.9 0.6 0.4
v -1.7 0.6 0.4
v -1.9 0.6 0.4
v 2.1 0.6 0.5
v 1.9 0.6 0.5
v -1.7 0.6 0.5
v -1.9 0.6 0.5
v 2.1 0.6 0.7
v 1.9 0.6 0.7
v -1.7 0.6 0.7
v -1.9 0.6 0.7
v 2.1 0.6 0.8
v 1.9 0.6 0.8
v -1.7 0.6 0.8
v -1.9 0.6 0.8
v 2.1 0.6 1.2
v 1.9 0.6 1.2
v -1.7 0.6 1.2
v -1.9 0.6 1.2
v 2.1 0.6 1.3
v 1.9 0.6 1.3
v -1.7 0.6 1.3
v -1.9 0.6 1.3
v 2.3 0.6 1.8
v 2.1 0.6 1.8
v -1.9 0.6 1.8
v -2.1 0.6 1.8
v 2.3 0.6 1.9
v 2.1 0.6 1.9
v -1.9 0.6 1.9
v -2.1 0.6 1.9
v 2.3 0.6 2.1
v 2.1 0.6 2.1
v -1.9 0.6 2.1
v -2.1 0.6 2.1
v 2.3 0.6 2.2
v 2.1 0.6 2.2
v -1.9 0.6 2.2
v -2.1 0.6 2.2
v 1.2 0.6 2.5
v -1 0.6 2.5
v 1.2 0.6 2.7
v -1 0.6 2.7
v 2.5 0.7 -2.8
v 1.3 0.7 -2.8
v -1.1 0.7 -2.8
v -2.3 0.7 -2.8
v 2.5 0.7 -2.7
v 1.3 0.7 -2.7
v -1.1 0.7 -2.7
v -2.3 0.7 -2.7
v 1.9 0.7 -2.3
v 1.7 0.7 -2.3
v -1.5 0.7 -2.3
v -1.7 0.7 -2.3
v 2 0.7 -2.2
v 1.9 0.7 -2.2
v 1.7 0.7 -2.2
v -1.5 0.7 -2.2
v -1.7 0.7 -2.2
v -1.8 0.7 -2.2
v 2.2 0.7 -2.1
v 2 0.7 -2.1
v -1.8 0.7 -2.1
v -2 0.7 -2.1
v 2.2 0.7 -1.9
v 2 0.7 -1.9
v -1.8 0.7 -1.9
v -2 0.7 -1.9
v 2.1 0.7 -1.8
v 2 0.7 -1.8
v 1.9 0.7 -1.8
v 1.8 0.7 -1.8
v 1.7 0.7 -1.8
v -1.5 0.7 -1.8
v -1.7 0.7 -1.8
v -1.8 0.7 -1.8
v -1.9 0.7 -1.8
v 2.1 0.7 -1.7
v 2 0.7 -1.7
v 1.9 0.7 -1.7
v 1.8 0.7 -1.7
v 1.7 0.7 -1.7
v -1.5 0.7 -1.7
v -1.7 0.7 -1.7
v -1.9 0.7 -1.7
v 2.1 0.7 -1.1
v 1.9 0.7 -1.1
v -1.7 0.7 -1.1
v -1.9 0.7 -1.1
v 2.1 0.7 -0.9
v 1.9 0.7 -0.9
v -1.7 0.7 -0.9
v -1.9 0.7 -0.9
v 2.1 0.7 -0.3
v 1.9 0.7 -0.3
v -1.7 0.7 -0.3
v -1.9 0.7 -0.3
v 2.1 0.7 -0.0999999
v 1.9 0.7 -0.0999999
v -1.7 0.7 -0.0999999
v -1.9 0.7 -0.0999999
v 2.1 0.7 0.5
v 1.9 0.7 0.5
v -1.7 0.7 0.5
v -1.9 0.7 0.5
v 2.1 0.7 0.7
v 1.9 0.7 0.7
v -1.7 0.7 0.7
v -1.9 0.7 0.7
v 2.1 0.7 1.3
v 1.9 0.7 1.3
v -1.7 0.7 1.3
v -1.9 0.7 1.3
v 2.1 0.7 1.4
v 1.9 0.7 1.4
v -1.7 0.7 1.4
v -1.9 0.7 1.4
v 2.3 0.7 2.2
v 2.1 0.7 2.2
v 1.3 0.7 2.2
v 1.2 0.7 2.2
v -1 0.7 2.2
v -1.1 0.7 2.2
v -1.9 0.7 2.2
v -2.1 0.7 2.2
v 2.3 0.7 2.3
v 2.1 0.7 2.3
v -1.9 0.7 2.3
v -2.1 0.7 2.3
v 1.3 0.7 2.4
v 1.2 0.7 2.4
v -1 0.7 2.4
v -1.1 0.7 2.4
v 1.3 0.7 2.6
v -1.1 0.7 2.6
v 1.4 0.7 2.7
v 1.3 0.7 2.7
v 1.2 0.7 2.7
v 1.1 0.7 2.7
v -0.9 0.7 2.7
v -1 0.7 2.7
v -1.1 0.7 2.7
v -1.2 0.7 2.7
v 1.4 0.7 2.8
v 1.3 0.7 2.8
v 1.2 0.7 2.8
v 1.1 0.7 2.8
v -0.9 0.7 2.8
v -1 0.7 2.8
v -1.1 0.7 2.8
v -1.2 0.7 2.8
v 1.3 0.7 2.9
v 1.2 0.7 2.9
v -1 0.7 2.9
v -1.1 0.7 2.9
v 1.9 0.8 -2.4
v 1.7 0.8 -2.4
v -1.5 0.8 -2.4
v -1.7 0.8 -2.4
v 1.9 0.8 -2.3
v 1.7 0.8 -2.3
v -1.5 0.8 -2.3
v -1.7 0.8 -2.3
v 2.2 0.8 -2.2
v 2 0.8 -2.2
v -1.8 0.8 -2.2
v -2 0.8 -2.2
v 2.3 0.8 -2.1
v 2.2 0.8 -2.1
v 2 0.8 -2.1
v -1.8 0.8 -2.1
v -2 0.8 -2.1
v -2.1 0.8 -2.1
v 2.3 0.8 -1.9
v 2.2 0.8 -1.9
v 2.1 0.8 -1.9
v 2 0.8 -1.9
v -1.8 0.8 -1.9
v -2 0.8 -1.9
v -2.1 0.8 -1.9
v 2.2 0.8 -1.8
v 2.1 0.8 -1.8
v 2 0.8 -1.8
v -1.8 0.8 -1.8
v -1.9 0.8 -1.8
v -2 0.8 -1.8
v 1.9 0.8 -1.7
v 1.8 0.8 -1.7
v 1.7 0.8 -1.7
v -1.5 0.8 -1.7
v -1.7 0.8 -1.7
v 1.9 0.8 -1.6
v 1.8 0.8 -1.6
v 1.7 0.8 -1.6
v -1.5 0.8 -1.6
v -1.7 0.8 -1.6
v 2.3 0.8 2.3
v 2.1 0.8 2.3
v -1.9 0.8 2.3
v -2.1 0.8 2.3
v 2.3 0.8 2.4
v 2.1 0.8 2.4
v -1.9 0.8 2.4
v -2.1 0.8 2.4
v 2.5 1 -2.7
v 1.3 1 -2.7
v -1.1 1 -2.7
v -2.3 1 -2.7
v 2.5 1 -2.6
v 1.3 1 -2.6
v -1.1 1 -2.6
v -2.3 1 -2.6
v 1.2 1 2.6
v -1 1 2.6
v 1.2 1 2.8
v -1 1 2.8
v 2.5 1.1 -2.4
v 1.3 1.1 -2.4
v -1.1 1.1 -2.4
v -2.3 1.1 -2.4
v 1.9 1.1 -2.3
v 1.7 1.1 -2.3
v -1.5 1.1 -2.3
v -1.7 1.1 -2.3
v 2.5 1.1 -2.2
v 2 1.1 -2.2
v 1.9 1.1 -2.2
v 1.7 1.1 -2.2
v 1.3 1.1 -2.2
v -1.1 1.1 -2.2
v -1.5 1.1 -2.2
v -1.7 1.1 -2.2
v -1.8 1.1 -2.2
v -2.3 1.1 -2.2
v 2.5 1.1 2.2
v 2.3 1.1 2.2
v 2.1 1.1 2.2
v 1.3 1.1 2.2
v -1.1 1.1 2.2
v -1.9 1.1 2.2
v -2.1 1.1 2.2
v -2.3 1.1 2.2
v 2.3 1.1 2.3
v 2.1 1.1 2.3
v -1.9 1.1 2.3
v -2.1 1.1 2.3
v 2.5 1.1 2.4
v 1.3 1.1 2.4
v -1.1 1.1 2.4
v -2.3 1.1 2.4
v 2.5 1.2 -2.6
v 1.3 1.2 -2.6
v 0.7 1.2 -2.6
v 0.4 1.2 -2.6
v -0.2 1.2 -2.6
v -0.5 1.2 -2.6
v -1.1 1.2 -2.6
v -2.3 1.2 -2.6
v 2.5 1.2 -2.5
v 1.3 1.2 -2.5
v 0.8 1.2 -2.5
v 0.7 1.2 -2.5
v 0.4 1.2 -2.5
v 0.3 1.2 -2.5
v -0.1 1.2 -2.5
v -0.2 1.2 -2.5
v -0.5 1.2 -2.5
v -0.6 1.2 -2.5
v -1.1 1.2 -2.5
v -2.3 1.2 -2.5
v 0.8 1.2 -2.2
v 0.3 1.2 -2.2
v -0.1 1.2 -2.2
v -0.6 1.2 -2.2
v 2.5 1.3 -2.2
v 1.3 1.3 -2.2
v -1.1 1.3 -2.2
v -2.3 1.3 -2.2
v -2.5 1.3 -2.2
v -2.6 1.3 -2.2
v 1.9 1.3 -2.1
v 1.7 1.3 -2.1
v 1.3 1.3 -2.1
v -1.1 1.3 -2.1
v -1.5 1.3 -2.1
v -1.7 1.3 -2.1
v 1.9 1.3 -1.9
v 1.7 1.3 -1.9
v -1.5 1.3 -1.9
v -1.7 1.3 -1.9
v 2.3 1.3 1.9
v 2.1 1.3 1.9
v -1.9 1.3 1.9
v -2.1 1.3 1.9
v -2.5 1.3 2
v -2.6 1.3 2
v 2.3 1.3 2.1
v 2.1 1.3 2.1
v -1.9 1.3 2.1
v -2.1 1.3 2.1
v 2.5 1.3 2.2
v 1.3 1.3 2.2
v -1.1 1.3 2.2
v -2.3 1.3 2.2
v 2.5 1.3 2.7
v 1.3 1.3 2.7
v 1.2 1.3 2.7
v -1 1.3 2.7
v -1.1 1.3 2.7
v -2.3 1.3 2.7
v 2.5 1.3 2.8
v 1.3 1.3 2.8
v 1.2 1.3 2.8
v -1 1.3 2.8
v -1.1 1.3 2.8
v -2.3 1.3 2.8
v 2.5 1.4 -2.5
v 1.3 1.4 -2.5
v -1.1 1.4 -2.5
v -2.3 1.4 -2.5
v 2.5 1.4 -2.4
v 1.3 1.4 -2.4
v -1.1 1.4 -2.4
v -2.3 1.4 -2.4
v 2.7 1.4 -2.2
v 2.6 1.4 -2.2
v 2.7 1.4 2
v 2.6 1.4 2
v 2.5 1.4 2.6
v 1.3 1.4 2.6
v -1.1 1.4 2.6
v -2.3 1.4 2.6
v 2.5 1.4 2.7
v 1.3 1.4 2.7
v -1.1 1.4 2.7
v -2.3 1.4 2.7
v -2.4 1.5 -2.2
v -2.5 1.5 -2.2
v 1.3 1.5 -2.1
v -1.1 1.5 -2.1
v 1.3 1.5 -1.9
v -1.1 1.5 -1.9
v -2.4 1.5 2
v -2.5 1.5 2
v 1.2 1.5 2.3
v -1 1.5 2.3
v 2.5 1.5 2.4
v 1.3 1.5 2.4
v -1.1 1.5 2.4
v -2.3 1.5 2.4
v 2.5 1.5 2.6
v 1.3 1.5 2.6
v 1.2 1.5 2.6
v -1 1.5 2.6
v -1.1 1.5 2.6
v -2.3 1.5 2.6
v 2.5 1.6 -2.4
v 1.3 1.6 -2.4
v -1.1 1.6 -2.4
v -2.3 1.6 -2.4
v 2.5 1.6 -2.3
v 1.3 1.6 -2.3
v -1.1 1.6 -2.3
v -2.3 1.6 -2.3
v 2.6 1.6 -2.2
v 2.5 1.6 -2.2
v 2.6 1.6 2
v 2.5 1.6 2
v 2.5 1.6 2.2
v 1.3 1.6 2.2
v 1.2 1.6 2.2
v -1 1.6 2.2
v -1.1 1.6 2.2
v -2.3 1.6 2.2
v 1.2 1.6 2.3
v -1 1.6 2.3
v 2.5 1.6 2.4
v 1.3 1.6 2.4
v -1.1 1.6 2.4
v -2.3 1.6 2.4
v 2.5 1.7 -2.3
v 1.3 1.7 -2.3
v -1.1 1.7 -2.3
v -2.3 1.7 -2.3
v 2.5 1.7 -2.2
v 2.2 1.7 -2.2
v 1.3 1.7 -2.2
v -1.1 1.7 -2.2
v -2.1 1.7 -2.2
v -2.3 1.7 -2.2
v -2.4 1.7 -2.2
v 1.3 1.7 -1.9
v -1.1 1.7 -1.9
v 2.3 1.7 1.9
v 2.2 1.7 1.9
v 2.5 1.7 2
v 2.3 1.7 2
v -2.1 1.7 2
v -2.3 1.7 2
v -2.4 1.7 2
v 2.5 1.7 2.2
v -2.3 1.7 2.2
v 2.5 1.8 -2.2
v 2.2 1.8 -2.2
v -2.1 1.8 -2.2
v -2.3 1.8 -2.2
v 2.3 1.8 1.9
v 2.2 1.8 1.9
v 2.5 1.8 2
v 2.3 1.8 2
v -2.1 1.8 2
v -2.3 1.8 2
v 2.3 1.9 -2.6
v 1.4 1.9 -2.6
v 2.3 1.9 -2.2
v 1.4 1.9 -2.2
v 0.4 1.9 1.7
v 0.3 1.9 1.7
v 0.2 1.9 1.7
v 0.0999999 1.9 1.7
v 0.4 1.9 1.8
v 0.3 1.9 1.8
v 0.2 1.9 1.8
v 0.0999999 1.9 1.8
v -0.3 1.9 2
v -0.4 1.9 2
v -0.9 1.9 2
v -1 1.9 2
v -0.3 1.9 2.1
v -0.4 1.9 2.1
v -0.5 1.9 2.1
v -0.8 1.9 2.1
v -0.9 1.9 2.1
v -1 1.9 2.1
v -0.5 1.9 2.2
v -0.8 1.9 2.2
v 0.3 2 1.7
v 0.2 2 1.7
v 0.3 2 1.8
v 0.2 2 1.8
v -0.4 2 2.1
v -0.5 2 2.1
v -0.8 2 2.1
v -0.9 2 2.1
v -0.4 2 2.2
v -0.5 2 2.2
v -0.8 2 2.2
v -0.9 2 2.2
v 0.9 2.1 2
v 0.6 2.1 2
v -0.6 2.1 2
v -0.7 2.1 2
v 0.9 2.1 2.1
v 0.6 2.1 2.1
v -0.6 2.1 2.4
v -0.7 2.1 2.4
v 2.2 2.3 -2.5
v 2 2.3 -2.5
v 1.7 2.3 -2.5
v 1.5 2.3 -2.5
v -1.3 2.3 -2.5
v -1.5 2.3 -2.5
v -1.8 2.3 -2.5
v -2 2.3 -2.5
v 2.2 2.3 -2.3
v 2 2.3 -2.3
v 1.7 2.3 -2.3
v 1.5 2.3 -2.3
v 1 2.3 -2.3
v 0.2 2.3 -2.3
v 0 2.3 -2.3
v -0.8 2.3 -2.3
v -1.3 2.3 -2.3
v -1.5 2.3 -2.3
v -1.8 2.3 -2.3
v -2 2.3 -2.3
v 1.5 2.3 -2.2
v 1 2.3 -2.2
v 0.2 2.3 -2.2
v 0 2.3 -2.2
v -0.8 2.3 -2.2
v -1.3 2.3 -2.2
v -0.5 2.3 2
v -0.8 2.3 2
v -0.5 2.3 2.2
v -0.8 2.3 2.2
v 2.2 2.4 -2.6
v 2 2.4 -2.6
v 1.7 2.4 -2.6
v 1.5 2.4 -2.6
v -1.3 2.4 -2.6
v -1.5 2.4 -2.6
v -1.8 2.4 -2.6
v -2 2.4 -2.6
v 2.3 2.4 -2.5
v 2.2 2.4 -2.5
v 2 2.4 -2.5
v 1.9 2.4 -2.5
v 1.8 2.4 -2.5
v 1.7 2.4 -2.5
v 1.5 2.4 -2.5
v 1.4 2.4 -2.5
v -1.2 2.4 -2.5
v -1.3 2.4 -2.5
v -1.5 2.4 -2.5
v -1.6 2.4 -2.5
v -1.7 2.4 -2.5
v -1.8 2.4 -2.5
v -2 2.4 -2.5
v -2.1 2.4 -2.5
v 2.3 2.4 -2.3
v 2.2 2.4 -2.3
v 2 2.4 -2.3
v 1.9 2.4 -2.3
v 1.8 2.4 -2.3
v 1.7 2.4 -2.3
v 1.5 2.4 -2.3
v 1.4 2.4 -2.3
v 1 2.4 -2.3
v 0.9 2.4 -2.3
v 0.3 2.4 -2.3
v 0.2 2.4 -2.3
v 0 2.4 -2.3
v -0.1 2.4 -2.3
v -0.7 2.4 -2.3
v -0.8 2.4 -2.3
v -1.2 2.4 -2.3
v -1.3 2.4 -2.3
v -1.5 2.4 -2.3
v -1.6 2.4 -2.3
v -1.7 2.4 -2.3
v -1.8 2.4 -2.3
v -2 2.4 -2.3
v -2.1 2.4 -2.3
v 2.2 2.4 -2.2
v 2 2.4 -2.2
v 1.7 2.4 -2.2
v 1.5 2.4 -2.2
v 1 2.4 -2.2
v 0.9 2.4 -2.2
v 0.3 2.4 -2.2
v 0.2 2.4 -2.2
v 0 2.4 -2.2
v -0.1 2.4 -2.2
v -0.7 2.4 -2.2
v -0.8 2.4 -2.2
v -1.3 2.4 -2.2
v -1.5 2.4 -2.2
v -1.8 2.4 -2.2
v -2 2.4 -2.2
v 2.2 2.5 -2.7
v 1.5 2.5 -2.7
v -1.3 2.5 -2.7
v -2 2.5 -2.7
v 2.3 2.5 -2.6
v 2.2 2.5 -2.6
v 2 2.5 -2.6
v 1.7 2.5 -2.6
v 1.5 2.5 -2.6
v 1.4 2.5 -2.6
v -1.2 2.5 -2.6
v -1.3 2.5 -2.6
v -1.5 2.5 -2.6
v -1.8 2.5 -2.6
v -2 2.5 -2.6
v -2.1 2.5 -2.6
v 2.4 2.5 -2.5
v 2.3 2.5 -2.5
v 2.2 2.5 -2.5
v 1.5 2.5 -2.5
v 1.4 2.5 -2.5
v 1.3 2.5 -2.5
v -1.1 2.5 -2.5
v -1.2 2.5 -2.5
v -1.3 2.5 -2.5
v -2 2.5 -2.5
v -2.1 2.5 -2.5
v -2.2 2.5 -2.5
v 2.3 2.5 -2.3
v 1.4 2.5 -2.3
v 0.9 2.5 -2.3
v 0.8 2.5 -2.3
v -0.6 2.5 -2.3
v -0.7 2.5 -2.3
v -1.2 2.5 -2.3
v -2.1 2.5 -2.3
v 2.4 2.5 -2.2
v 2.3 2.5 -2.2
v 1.4 2.5 -2.2
v 1.3 2.5 -2.2
v 0.9 2.5 -2.2
v 0.8 2.5 -2.2
v -0.6 2.5 -2.2
v -0.7 2.5 -2.2
v -1.1 2.5 -2.2
v -1.2 2.5 -2.2
v -2.1 2.5 -2.2
v -2.2 2.5 -2.2
v 1.5 2.6 -2.3
v 1.4 2.6 -2.3
v 1.3 2.6 -2.3
v 0.9 2.6 -2.3
v -0.7 2.6 -2.3
v -1.1 2.6 -2.3
v -1.2 2.6 -2.3
v -1.3 2.6 -2.3
v 1.5 2.6 -2.2
v 1.4 2.6 -2.2
v 1.3 2.6 -2.2
v 0.9 2.6 -2.2
v -0.7 2.6 -2.2
v -1.1 2.6 -2.2
v -1.2 2.6 -2.2
v -1.3 2.6 -2.2
v 2.2 2.6 -2
v -2 2.6 -2
v -1.1 2.6 -0.2
v -1.2 2.6 -0.2
v -1.1 2.6 -0.0999999
v -1.2 2.6 -0.0999999
v 2.2 2.6 1.8
v -2 2.6 1.8
v 1.9 2.7 -2.5
v 1.8 2.7 -2.5
v -1.6 2.7 -2.5
v -1.7 2.7 -2.5
v 1.9 2.7 -2.3
v 1.8 2.7 -2.3
v -1.6 2.7 -2.3
v -1.7 2.7 -2.3
v 2.5 0.2 -2.2
v 1.3 0.2 -2.2
v -1.1 0.2 -2.2
v -2.3 0.2 -2.2
v 2.3 0.2 -1.1
v 2.1 0.2 -1.1
v -1.9 0.2 -1.1
v -2.1 0.2 -1.1
v 2.3 0.2 -0.9
v 2.1 0.2 -0.9
v -1.9 0.2 -0.9
v -2.1 0.2 -0.9
v 2.3 0.2 -0.3
v 2.1 0.2 -0.3
v -1.9 0.2 -0.3
v -2.1 0.2 -0.3
v 2.3 0.2 -0.0999999
v 2.1 0.2 -0.0999999
v -1.9 0.2 -0.0999999
v -2.1 0.2 -0.0999999
v 2.3 0.2 0.5
v 2.1 0.2 0.5
v -1.9 0.2 0.5
v -2.1 0.2 0.5
v 2.3 0.2 0.7
v 2.1 0.2 0.7
v -1.9 0.2 0.7
v -2.1 0.2 0.7
v 2.3 0.2 1.3
v 2.1 0.2 1.3
v -1.9 0.2 1.3
v -2.1 0.2 1.3
v 2.3 0.2 1.5
v 2.1 0.2 1.5
v -1.9 0.2 1.5
v -2.1 0.2 1.5
v 2.5 0.2 2.2
v 1.3 0.2 2.2
v -1.1 0.2 2.2
v -2.3 0.2 2.2
v 2.5 0.4 -2.4
v 1.3 0.4 -2.4
v -1.1 0.4 -2.4
v -2.3 0.4 -2.4
v 2.5 0.4 -2.2
v 1.3 0.4 -2.2
v -1.1 0.4 -2.2
v -2.3 0.4 -2.2
v 1.3 0.4 -2
v -1.1 0.4 -2
v 1.3 0.4 -1.9
v -1.1 0.4 -1.9
v 2.5 0.4 2.2
v 1.3 0.4 2.2
v -1.1 0.4 2.2
v -2.3 0.4 2.2
v 2.5 0.4 2.4
v 1.3 0.4 2.4
v -1.1 0.4 2.4
v -2.3 0.4 2.4
v 1.2 0.4 2.5
v -1 0.4 2.5
v 1.2 0.4 2.6
v -1 0.4 2.6
v 1.3 0.5 -2.1
v -1.1 0.5 -2.1
v 1.3 0.5 -2
v -1.1 0.5 -2
v 1.2 0.6 2.3
v -1 0.6 2.3
v 1.2 0.6 2.4
v -1 0.6 2.4
v 1.3 0.6 2.8
v 1.2 0.6 2.8
v -1 0.6 2.8
v -1.1 0.6 2.8
v 1.3 0.6 2.9
v 1.2 0.6 2.9
v -1 0.6 2.9
v -1.1 0.6 2.9
v 2.3 0.7 -1.4
v 2.1 0.7 -1.4
v -1.9 0.7 -1.4
v -2.1 0.7 -1.4
v 2.3 0.7 -1.3
v 2.1 0.7 -1.3
v -1.9 0.7 -1.3
v -2.1 0.7 -1.3
v 2.3 0.7 -0.7
v 2.1 0.7 -0.7
v -1.9 0.7 -0.7
v -2.1 0.7 -0.7
v 2.3 0.7 -0.5
v 2.1 0.7 -0.5
v -1.9 0.7 -0.5
v -2.1 0.7 -0.5
v 2.3 0.7 0.1
v 2.1 0.7 0.1
v -1.9 0.7 0.1
v -2.1 0.7 0.1
v 2.3 0.7 0.3
v 2.1 0.7 0.3
v -1.9 0.7 0.3
v -2.1 0.7 0.3
v 2.3 0.7 0.9
v 2.1 0.7 0.9
v -1.9 0.7 0.9
v -2.1 0.7 0.9
v 2.3 0.7 1.1
v 2.1 0.7 1.1
v -1.9 0.7 1.1
v -2.1 0.7 1.1
v 2.3 0.8 -1.3
v 2.1 0.8 -1.3
v -1.9 0.8 -1.3
v -2.1 0.8 -1.3
v 2.3 0.8 -1.2
v 2.1 0.8 -1.2
v -1.9 0.8 -1.2
v -2.1 0.8 -1.2
v 2.3 0.8 -0.8
v 2.1 0.8 -0.8
v -1.9 0.8 -0.8
v -2.1 0.8 -0.8
v 2.3 0.8 -0.7
v 2.1 0.8 -0.7
v -1.9 0.8 -0.7
v -2.1 0.8 -0.7
v 2.3 0.8 -0.5
v 2.1 0.8 -0.5
v -1.9 0.8 -0.5
v -2.1 0.8 -0.5
v 2.3 0.8 -0.4
v 2.1 0.8 -0.4
v -1.9 0.8 -0.4
v -2.1 0.8 -0.4
v 2.3 0.8 2.38419e-07
v 2.1 0.8 2.38419e-07
v -1.9 0.8 2.38419e-07
v -2.1 0.8 2.38419e-07
v 2.3 0.8 0.1
v 2.1 0.8 0.1
v -1.9 0.8 0.1
v -2.1 0.8 0.1
v 2.3 0.8 0.3
v 2.1 0.8 0.3
v -1.9 0.8 0.3
v -2.1 0.8 0.3
v 2.3 0.8 0.4
v 2.1 0.8 0.4
v -1.9 0.8 0.4
v -2.1 0.8 0.4
v 2.3 0.8 0.8
v 2.1 0.8 0.8
v -1.9 0.8 0.8
v -2.1 0.8 0.8
v 2.3 0.8 0.9
v 2.1 0.8 0.9
v -1.9 0.8 0.9
v -2.1 0.8 0.9
v 2.3 0.8 1.1
v 2.1 0.8 1.1
v -1.9 0.8 1.1
v -2.1 0.8 1.1
v 2.3 0.8 1.2
v 2.1 0.8 1.2
v -1.9 0.8 1.2
v -2.1 0.8 1.2
v 1.2 0.8 2.6
v -1 0.8 2.6
v 1.2 0.8 2.7
v 1.1 0.8 2.7
v -0.9 0.8 2.7
v -1 0.8 2.7
v 2.1 0.9 -1.8
v 1.9 0.9 -1.8
v -1.7 0.9 -1.8
v -1.9 0.9 -1.8
v 2.1 0.9 -1.7
v 1.9 0.9 -1.7
v -1.7 0.9 -1.7
v -1.9 0.9 -1.7
v 2.3 0.9 -1.2
v 2.1 0.9 -1.2
v -1.9 0.9 -1.2
v -2.1 0.9 -1.2
v 2.3 0.9 -1.1
v 2.1 0.9 -1.1
v 1.9 0.9 -1.1
v -1.7 0.9 -1.1
v -1.9 0.9 -1.1
v -2.1 0.9 -1.1
v 2.3 0.9 -0.9
v 2.1 0.9 -0.9
v 1.9 0.9 -0.9
v -1.7 0.9 -0.9
v -1.9 0.9 -0.9
v -2.1 0.9 -0.9
v 2.3 0.9 -0.8
v 2.1 0.9 -0.8
v -1.9 0.9 -0.8
v -2.1 0.9 -0.8
v 2.3 0.9 -0.4
v 2.1 0.9 -0.4
v -1.9 0.9 -0.4
v -2.1 0.9 -0.4
v 2.3 0.9 -0.3
v 2.1 0.9 -0.3
v 1.9 0.9 -0.3
v -1.7 0.9 -0.3
v -1.9 0.9 -0.3
v -2.1 0.9 -0.3
v 2.3 0.9 -0.0999999
v 2.1 0.9 -0.0999999
v 1.9 0.9 -0.0999999
v -1.7 0.9 -0.0999999
v -1.9 0.9 -0.0999999
v -2.1 0.9 -0.0999999
v 2.3 0.9 2.38419e-07
v 2.1 0.9 2.38419e-07
v -1.9 0.9 2.38419e-07
v -2.1 0.9 2.38419e-07
v 2.3 0.9 0.4
v 2.1 0.9 0.4
v -1.9 0.9 0.4
v -2.1 0.9 0.4
v 2.3 0.9 0.5
v 2.1 0.9 0.5
v 1.9 0.9 0.5
v -1.7 0.9 0.5
v -1.9 0.9 0.5
v -2.1 0.9 0.5
v 2.3 0.9 0.7
v 2.1 0.9 0.7
v 1.9 0.9 0.7
v -1.7 0.9 0.7
v -1.9 0.9 0.7
v -2.1 0.9 0.7
v 2.3 0.9 0.8
v 2.1 0.9 0.8
v -1.9 0.9 0.8
v -2.1 0.9 0.8
v 2.3 0.9 1.2
v 2.1 0.9 1.2
v -1.9 0.9 1.2
v -2.1 0.9 1.2
v 2.3 0.9 1.3
v 2.1 0.9 1.3
v 1.9 0.9 1.3
v -1.7 0.9 1.3
v -1.9 0.9 1.3
v -2.1 0.9 1.3
v 2.1 0.9 1.4
v 1.9 0.9 1.4
v -1.7 0.9 1.4
v -1.9 0.9 1.4
v 2.3 0.9 1.5
v 2.1 0.9 1.5
v -1.9 0.9 1.5
v -2.1 0.9 1.5
v 2.3 0.9 1.6
v 2.1 0.9 1.6
v -1.9 0.9 1.6
v -2.1 0.9 1.6
v 1.4 0.9 2.7
v 1.3 0.9 2.7
v 1.2 0.9 2.7
v 1.1 0.9 2.7
v -0.9 0.9 2.7
v -1 0.9 2.7
v -1.1 0.9 2.7
v -1.2 0.9 2.7
v 1.4 0.9 2.9
v 1.3 0.9 2.9
v 1.2 0.9 2.9
v 1.1 0.9 2.9
v -0.9 0.9 2.9
v -1 0.9 2.9
v -1.1 0.9 2.9
v -1.2 0.9 2.9
v 2.5 1 -2.8
v 1.3 1 -2.8
v -1.1 1 -2.8
v -2.3 1 -2.8
v 2.5 1 -2.7
v 1.3 1 -2.7
v -1.1 1 -2.7
v -2.3 1 -2.7
v 2.5 1 -2.6
v 1.3 1 -2.6
v -1.1 1 -2.6
v -2.3 1 -2.6
v 2.5 1 -2.5
v 1.3 1 -2.5
v -1.1 1 -2.5
v -2.3 1 -2.5
v 1.9 1 -2.4
v 1.7 1 -2.4
v -1.5 1 -2.4
v -1.7 1 -2.4
v 1.9 1 -2.3
v 1.7 1 -2.3
v -1.5 1 -2.3
v -1.7 1 -2.3
v 2.2 1 -2.2
v 2 1 -2.2
v -1.8 1 -2.2
v -2 1 -2.2
v 2.3 1 -2.1
v 2.2 1 -2.1
v 2 1 -2.1
v -1.8 1 -2.1
v -2 1 -2.1
v -2.1 1 -2.1
v 2.3 1 -1.9
v 2.2 1 -1.9
v 2 1 -1.9
v -1.8 1 -1.9
v -2 1 -1.9
v -2.1 1 -1.9
v 2.2 1 -1.8
v 2 1 -1.8
v -1.8 1 -1.8
v -2 1 -1.8
v 2.1 1 -1.7
v 1.9 1 -1.7
v 1.8 1 -1.7
v 1.7 1 -1.7
v -1.5 1 -1.7
v -1.7 1 -1.7
v -1.9 1 -1.7
v 2.1 1 -1.6
v 1.9 1 -1.6
v 1.8 1 -1.6
v 1.7 1 -1.6
v -1.5 1 -1.6
v -1.7 1 -1.6
v -1.9 1 -1.6
v 2.1 1 -1.2
v 1.9 1 -1.2
v -1.7 1 -1.2
v -1.9 1 -1.2
v 2.3 1 -1.1
v 2.1 1 -1.1
v 1.9 1 -1.1
v -1.7 1 -1.1
v -1.9 1 -1.1
v -2.1 1 -1.1
v 2.3 1 -0.9
v 2.1 1 -0.9
v 1.9 1 -0.9
v -1.7 1 -0.9
v -1.9 1 -0.9
v -2.1 1 -0.9
v 2.1 1 -0.8
v 1.9 1 -0.8
v -1.7 1 -0.8
v -1.9 1 -0.8
v 2.1 1 -0.4
v 1.9 1 -0.4
v -1.7 1 -0.4
v -1.9 1 -0.4
v 2.3 1 -0.3
v 2.1 1 -0.3
v 1.9 1 -0.3
v -1.7 1 -0.3
v -1.9 1 -0.3
v -2.1 1 -0.3
v 2.3 1 -0.0999999
v 2.1 1 -0.0999999
v 1.9 1 -0.0999999
v -1.7 1 -0.0999999
v -1.9 1 -0.0999999
v -2.1 1 -0.0999999
v 2.1 1 2.38419e-07
v 1.9 1 2.38419e-07
v -1.7 1 2.38419e-07
v -1.9 1 2.38419e-07
v 2.1 1 0.4
v 1.9 1 0.4
v -1.7 1 0.4
v -1.9 1 0.4
v 2.3 1 0.5
v 2.1 1 0.5
v 1.9 1 0.5
v -1.7 1 0.5
v -1.9 1 0.5
v -2.1 1 0.5
v 2.3 1 0.7
v 2.1 1 0.7
v 1.9 1 0.7
v -1.7 1 0.7
v -1.9 1 0.7
v -2.1 1 0.7
v 2.1 1 0.8
v 1.9 1 0.8
v -1.7 1 0.8
v -1.9 1 0.8
v 2.1 1 1.2
v 1.9 1 1.2
v -1.7 1 1.2
v -1.9 1 1.2
v 2.3 1 1.3
v 2.1 1 1.3
v 1.9 1 1.3
v -1.7 1 1.3
v -1.9 1 1.3
v -2.1 1 1.3
v 2.3 1 1.5
v 2.1 1 1.5
v -1.9 1 1.5
v -2.1 1 1.5
v 2.3 1 1.6
v 2.1 1 1.6
v -1.9 1 1.6
v -2.1 1 1.6
v 2.3 1 1.7
v 2.1 1 1.7
v -1.9 1 1.7
v -2.1 1 1.7
v 2.3 1 2.3
v 2.1 1 2.3
v -1.9 1 2.3
v -2.1 1 2.3
v 2.3 1 2.4
v 2.1 1 2.4
v 1.2 1 2.4
v -1 1 2.4
v -1.9 1 2.4
v -2.1 1 2.4
v 2.5 1 2.5
v 1.3 1 2.5
v 1.2 1 2.5
v -1 1 2.5
v -1.1 1 2.5
v -2.3 1 2.5
v 2.5 1 2.6
v 1.3 1 2.6
v -1.1 1 2.6
v -2.3 1 2.6
v 2.5 1.1 -2.5
v 1.3 1.1 -2.5
v -1.1 1.1 -2.5
v -2.3 1.1 -2.5
v 2.5 1.1 -2.4
v 1.3 1.1 -2.4
v -1.1 1.1 -2.4
v -2.3 1.1 -2.4
v 2 1.1 -2.2
v 1.9 1.1 -2.2
v -1.7 1.1 -2.2
v -1.8 1.1 -2.2
v 2.2 1.1 -2.1
v 2 1.1 -2.1
v -1.8 1.1 -2.1
v -2 1.1 -2.1
v 2.2 1.1 -1.9
v 2 1.1 -1.9
v -1.8 1.1 -1.9
v -2 1.1 -1.9
v 2 1.1 -1.8
v 1.9 1.1 -1.8
v 1.7 1.1 -1.8
v -1.5 1.1 -1.8
v -1.7 1.1 -1.8
v -1.8 1.1 -1.8
v 1.9 1.1 -1.7
v 1.7 1.1 -1.7
v -1.5 1.1 -1.7
v -1.7 1.1 -1.7
v 2.1 1.1 -1.6
v 1.9 1.1 -1.6
v -1.7 1.1 -1.6
v -1.9 1.1 -1.6
v 2.1 1.1 -1.5
v 1.9 1.1 -1.5
v -1.7 1.1 -1.5
v -1.9 1.1 -1.5
v 2.1 1.1 -1.3
v 1.9 1.1 -1.3
v -1.7 1.1 -1.3
v -1.9 1.1 -1.3
v 2.1 1.1 -1.2
v 1.9 1.1 -1.2
v -1.7 1.1 -1.2
v -1.9 1.1 -1.2
v 2.1 1.1 -0.8
v 1.9 1.1 -0.8
v -1.7 1.1 -0.8
v -1.9 1.1 -0.8
v 2.1 1.1 -0.7
v 1.9 1.1 -0.7
v -1.7 1.1 -0.7
v -1.9 1.1 -0.7
v 2.1 1.1 -0.5
v 1.9 1.1 -0.5
v -1.7 1.1 -0.5
v -1.9 1.1 -0.5
v 2.1 1.1 -0.4
v 1.9 1.1 -0.4
v -1.7 1.1 -0.4
v -1.9 1.1 -0.4
v 2.1 1.1 2.38419e-07
v 1.9 1.1 2.38419e-07
v -1.7 1.1 2.38419e-07
v -1.9 1.1 2.38419e-07
v 2.1 1.1 0.1
v 1.9 1.1 0.1
v -1.7 1.1 0.1
v -1.9 1.1 0.1
v 2.1 1.1 0.3
v 1.9 1.1 0.3
v -1.7 1.1 0.3
v -1.9 1.1 0.3
v 2.1 1.1 0.4
v 1.9 1.1 0.4
v -1.7 1.1 0.4
v -1.9 1.1 0.4
v 2.1 1.1 0.8
v 1.9 1.1 0.8
v -1.7 1.1 0.8
v -1.9 1.1 0.8
v 2.1 1.1 0.9
v 1.9 1.1 0.9
v -1.7 1.1 0.9
v -1.9 1.1 0.9
v 2.1 1.1 1.1
v 1.9 1.1 1.1
v -1.7 1.1 1.1
v -1.9 1.1 1.1
v 2.1 1.1 1.2
v 1.9 1.1 1.2
v -1.7 1.1 1.2
v -1.9 1.1 1.2
v 2.3 1.1 1.7
v 2.1 1.1 1.7
v -1.9 1.1 1.7
v -2.1 1.1 1.7
v 2.3 1.1 1.8
v 2.1 1.1 1.8
v -1.9 1.1 1.8
v -2.1 1.1 1.8
v 2.5 1.1 2.4
v 1.3 1.1 2.4
v -1.1 1.1 2.4
v -2.3 1.1 2.4
v 2.5 1.1 2.5
v 1.3 1.1 2.5
v -1.1 1.1 2.5
v -2.3 1.1 2.5
v 1.2 1.1 2.7
v -1 1.1 2.7
v 1.2 1.1 2.8
v -1 1.1 2.8
v 2.5 1.2 -2.7
v 1.3 1.2 -2.7
v -1.1 1.2 -2.7
v -2.3 1.2 -2.7
v 2.5 1.2 -2.6
v 1.3 1.2 -2.6
v -1.1 1.2 -2.6
v -2.3 1.2 -2.6
v 2.5 1.2 -2.4
v 1.3 1.2 -2.4
v -1.1 1.2 -2.4
v -2.3 1.2 -2.4
v 2.5 1.2 -2.3
v 1.3 1.2 -2.3
v -1.1 1.2 -2.3
v -2.3 1.2 -2.3
v 1.9 1.2 -2.2
v 1.7 1.2 -2.2
v -1.5 1.2 -2.2
v -1.7 1.2 -2.2
v 1.9 1.2 -2.1
v 1.7 1.2 -2.1
v -1.5 1.2 -2.1
v -1.7 1.2 -2.1
v 1.9 1.2 -1.9
v 1.7 1.2 -1.9
v -1.5 1.2 -1.9
v -1.7 1.2 -1.9
v 1.9 1.2 -1.8
v 1.7 1.2 -1.8
v -1.5 1.2 -1.8
v -1.7 1.2 -1.8
v 2.1 1.2 -1.5
v 1.9 1.2 -1.5
v -1.7 1.2 -1.5
v -1.9 1.2 -1.5
v 2.1 1.2 -1.3
v 1.9 1.2 -1.3
v -1.7 1.2 -1.3
v -1.9 1.2 -1.3
v 2.1 1.2 -0.7
v 1.9 1.2 -0.7
v -1.7 1.2 -0.7
v -1.9 1.2 -0.7
v 2.1 1.2 -0.5
v 1.9 1.2 -0.5
v -1.7 1.2 -0.5
v -1.9 1.2 -0.5
v 2.1 1.2 0.1
v 1.9 1.2 0.1
v -1.7 1.2 0.1
v -1.9 1.2 0.1
v 2.1 1.2 0.3
v 1.9 1.2 0.3
v -1.7 1.2 0.3
v -1.9 1.2 0.3
v 2.1 1.2 0.9
v 1.9 1.2 0.9
v -1.7 1.2 0.9
v -1.9 1.2 0.9
v 2.1 1.2 1.1
v 1.9 1.2 1.1
v -1.7 1.2 1.1
v -1.9 1.2 1.1
v 2.3 1.2 1.8
v 2.1 1.2 1.8
v -1.9 1.2 1.8
v -2.1 1.2 1.8
v 2.3 1.2 1.9
v 2.1 1.2 1.9
v -1.9 1.2 1.9
v -2.1 1.2 1.9
v 2.3 1.2 2.1
v 2.1 1.2 2.1
v -1.9 1.2 2.1
v -2.1 1.2 2.1
v 2.3 1.2 2.2
v 2.1 1.2 2.2
v -1.9 1.2 2.2
v -2.1 1.2 2.2
v 2.5 1.2 2.3
v 1.3 1.2 2.3
v -1.1 1.2 2.3
v -2.3 1.2 2.3
v 2.5 1.2 2.4
v 1.3 1.2 2.4
v -1.1 1.2 2.4
v -2.3 1.2 2.4
v 2.5 1.3 -2.3
v 1.3 1.3 -2.3
v -1.1 1.3 -2.3
v -2.3 1.3 -2.3
v 2.5 1.3 -2.2
v 1.3 1.3 -2.2
v -1.1 1.3 -2.2
v -2.3 1.3 -2.2
v 2.5 1.3 2.2
v 1.3 1.3 2.2
v -1.1 1.3 2.2
v -2.3 1.3 2.2
v 2.5 1.3 2.3
v 1.3 1.3 2.3
v -1.1 1.3 2.3
v -2.3 1.3 2.3
v 1.2 1.3 2.5
v -1 1.3 2.5
v 1.2 1.3 2.6
v -1 1.3 2.6
v 2.5 1.4 -2.6
v 1.3 1.4 -2.6
v -1.1 1.4 -2.6
v -2.3 1.4 -2.6
v 2.5 1.4 -2.5
v 1.3 1.4 -2.5
v -1.1 1.4 -2.5
v -2.3 1.4 -2.5
v 2.5 1.4 -2.2
v 1.3 1.4 -2.2
v -1.1 1.4 -2.2
v -2.3 1.4 -2.2
v 2.5 1.4 -2.1
v 1.3 1.4 -2.1
v -1.1 1.4 -2.1
v -2.3 1.4 -2.1
v 2.5 1.4 2.1
v 1.3 1.4 2.1
v -1.1 1.4 2.1
v -2.3 1.4 2.1
v 2.5 1.4 2.2
v 1.3 1.4 2.2
v -1.1 1.4 2.2
v -2.3 1.4 2.2
v 2.5 1.4 2.7
v -2.3 1.4 2.7
v 2.5 1.4 2.8
v 1.3 1.4 2.8
v 1.2 1.4 2.8
v -1 1.4 2.8
v -1.1 1.4 2.8
v -2.3 1.4 2.8
v 1.3 1.4 2.9
v 1.2 1.4 2.9
v -1 1.4 2.9
v -1.1 1.4 2.9
v -2.5 1.5 -2.2
v -2.6 1.5 -2.2
v 2.5 1.5 -2.1
v 1.3 1.5 -2.1
v -1.1 1.5 -2.1
v -2.3 1.5 -2.1
v 1.3 1.5 -1.9
v -1.1 1.5 -1.9
v -2.5 1.5 2
v -2.6 1.5 2
v 2.5 1.5 2.1
v 1.3 1.5 2.1
v -1.1 1.5 2.1
v -2.3 1.5 2.1
v 2.5 1.5 2.6
v -2.3 1.5 2.6
v 2.5 1.5 2.7
v -2.3 1.5 2.7
v 2.5 1.6 -2.5
v 1.3 1.6 -2.5
v -1.1 1.6 -2.5
v -2.3 1.6 -2.5
v 2.5 1.6 -2.4
v 1.3 1.6 -2.4
v -1.1 1.6 -2.4
v -2.3 1.6 -2.4
v 2.7 1.6 -2.2
v 2.6 1.6 -2.2
v 2.7 1.6 2
v 2.6 1.6 2
v 2.5 1.6 2.4
v -2.3 1.6 2.4
v 2.5 1.6 2.6
v -2.3 1.6 2.6
v 2.5 1.7 -2.4
v 1.3 1.7 -2.4
v -1.1 1.7 -2.4
v -2.3 1.7 -2.4
v 2.5 1.7 -2.3
v 1.3 1.7 -2.3
v -1.1 1.7 -2.3
v -2.3 1.7 -2.3
v -2.4 1.7 -2.2
v -2.5 1.7 -2.2
v -2.4 1.7 2
v -2.5 1.7 2
v 2.5 1.7 2.2
v -2.3 1.7 2.2
v 2.5 1.7 2.4
v -2.3 1.7 2.4
v 2.5 1.8 -2.3
v 1.3 1.8 -2.3
v -1.1 1.8 -2.3
v -2.3 1.8 -2.3
v 2.6 1.8 -2.2
v 2.5 1.8 -2.2
v 1.3 1.8 -2.2
v -1.1 1.8 -2.2
v -2.3 1.8 -2.2
v -2.4 1.8 -2.2
v 2.2 1.8 -2
v -2 1.8 -2
v 2.2 1.8 1.8
v -2 1.8 1.8
v 2.6 1.8 2
v 2.5 1.8 2
v 1.1 1.8 2
v 0.4 1.8 2
v -0.4 1.8 2
v -0.9 1.8 2
v -2.3 1.8 2
v -2.4 1.8 2
v 1.1 1.8 2.1
v 0.4 1.8 2.1
v -0.4 1.8 2.1
v -0.9 1.8 2.1
v 2.5 1.8 2.2
v -2.3 1.8 2.2
v 2.5 1.9 -2.2
v 2.4 1.9 -2.2
v -2.2 1.9 -2.2
v -2.3 1.9 -2.2
v 2.5 1.9 2
v 2.4 1.9 2
v -2.2 1.9 2
v -2.3 1.9 2
v 0.4 2 1.7
v 0.3 2 1.7
v 0.2 2 1.7
v 0.0999999 2 1.7
v 0.4 2 1.8
v 0.3 2 1.8
v 0.2 2 1.8
v 0.0999999 2 1.8
v 0.9 2 2
v 0.6 2 2
v -0.5 2 2
v -0.8 2 2
v 0.9 2 2.1
v 0.6 2 2.1
v -0.5 2 2.2
v -0.8 2 2.2
v 2.3 2.2 -2.6
v 1.4 2.2 -2.6
v 2.3 2.2 -2.2
v 1.4 2.2 -2.2
v 1.1 2.2 2
v 1 2.2 2
v 0.5 2.2 2
v 0.4 2.2 2
v -0.6 2.2 2
v -0.7 2.2 2
v 1.1 2.2 2.1
v 1 2.2 2.1
v 0.5 2.2 2.1
v 0.4 2.2 2.1
v -0.6 2.2 2.4
v -0.7 2.2 2.4
v 1 2.3 2
v 0.5 2.3 2
v 1 2.3 2.1
v 0.5 2.3 2.1
v -0.4 2.3 2.1
v -0.5 2.3 2.1
v -0.8 2.3 2.1
v -0.9 2.3 2.1
v -0.4 2.3 2.2
v -0.5 2.3 2.2
v -0.8 2.3 2.2
v -0.9 2.3 2.2
v 1.5 2.4 -2.3
v 1.4 2.4 -2.3
v 1 2.4 -2.3
v -0.8 2.4 -2.3
v -1.2 2.4 -2.3
v -1.3 2.4 -2.3
v 1.5 2.4 -2.2
v 1 2.4 -2.2
v -0.8 2.4 -2.2
v -1.3 2.4 -2.2
v 0.3 2.4 1.7
v 0.2 2.4 1.7
v 0.3 2.4 1.8
v 0.2 2.4 1.8
v -0.3 2.4 2
v -0.4 2.4 2
v -0.9 2.4 2
v -1 2.4 2
v -0.3 2.4 2.1
v -0.4 2.4 2.1
v -0.5 2.4 2.1
v -0.8 2.4 2.1
v -0.9 2.4 2.1
v -1 2.4 2.1
v -0.5 2.4 2.2
v -0.8 2.4 2.2
v 1 2.5 -2.3
v 0.9 2.5 -2.3
v -0.7 2.5 -2.3
v -0.8 2.5 -2.3
v 1 2.5 -2.2
v 0.9 2.5 -2.2
v -0.7 2.5 -2.2
v -0.8 2.5 -2.2
v -0.4 2.5 2
v -0.9 2.5 2
v -0.4 2.5 2.1
v -0.9 2.5 2.1
v 2.2 2.6 -2.7
v 1.5 2.6 -2.7
v -1.3 2.6 -2.7
v -2 2.6 -2.7
v 2.3 2.6 -2.6
v 2.2 2.6 -2.6
v 2 2.6 -2.6
v 1.7 2.6 -2.6
v 1.5 2.6 -2.6
v 1.4 2.6 -2.6
v -1.2 2.6 -2.6
v -1.3 2.6 -2.6
v -1.5 2.6 -2.6
v -1.8 2.6 -2.6
v -2 2.6 -2.6
v -2.1 2.6 -2.6
v 2.4 2.6 -2.5
v 2.3 2.6 -2.5
v 2.2 2.6 -2.5
v 1.5 2.6 -2.5
v 1.4 2.6 -2.5
v 1.3 2.6 -2.5
v -1.1 2.6 -2.5
v -1.2 2.6 -2.5
v -1.3 2.6 -2.5
v -2 2.6 -2.5
v -2.1 2.6 -2.5
v -2.2 2.6 -2.5
v 2.3 2.6 -2.3
v 1.4 2.6 -2.3
v 1.3 2.6 -2.3
v 0.3 2.6 -2.3
v 0.2 2.6 -2.3
v 0 2.6 -2.3
v -0.1 2.6 -2.3
v -1.1 2.6 -2.3
v -1.2 2.6 -2.3
v -2.1 2.6 -2.3
v 2.4 2.6 -2.2
v 2.3 2.6 -2.2
v 0.3 2.6 -2.2
v 0.2 2.6 -2.2
v 0 2.6 -2.2
v -0.1 2.6 -2.2
v -2.1 2.6 -2.2
v -2.2 2.6 -2.2
v 1.5 2.7 -2.3
v 1.4 2.7 -2.3
v 1 2.7 -2.3
v 0.2 2.7 -2.3
v 0 2.7 -2.3
v -0.8 2.7 -2.3
v -1.2 2.7 -2.3
v -1.3 2.7 -2.3
v 2.4 2.7 -2.2
v 2.2 2.7 -2.2
v 2 2.7 -2.2
v 1.7 2.7 -2.2
v 1.5 2.7 -2.2
v 1.4 2.7 -2.2
v 1 2.7 -2.2
v 0.8 2.7 -2.2
v 0.3 2.7 -2.2
v 0.2 2.7 -2.2
v 0 2.7 -2.2
v -0.1 2.7 -2.2
v -0.6 2.7 -2.2
v -0.8 2.7 -2.2
v -1.2 2.7 -2.2
v -1.3 2.7 -2.2
v -1.5 2.7 -2.2
v -1.8 2.7 -2.2
v -2 2.7 -2.2
v -2.2 2.7 -2.2
v 0.2 2.7 -2.1
v 0 2.7 -2.1
v 1 2.7 -2
v 0.9 2.7 -2
v 0.8 2.7 -2
v 0.7 2.7 -2
v 0.3 2.7 -2
v 0.2 2.7 -2
v 0 2.7 -2
v -0.1 2.7 -2
v -0.5 2.7 -2
v -0.6 2.7 -2
v -0.7 2.7 -2
v -0.8 2.7 -2
v 0.4 2.7 -1.9
v 0.3 2.7 -1.9
v -0.1 2.7 -1.9
v -0.2 2.7 -1.9
v 0.9 2.7 -1.7
v 0.8 2.7 -1.7
v 0.7 2.7 -1.7
v 0.6 2.7 -1.7
v 0.4 2.7 -1.7
v 0.3 2.7 -1.7
v -0.1 2.7 -1.7
v -0.2 2.7 -1.7
v -0.4 2.7 -1.7
v -0.5 2.7 -1.7
v -0.6 2.7 -1.7
v -0.7 2.7 -1.7
v 0.3 2.7 -1.6
v 0.2 2.7 -1.6
v 0 2.7 -1.6
v -0.1 2.7 -1.6
v 0.2 2.7 -1.5
v 0 2.7 -1.5
v 0.8 2.7 -1.4
v 0.7 2.7 -1.4
v 0.6 2.7 -1.4
v 0.5 2.7 -1.4
v -0.3 2.7 -1.4
v -0.4 2.7 -1.4
v -0.5 2.7 -1.4
v -0.6 2.7 -1.4
v 0.6 2.7 -1.3
v 0.5 2.7 -1.3
v -0.3 2.7 -1.3
v -0.5 2.7 -1.3
v 0.7 2.7 -1.2
v 0.6 2.7 -1.2
v -1.1 2.7 -0.2
v -1.2 2.7 -0.2
v -1.1 2.7 -0.0999999
v -1.2 2.7 -0.0999999
v 1.4 2.7 1.4
v 1.2 2.7 1.4
v -1 2.7 1.4
v -1.2 2.7 1.4
v 1.5 2.7 1.5
v 1.4 2.7 1.5
v 1.2 2.7 1.5
v 1.1 2.7 1.5
v -0.9 2.7 1.5
v -1 2.7 1.5
v -1.2 2.7 1.5
v -1.3 2.7 1.5
v 1.6 2.7 1.6
v 1.5 2.7 1.6
v 1.1 2.7 1.6
v 1 2.7 1.6
v -0.8 2.7 1.6
v -0.9 2.7 1.6
v -1.3 2.7 1.6
v -1.4 2.7 1.6
v 1.6 2.7 1.8
v 1.5 2.7 1.8
v 1.1 2.7 1.8
v 1 2.7 1.8
v -0.8 2.7 1.8
v -0.9 2.7 1.8
v -1.3 2.7 1.8
v -1.4 2.7 1.8
v 1.5 2.7 1.9
v 1.4 2.7 1.9
v 1.2 2.7 1.9
v 1.1 2.7 1.9
v -0.9 2.7 1.9
v -1 2.7 1.9
v -1.2 2.7 1.9
v -1.3 2.7 1.9
v 2.4 2.7 2
v 1.4 2.7 2
v 1.2 2.7 2
v -1 2.7 2
v -1.2 2.7 2
v -2.2 2.7 2
v 2.2 2.8 -2.6
v 2 2.8 -2.6
v 1.7 2.8 -2.6
v 1.5 2.8 -2.6
v 0.7 2.8 -2.6
v 0.4 2.8 -2.6
v -0.2 2.8 -2.6
v -0.5 2.8 -2.6
v -1.3 2.8 -2.6
v -1.5 2.8 -2.6
v -1.8 2.8 -2.6
v -2 2.8 -2.6
v 2.3 2.8 -2.5
v 2.2 2.8 -2.5
v 2 2.8 -2.5
v 1.7 2.8 -2.5
v 1.5 2.8 -2.5
v 1.4 2.8 -2.5
v 0.8 2.8 -2.5
v 0.7 2.8 -2.5
v 0.4 2.8 -2.5
v 0.3 2.8 -2.5
v -0.1 2.8 -2.5
v -0.2 2.8 -2.5
v -0.5 2.8 -2.5
v -0.6 2.8 -2.5
v -1.2 2.8 -2.5
v -1.3 2.8 -2.5
v -1.5 2.8 -2.5
v -1.8 2.8 -2.5
v -2 2.8 -2.5
v -2.1 2.8 -2.5
v 2.3 2.8 -2.3
v 2.2 2.8 -2.3
v 2 2.8 -2.3
v 1.7 2.8 -2.3
v 1.5 2.8 -2.3
v 1.4 2.8 -2.3
v 1 2.8 -2.3
v 0.8 2.8 -2.3
v -0.6 2.8 -2.3
v -0.8 2.8 -2.3
v -1.2 2.8 -2.3
v -1.3 2.8 -2.3
v -1.5 2.8 -2.3
v -1.8 2.8 -2.3
v -2 2.8 -2.3
v -2.1 2.8 -2.3
v 2.2 2.8 -2.2
v 2 2.8 -2.2
v 1.7 2.8 -2.2
v 1.5 2.8 -2.2
v 0.8 2.8 -2.2
v 0.3 2.8 -2.2
v -0.1 2.8 -2.2
v -0.6 2.8 -2.2
v -1.3 2.8 -2.2
v -1.5 2.8 -2.2
v -1.8 2.8 -2.2
v -2 2.8 -2.2
v 0.2 2.8 -2.1
v 0 2.8 -2.1
v 1 2.8 -2
v 0.9 2.8 -2
v 0.8 2.8 -2
v 0.7 2.8 -2
v 0.3 2.8 -2
v 0.2 2.8 -2
v 0 2.8 -2
v -0.1 2.8 -2
v -0.5 2.8 -2
v -0.6 2.8 -2
v -0.7 2.8 -2
v -0.8 2.8 -2
v 0.4 2.8 -1.9
v 0.3 2.8 -1.9
v -0.1 2.8 -1.9
v -0.2 2.8 -1.9
v 0.9 2.8 -1.7
v 0.8 2.8 -1.7
v 0.7 2.8 -1.7
v 0.6 2.8 -1.7
v 0.4 2.8 -1.7
v 0.3 2.8 -1.7
v -0.1 2.8 -1.7
v -0.2 2.8 -1.7
v -0.4 2.8 -1.7
v -0.5 2.8 -1.7
v -0.6 2.8 -1.7
v -0.7 2.8 -1.7
v 0.3 2.8 -1.6
v 0.2 2.8 -1.6
v 0 2.8 -1.6
v -0.1 2.8 -1.6
v 0.2 2.8 -1.5
v 0 2.8 -1.5
v 0.8 2.8 -1.4
v 0.7 2.8 -1.4
v 0.6 2.8 -1.4
v 0.5 2.8 -1.4
v -0.3 2.8 -1.4
v -0.4 2.8 -1.4
v -0.5 2.8 -1.4
v -0.6 2.8 -1.4
v 0.6 2.8 -1.3
v 0.5 2.8 -1.3
v -0.3 2.8 -1.3
v -0.5 2.8 -1.3
v 0.7 2.8 -1.2
v 0.6 2.8 -1.2
v 1.4 2.8 1.4
v 1.2 2.8 1.4
v -1 2.8 1.4
v -1.2 2.8 1.4
v 1.5 2.8 1.5
v 1.4 2.8 1.5
v 1.2 2.8 1.5
v 1.1 2.8 1.5
v -0.9 2.8 1.5
v -1 2.8 1.5
v -1.2 2.8 1.5
v -1.3 2.8 1.5
v 1.6 2.8 1.6
v 1.5 2.8 1.6
v 1.2 2.8 1.6
v 1.1 2.8 1.6
v 1 2.8 1.6
v -0.8 2.8 1.6
v -0.9 2.8 1.6
v -1.2 2.8 1.6
v -1.3 2.8 1.6
v -1.4 2.8 1.6
v 1.3 2.8 1.7
v 1.2 2.8 1.7
v 1.1 2.8 1.7
v 1 2.8 1.7
v -1.1 2.8 1.7
v -1.2 2.8 1.7
v -1.3 2.8 1.7
v -1.4 2.8 1.7
v 1.6 2.8 1.8
v 1.5 2.8 1.8
v 1.3 2.8 1.8
v 1.2 2.8 1.8
v -0.8 2.8 1.8
v -0.9 2.8 1.8
v -1.1 2.8 1.8
v -1.2 2.8 1.8
v 1.5 2.8 1.9
v 1.4 2.8 1.9
v 1.2 2.8 1.9
v -0.9 2.8 1.9
v -1 2.8 1.9
v -1.2 2.8 1.9
v 1.4 2.8 2
v 1.2 2.8 2
v -1 2.8 2
v -1.2 2.8 2
v 1.2 2.9 1.6
v 1.1 2.9 1.6
v -1.2 2.9 1.6
v -1.3 2.9 1.6
v 1.3 2.9 1.7
v 1.2 2.9 1.7
v 1.1 2.9 1.7
v 1 2.9 1.7
v -1.1 2.9 1.7
v -1.2 2.9 1.7
v -1.3 2.9 1.7
v -1.4 2.9 1.7
v 1.3 2.9 1.8
v 1.2 2.9 1.8
v 1.1 2.9 1.8
v 1 2.9 1.8
v -1.1 2.9 1.8
v -1.2 2.9 1.8
v -1.3 2.9 1.8
v -1.4 2.9 1.8
v 1.2 2.9 1.9
v 1.1 2.9 1.9
v -1.2 2.9 1.9
v -1.3 2.9 1.9

# faces
f 3/1/1 2/1/1 1/1/1
f 4/1/1 2/1/1 3/1/1
f 7/1/1 6/1/1 5/1/1
f 8/1/1 6/1/1 7/1/1
f 12/7/1 10/7/1 9/7/1
f 13/7/1 10/7/1 12/7/1
f 16/7/1 12/7/1 11/7/1
f 16/7/1 14/7/1 13/7/1
f 16/7/1 13/7/1 12/7/1
f 17/7/1 14/7/1 16/7/1
f 20/7/1 16/7/1 15/7/1
f 21/7/1 18/7/1 17/7/1
f 24/7/1 20/7/1 19/7/1
f 25/7/1 16/7/1 20/7/1
f 25/7/1 20/7/1 24/7/1
f 26/7/1 22/7/1 21/7/1
f 26/7/1 21/7/1 17/7/1
f 27/7/1 22/7/1 26/7/1
f 30/7/1 24/7/1 23/7/1
f 31/7/1 28/7/1 27/7/1
f 35/1/1 34/1/1 33/1/1
f 36/1/1 34/1/1 35/1/1
f 37/7/1 30/7/1 29/7/1
f 38/7/1 24/7/1 30/7/1
f 38/7/1 30/7/1 37/7/1
f 39/7/1 31/7/1 27/7/1
f 39/7/1 32/7/1 31/7/1
f 40/7/1 32/7/1 39/7/1
f 41/7/1 24/7/1 38/7/1
f 42/7/1 24/7/1 41/7/1
f 45/7/1 39/7/1 27/7/1
f 46/7/1 39/7/1 45/7/1
f 47/1/1 37/1/1 36/1/1
f 48/1/1 37/1/1 47/1/1
f 50/7/1 43/7/1 42/7/1
f 51/7/1 43/7/1 50/7/1
f 52/7/1 45/7/1 44/7/1
f 53/7/1 45/7/1 52/7/1
f 54/7/1 43/7/1 51/7/1
f 55/7/1 43/7/1 54/7/1
f 56/7/1 52/7/1 44/7/1
f 57/7/1 52/7/1 56/7/1
f 60/1/1 49/1/1 48/1/1
f 61/1/1 49/1/1 60/1/1
f 63/7/1 56/7/1 55/7/1
f 64/7/1 56/7/1 63/7/1
f 65/7/1 56/7/1 64/7/1
f 66/7/1 56/7/1 65/7/1
f 68/1/1 59/1/1 58/1/1
f 69/1/1 59/1/1 68/1/1
f 70/7/1 65/7/1 64/7/1
f 71/7/1 65/7/1 70/7/1
f 73/1/1 68/1/1 67/1/1
f 74/1/1 68/1/1 73/1/1
f 75/1/1 62/1/1 61/1/1
f 76/1/1 62/1/1 75/1/1
f 79/1/1 73/1/1 72/1/1
f 80/1/1 73/1/1 79/1/1
f 81/1/1 77/1/1 76/1/1
f 82/1/1 77/1/1 81/1/1
f 85/1/1 79/1/1 78/1/1
f 86/1/1 79/1/1 85/1/1
f 87/1/1 83/1/1 82/1/1
f 88/1/1 83/1/1 87/1/1
f 89/1/1 85/1/1 84/1/1
f 90/1/1 85/1/1 89/1/1
f 91/1/1 89/1/1 88/1/1
f 92/1/1 89/1/1 91/1/1
f 96/1/1 94/1/1 93/1/1
f 97/6/1 96/6/1 95/6/1
f 98/1/1 94/1/1 96/1/1
f 98/6/1 96/6/1 97/6/1
f 99/1/1 94/1/1 98/1/1
f 100/1/1 94/1/1 99/1/1
f 110/5/1 102/5/1 101/5/1
f 111/5/1 102/5/1 110/5/1
f 114/5/1 104/5/1 103/5/1
f 115/5/1 104/5/1 114/5/1
f 118/5/1 106/5/1 105/5/1
f 119/5/1 106/5/1 118/5/1
f 122/5/1 108/5/1 107/5/1
f 123/5/1 108/5/1 122/5/1
f 126/5/1 112/5/1 111/5/1
f 126/5/1 110/5/1 109/5/1
f 126/5/1 111/5/1 110/5/1
f 127/5/1 112/5/1 126/5/1
f 130/5/1 116/5/1 115/5/1
f 130/5/1 114/5/1 113/5/1
f 130/5/1 115/5/1 114/5/1
f 131/5/1 116/5/1 130/5/1
f 134/5/1 120/5/1 119/5/1
f 134/5/1 118/5/1 117/5/1
f 134/5/1 119/5/1 118/5/1
f 135/5/1 120/5/1 134/5/1
f 138/5/1 124/5/1 123/5/1
f 138/5/1 123/5/1 122/5/1
f 138/5/1 122/5/1 121/5/1
f 139/5/1 124/5/1 138/5/1
f 142/5/1 128/5/1 127/5/1
f 142/5/1 127/5/1 126/5/1
f 142/5/1 126/5/1 125/5/1
f 143/5/1 128/5/1 142/5/1
f 144/5/1 132/5/1 131/5/1
f 144/5/1 131/5/1 130/5/1
f 144/5/1 130/5/1 129/5/1
f 145/5/1 132/5/1 144/5/1
f 146/5/1 136/5/1 135/5/1
f 146/5/1 135/5/1 134/5/1
f 146/5/1 134/5/1 133/5/1
f 147/5/1 136/5/1 146/5/1
f 148/5/1 140/5/1 139/5/1
f 148/5/1 139/5/1 138/5/1
f 148/5/1 138/5/1 137/5/1
f 149/5/1 140/5/1 148/5/1
f 153/5/1 143/5/1 142/5/1
f 153/5/1 145/5/1 144/5/1
f 153/5/1 150/5/1 149/5/1
f 153/5/1 149/5/1 148/5/1
f 153/5/1 148/5/1 147/5/1
f 153/5/1 147/5/1 146/5/1
f 153/5/1 144/5/1 143/5/1
f 153/5/1 146/5/1 145/5/1
f 153/5/1 142/5/1 141/5/1
f 154/5/1 152/5/1 151/5/1
f 155/5/1 152/5/1 154/5/1
f 157/5/1 153/5/1 141/5/1
f 157/5/1 156/5/1 155/5/1
f 157/5/1 155/5/1 154/5/1
f 157/5/1 154/5/1 153/5/1
f 158/5/1 156/5/1 157/5/1
f 159/5/1 156/5/1 158/5/1
f 160/5/1 156/5/1 159/5/1
f 161/5/1 156/5/1 160/5/1
f 162/5/1 156/5/1 161/5/1
f 163/5/1 156/5/1 162/5/1
f 164/5/1 156/5/1 163/5/1
f 165/5/1 156/5/1 164/5/1
f 169/5/1 159/5/1 158/5/1
f 170/5/1 159/5/1 169/5/1
f 171/5/1 159/5/1 170/5/1
f 172/5/1 159/5/1 171/5/1
f 173/5/1 161/5/1 160/5/1
f 174/5/1 161/5/1 173/5/1
f 175/5/1 161/5/1 174/5/1
f 176/5/1 161/5/1 175/5/1
f 177/5/1 163/5/1 162/5/1
f 178/5/1 163/5/1 177/5/1
f 179/5/1 163/5/1 178/5/1
f 180/5/1 163/5/1 179/5/1
f 181/5/1 166/5/1 165/5/1
f 181/5/1 165/5/1 164/5/1
f 182/5/1 166/5/1 181/5/1
f 183/5/1 166/5/1 182/5/1
f 185/5/1 171/5/1 170/5/1
f 186/5/1 171/5/1 185/5/1
f 187/5/1 171/5/1 186/5/1
f 188/5/1 171/5/1 187/5/1
f 189/5/1 175/5/1 174/5/1
f 190/5/1 175/5/1 189/5/1
f 191/5/1 175/5/1 190/5/1
f 192/5/1 175/5/1 191/5/1
f 193/5/1 179/5/1 178/5/1
f 194/5/1 179/5/1 193/5/1
f 195/5/1 179/5/1 194/5/1
f 196/5/1 179/5/1 195/5/1
f 197/5/1 184/5/1 183/5/1
f 197/5/1 183/5/1 182/5/1
f 198/5/1 184/5/1 197/5/1
f 199/5/1 184/5/1 198/5/1
f 200/5/1 184/5/1 199/5/1
f 201/6/1 168/6/1 167/6/1
f 202/6/1 168/6/1 201/6/1
f 203/5/1 187/5/1 186/5/1
f 204/5/1 187/5/1 203/5/1
f 205/5/1 191/5/1 190/5/1
f 206/5/1 191/5/1 205/5/1
f 207/5/1 195/5/1 194/5/1
f 208/5/1 195/5/1 207/5/1
f 209/5/1 199/5/1 198/5/1
f 210/5/1 199/5/1 209/5/1
f 211/5/1 184/5/1 200/5/1
f 212/5/1 184/5/1 211/5/1
f 213/5/1 184/5/1 212/5/1
f 214/5/1 184/5/1 213/5/1
f 215/5/1 213/5/1 212/5/1
f 216/5/1 213/5/1 215/5/1
f 217/5/1 213/5/1 216/5/1
f 218/5/1 213/5/1 217/5/1
f 219/5/1 217/5/1 216/5/1
f 220/5/1 217/5/1 219/5/1
f 221/5/1 217/5/1 220/5/1
f 222/5/1 217/5/1 221/5/1
f 223/5/1 221/5/1 220/5/1
f 224/5/1 221/5/1 223/5/1
f 227/1/1 226/1/1 225/1/1
f 228/1/1 226/1/1 227/1/1
f 231/3/1 230/3/1 229/3/1
f 232/3/1 230/3/1 231/3/1
f 236/3/1 234/3/1 233/3/1
f 237/3/1 234/3/1 236/3/1
f 238/6/1 236/6/1 235/6/1
f 239/6/1 236/6/1 238/6/1
f 241/3/1 240/3/1 239/3/1
f 242/3/1 240/3/1 241/3/1
f 246/6/1 244/6/1 243/6/1
f 247/6/1 244/6/1 246/6/1
f 249/6/1 246/6/1 245/6/1
f 250/6/1 246/6/1 249/6/1
f 251/6/1 248/6/1 247/6/1
f 252/6/1 248/6/1 251/6/1
f 253/6/1 251/6/1 250/6/1
f 254/6/1 251/6/1 253/6/1
f 257/1/1 256/1/1 255/1/1
f 258/1/1 256/1/1 257/1/1
f 262/3/1 260/3/1 259/3/1
f 263/3/1 260/3/1 262/3/1
f 266/3/1 262/3/1 261/3/1
f 267/3/1 262/3/1 266/3/1
f 268/3/1 264/3/1 263/3/1
f 269/6/1 266/6/1 265/6/1
f 270/6/1 266/6/1 269/6/1
f 272/3/1 264/3/1 268/3/1
f 273/3/1 264/3/1 272/3/1
f 274/3/1 271/3/1 270/3/1
f 275/3/1 271/3/1 274/3/1
f 276/3/1 273/3/1 272/3/1
f 277/3/1 273/3/1 276/3/1
f 287/5/1 279/5/1 278/5/1
f 288/5/1 279/5/1 287/5/1
f 289/5/1 279/5/1 288/5/1
f 290/5/1 281/5/1 280/5/1
f 291/5/1 281/5/1 290/5/1
f 292/5/1 283/5/1 282/5/1
f 293/5/1 283/5/1 292/5/1
f 294/5/1 285/5/1 284/5/1
f 295/5/1 285/5/1 294/5/1
f 297/5/1 287/5/1 286/5/1
f 297/5/1 288/5/1 287/5/1
f 299/5/1 297/5/1 296/5/1
f 300/5/1 288/5/1 297/5/1
f 300/5/1 297/5/1 299/5/1
f 308/5/1 299/5/1 298/5/1
f 308/5/1 300/5/1 299/5/1
f 308/5/1 301/5/1 300/5/1
f 309/5/1 301/5/1 308/5/1
f 312/5/1 303/5/1 302/5/1
f 313/5/1 303/5/1 312/5/1
f 316/5/1 305/5/1 304/5/1
f 317/5/1 305/5/1 316/5/1
f 320/5/1 307/5/1 306/5/1
f 321/5/1 307/5/1 320/5/1
f 323/5/1 310/5/1 309/5/1
f 323/5/1 309/5/1 308/5/1
f 324/5/1 310/5/1 323/5/1
f 325/5/1 310/5/1 324/5/1
f 328/5/1 314/5/1 313/5/1
f 328/5/1 312/5/1 311/5/1
f 328/5/1 313/5/1 312/5/1
f 329/5/1 314/5/1 328/5/1
f 332/5/1 318/5/1 317/5/1
f 332/5/1 316/5/1 315/5/1
f 332/5/1 317/5/1 316/5/1
f 333/5/1 318/5/1 332/5/1
f 336/5/1 321/5/1 320/5/1
f 336/5/1 322/5/1 321/5/1
f 336/5/1 320/5/1 319/5/1
f 337/5/1 322/5/1 336/5/1
f 339/5/1 326/5/1 325/5/1
f 339/5/1 325/5/1 324/5/1
f 340/5/1 326/5/1 339/5/1
f 341/5/1 326/5/1 340/5/1
f 342/5/1 326/5/1 341/5/1
f 343/5/1 330/5/1 329/5/1
f 343/5/1 329/5/1 328/5/1
f 343/5/1 328/5/1 327/5/1
f 344/5/1 330/5/1 343/5/1
f 345/5/1 330/5/1 344/5/1
f 346/5/1 330/5/1 345/5/1
f 347/5/1 334/5/1 333/5/1
f 347/5/1 333/5/1 332/5/1
f 347/5/1 332/5/1 331/5/1
f 348/5/1 334/5/1 347/5/1
f 349/5/1 334/5/1 348/5/1
f 350/5/1 334/5/1 349/5/1
f 351/5/1 338/5/1 337/5/1
f 351/5/1 337/5/1 336/5/1
f 351/5/1 336/5/1 335/5/1
f 352/5/1 338/5/1 351/5/1
f 353/5/1 338/5/1 352/5/1
f 354/5/1 338/5/1 353/5/1
f 355/5/1 341/5/1 340/5/1
f 356/5/1 341/5/1 355/5/1
f 357/5/1 341/5/1 356/5/1
f 358/5/1 341/5/1 357/5/1
f 359/5/1 345/5/1 344/5/1
f 360/5/1 345/5/1 359/5/1
f 361/5/1 345/5/1 360/5/1
f 362/5/1 345/5/1 361/5/1
f 363/5/1 349/5/1 348/5/1
f 364/5/1 349/5/1 363/5/1
f 365/5/1 349/5/1 364/5/1
f 366/5/1 349/5/1 365/5/1
f 367/5/1 353/5/1 352/5/1
f 368/5/1 353/5/1 367/5/1
f 369/5/1 353/5/1 368/5/1
f 370/5/1 353/5/1 369/5/1
f 371/5/1 357/5/1 356/5/1
f 372/5/1 357/5/1 371/5/1
f 373/5/1 361/5/1 360/5/1
f 374/5/1 361/5/1 373/5/1
f 375/5/1 365/5/1 364/5/1
f 376/5/1 365/5/1 375/5/1
f 377/5/1 369/5/1 368/5/1
f 378/5/1 369/5/1 377/5/1
f 383/6/1 380/6/1 379/6/1
f 384/6/1 380/6/1 383/6/1
f 385/6/1 382/6/1 381/6/1
f 386/6/1 382/6/1 385/6/1
f 391/6/1 388/6/1 387/6/1
f 392/6/1 388/6/1 391/6/1
f 393/6/1 390/6/1 389/6/1
f 394/6/1 390/6/1 393/6/1
f 398/6/1 396/6/1 395/6/1
f 399/6/1 396/6/1 398/6/1
f 402/6/1 398/6/1 397/6/1
f 402/6/1 400/6/1 399/6/1
f 402/6/1 399/6/1 398/6/1
f 403/6/1 400/6/1 402/6/1
f 405/6/1 402/6/1 401/6/1
f 408/6/1 405/6/1 404/6/1
f 409/6/1 402/6/1 405/6/1
f 409/6/1 405/6/1 408/6/1
f 410/6/1 407/6/1 406/6/1
f 411/6/1 402/6/1 409/6/1
f 412/6/1 402/6/1 411/6/1
f 413/6/1 410/6/1 406/6/1
f 414/6/1 410/6/1 413/6/1
f 415/6/1 413/6/1 412/6/1
f 416/6/1 413/6/1 415/6/1
f 417/6/1 413/6/1 416/6/1
f 418/6/1 413/6/1 417/6/1
f 419/6/1 417/6/1 416/6/1
f 420/6/1 417/6/1 419/6/1
f 423/3/1 422/3/1 421/3/1
f 424/3/1 422/3/1 423/3/1
f 428/3/1 426/3/1 425/3/1
f 429/3/1 426/3/1 428/3/1
f 431/3/1 428/3/1 427/3/1
f 432/3/1 428/3/1 431/3/1
f 433/3/1 430/3/1 429/3/1
f 434/3/1 428/3/1 432/3/1
f 435/3/1 428/3/1 434/3/1
f 436/3/1 433/3/1 429/3/1
f 437/3/1 433/3/1 436/3/1
f 440/3/1 439/3/1 438/3/1
f 441/3/1 439/3/1 440/3/1
f 444/2/1 443/2/1 442/2/1
f 445/2/1 443/2/1 444/2/1
f 450/3/1 447/3/1 446/3/1
f 451/3/1 447/3/1 450/3/1
f 452/3/1 449/3/1 448/3/1
f 453/3/1 449/3/1 452/3/1
f 457/1/1 455/1/1 454/1/1
f 458/1/1 457/1/1 456/1/1
f 459/1/1 455/1/1 457/1/1
f 459/1/1 457/1/1 458/1/1
f 462/6/1 461/6/1 460/6/1
f 463/6/1 461/6/1 462/6/1
f 468/3/1 465/3/1 464/3/1
f 469/3/1 465/3/1 468/3/1
f 470/3/1 467/3/1 466/3/1
f 471/3/1 467/3/1 470/3/1
f 475/1/1 473/1/1 472/1/1
f 476/1/1 473/1/1 475/1/1
f 478/1/1 475/1/1 474/1/1
f 479/1/1 475/1/1 478/1/1
f 484/1/1 483/1/1 482/1/1
f 487/1/1 484/1/1 482/1/1
f 487/1/1 485/1/1 484/1/1
f 488/1/1 478/1/1 477/1/1
f 489/1/1 481/1/1 480/1/1
f 490/1/1 481/1/1 489/1/1
f 491/1/1 487/1/1 486/1/1
f 493/1/1 491/1/1 490/1/1
f 494/1/1 478/1/1 488/1/1
f 495/1/1 478/1/1 494/1/1
f 497/1/1 493/1/1 492/1/1
f 498/1/1 487/1/1 491/1/1
f 498/1/1 485/1/1 487/1/1
f 498/1/1 493/1/1 497/1/1
f 498/1/1 491/1/1 493/1/1
f 499/1/1 485/1/1 498/1/1
f 502/1/1 497/1/1 496/1/1
f 502/1/1 498/1/1 497/1/1
f 503/1/1 498/1/1 502/1/1
f 504/1/1 498/1/1 503/1/1
f 505/1/1 485/1/1 499/1/1
f 506/1/1 485/1/1 505/1/1
f 507/1/1 501/1/1 500/1/1
f 509/1/1 503/1/1 502/1/1
f 510/1/1 503/1/1 509/1/1
f 511/1/1 509/1/1 502/1/1
f 512/1/1 509/1/1 511/1/1
f 513/1/1 508/1/1 507/1/1
f 513/1/1 507/1/1 500/1/1
f 514/1/1 508/1/1 513/1/1
f 517/3/1 516/3/1 515/3/1
f 518/3/1 516/3/1 517/3/1
f 522/3/1 521/3/1 520/3/1
f 523/3/1 521/3/1 522/3/1
f 524/1/1 520/1/1 519/1/1
f 525/3/1 522/3/1 520/3/1
f 525/1/1 520/1/1 524/1/1
f 526/3/1 522/3/1 525/3/1
f 530/1/1 526/1/1 525/1/1
f 530/1/1 527/1/1 526/1/1
f 531/1/1 527/1/1 530/1/1
f 532/1/1 529/1/1 528/1/1
f 533/1/1 529/1/1 532/1/1
f 538/3/1 535/3/1 534/3/1
f 539/3/1 535/3/1 538/3/1
f 540/3/1 537/3/1 536/3/1
f 541/3/1 537/3/1 540/3/1
f 544/3/1 543/3/1 542/3/1
f 545/3/1 543/3/1 544/3/1
f 548/3/1 547/3/1 546/3/1
f 549/3/1 547/3/1 548/3/1
f 552/2/1 551/2/1 550/2/1
f 553/2/1 551/2/1 552/2/1
f 557/2/1 555/2/1 554/2/1
f 557/2/1 556/2/1 555/2/1
f 558/2/1 556/2/1 557/2/1
f 561/2/1 560/2/1 559/2/1
f 562/2/1 560/2/1 561/2/1
f 565/2/1 564/2/1 563/2/1
f 566/2/1 564/2/1 565/2/1
f 569/3/1 568/3/1 567/3/1
f 570/3/1 568/3/1 569/3/1
f 573/3/1 569/3/1 567/3/1
f 574/3/1 569/3/1 573/3/1
f 575/2/1 572/2/1 571/2/1
f 576/2/1 572/2/1 575/2/1
f 581/3/1 578/3/1 577/3/1
f 582/3/1 578/3/1 581/3/1
f 583/2/1 580/2/1 579/2/1
f 584/2/1 580/2/1 583/2/1
f 587/3/1 586/3/1 585/3/1
f 588/3/1 586/3/1 587/3/1
f 591/7/1 590/7/1 589/7/1
f 592/7/1 590/7/1 591/7/1
f 595/3/1 594/3/1 593/3/1
f 596/3/1 594/3/1 595/3/1
f 599/7/1 598/7/1 597/7/1
f 600/7/1 598/7/1 599/7/1
f 605/3/1 602/3/1 601/3/1
f 606/3/1 602/3/1 605/3/1
f 607/3/1 604/3/1 603/3/1
f 608/3/1 604/3/1 607/3/1
f 611/7/1 610/7/1 609/7/1
f 612/7/1 610/7/1 611/7/1
f 615/3/1 614/3/1 613/3/1
f 616/3/1 614/3/1 615/3/1
f 619/3/1 618/3/1 617/3/1
f 620/3/1 618/3/1 619/3/1
f 625/3/1 622/3/1 621/3/1
f 626/3/1 622/3/1 625/3/1
f 627/3/1 624/3/1 623/3/1
f 628/3/1 624/3/1 627/3/1
f 631/3/1 630/3/1 629/3/1
f 632/3/1 630/3/1 631/3/1
f 633/3/1 631/3/1 629/3/1
f 635/3/1 634/3/1 633/3/1
f 636/3/1 633/3/1 629/3/1
f 636/3/1 635/3/1 633/3/1
f 637/3/1 635/3/1 636/3/1
f 640/3/1 639/3/1 638/3/1
f 641/3/1 639/3/1 640/3/1
f 644/3/1 643/3/1 642/3/1
f 645/3/1 643/3/1 644/3/1
f 648/2/1 647/2/1 646/2/1
f 649/2/1 647/2/1 648/2/1
f 652/3/1 651/3/1 650/3/1
f 653/3/1 651/3/1 652/3/1
f 656/3/1 655/3/1 654/3/1
f 657/3/1 655/3/1 656/3/1
f 660/3/1 659/3/1 658/3/1
f 661/3/1 659/3/1 660/3/1
f 664/2/1 663/2/1 662/2/1
f 665/2/1 663/2/1 664/2/1
f 668/3/1 667/3/1 666/3/1
f 669/3/1 667/3/1 668/3/1
f 672/3/1 671/3/1 670/3/1
f 673/3/1 671/3/1 672/3/1
f 676/2/1 675/2/1 674/2/1
f 677/2/1 675/2/1 676/2/1
f 680/3/1 679/3/1 678/3/1
f 681/3/1 679/3/1 680/3/1
f 684/2/1 683/2/1 682/2/1
f 685/2/1 683/2/1 684/2/1
f 688/2/1 687/2/1 686/2/1
f 689/2/1 687/2/1 688/2/1
f 694/3/1 691/3/1 690/3/1
f 695/3/1 691/3/1 694/3/1
f 696/2/1 693/2/1 692/2/1
f 697/2/1 693/2/1 696/2/1
f 700/3/1 699/3/1 698/3/1
f 701/3/1 699/3/1 700/3/1
f 705/1/1 703/1/1 702/1/1
f 706/1/1 705/1/1 704/1/1
f 707/1/1 705/1/1 706/1/1
f 708/1/1 703/1/1 705/1/1
f 708/1/1 705/1/1 707/1/1
f 713/3/1 710/3/1 709/3/1
f 714/3/1 710/3/1 713/3/1
f 715/3/1 712/3/1 711/3/1
f 716/3/1 712/3/1 715/3/1
f 721/1/1 720/1/1 719/1/1
f 723/1/1 718/1/1 717/1/1
f 725/1/1 722/1/1 721/1/1
f 725/1/1 721/1/1 719/1/1
f 726/1/1 722/1/1 725/1/1
f 728/1/1 722/1/1 726/1/1
f 729/1/1 724/1/1 723/1/1
f 731/1/1 728/1/1 727/1/1
f 732/1/1 722/1/1 728/1/1
f 732/1/1 728/1/1 731/1/1
f 733/1/1 722/1/1 732/1/1
f 734/1/1 722/1/1 733/1/1
f 735/1/1 730/1/1 729/1/1
f 735/1/1 723/1/1 717/1/1
f 735/1/1 729/1/1 723/1/1
f 736/1/1 730/1/1 735/1/1
f 737/1/1 735/1/1 717/1/1
f 738/1/1 735/1/1 737/1/1
f 743/3/1 740/3/1 739/3/1
f 744/3/1 740/3/1 743/3/1
f 745/3/1 742/3/1 741/3/1
f 746/3/1 742/3/1 745/3/1
f 750/7/1 748/7/1 747/7/1
f 751/7/1 748/7/1 750/7/1
f 754/7/1 750/7/1 749/7/1
f 754/7/1 752/7/1 751/7/1
f 754/7/1 751/7/1 750/7/1
f 755/7/1 752/7/1 754/7/1
f 758/7/1 754/7/1 753/7/1
f 759/7/1 756/7/1 755/7/1
f 762/7/1 758/7/1 757/7/1
f 763/7/1 754/7/1 758/7/1
f 763/7/1 758/7/1 762/7/1
f 764/7/1 760/7/1 759/7/1
f 764/7/1 759/7/1 755/7/1
f 765/7/1 760/7/1 764/7/1
f 768/7/1 762/7/1 761/7/1
f 769/7/1 766/7/1 765/7/1
f 775/7/1 769/7/1 765/7/1
f 775/7/1 770/7/1 769/7/1
f 776/7/1 770/7/1 775/7/1
f 777/1/1 772/1/1 771/1/1
f 778/1/1 772/1/1 777/1/1
f 779/1/1 774/1/1 773/1/1
f 780/1/1 774/1/1 779/1/1
f 781/7/1 768/7/1 767/7/1
f 782/7/1 762/7/1 768/7/1
f 782/7/1 768/7/1 781/7/1
f 783/7/1 762/7/1 782/7/1
f 784/7/1 762/7/1 783/7/1
f 786/1/1 781/1/1 780/1/1
f 787/1/1 781/1/1 786/1/1
f 789/7/1 785/7/1 784/7/1
f 790/7/1 785/7/1 789/7/1
f 791/7/1 785/7/1 790/7/1
f 792/7/1 785/7/1 791/7/1
f 795/1/1 788/1/1 787/1/1
f 796/1/1 788/1/1 795/1/1
f 798/7/1 794/7/1 793/7/1
f 799/7/1 794/7/1 798/7/1
f 800/7/1 798/7/1 793/7/1
f 801/7/1 798/7/1 800/7/1
f 802/7/1 798/7/1 801/7/1
f 803/1/1 797/1/1 796/1/1
f 804/1/1 797/1/1 803/1/1
f 806/1/1 805/1/1 804/1/1
f 807/1/1 805/1/1 806/1/1
f 809/1/1 808/1/1 807/1/1
f 810/1/1 808/1/1 809/1/1
f 813/6/1 812/6/1 811/6/1
f 814/6/1 812/6/1 813/6/1
f 815/6/1 812/6/1 814/6/1
f 818/3/1 817/3/1 816/3/1
f 819/3/1 817/3/1 818/3/1
f 823/3/1 821/3/1 820/3/1
f 824/3/1 821/3/1 823/3/1
f 825/6/1 823/6/1 822/6/1
f 826/6/1 823/6/1 825/6/1
f 830/3/1 827/3/1 826/3/1
f 831/1/1 829/1/1 828/1/1
f 832/1/1 829/1/1 831/1/1
f 833/3/1 830/3/1 826/3/1
f 834/3/1 830/3/1 833/3/1
f 839/3/1 836/3/1 835/3/1
f 840/3/1 836/3/1 839/3/1
f 841/3/1 838/3/1 837/3/1
f 842/3/1 838/3/1 841/3/1
f 846/3/1 844/3/1 843/3/1
f 847/3/1 844/3/1 846/3/1
f 850/3/1 846/3/1 845/3/1
f 851/3/1 846/3/1 850/3/1
f 852/6/1 850/6/1 849/6/1
f 853/6/1 850/6/1 852/6/1
f 855/3/1 848/3/1 847/3/1
f 856/3/1 848/3/1 855/3/1
f 859/3/1 854/3/1 853/3/1
f 860/3/1 854/3/1 859/3/1
f 861/3/1 858/3/1 857/3/1
f 862/3/1 858/3/1 861/3/1
f 866/6/1 864/6/1 863/6/1
f 867/6/1 864/6/1 866/6/1
f 870/6/1 866/6/1 865/6/1
f 870/6/1 868/6/1 867/6/1
f 870/6/1 867/6/1 866/6/1
f 871/6/1 868/6/1 870/6/1
f 874/6/1 870/6/1 869/6/1
f 874/6/1 872/6/1 871/6/1
f 874/6/1 871/6/1 870/6/1
f 875/6/1 872/6/1 874/6/1
f 877/6/1 874/6/1 873/6/1
f 877/6/1 876/6/1 875/6/1
f 877/6/1 875/6/1 874/6/1
f 878/6/1 876/6/1 877/6/1
f 879/6/1 876/6/1 878/6/1
f 880/6/1 876/6/1 879/6/1
f 881/6/1 879/6/1 878/6/1
f 882/6/1 879/6/1 881/6/1
f 883/6/1 879/6/1 882/6/1
f 884/6/1 879/6/1 883/6/1
f 885/6/1 883/6/1 882/6/1
f 886/6/1 883/6/1 885/6/1
f 887/6/1 883/6/1 886/6/1
f 888/6/1 883/6/1 887/6/1
f 889/6/1 887/6/1 886/6/1
f 890/6/1 887/6/1 889/6/1
f 900/5/1 892/5/1 891/5/1
f 901/5/1 892/5/1 900/5/1
f 904/5/1 894/5/1 893/5/1
f 905/5/1 894/5/1 904/5/1
f 908/5/1 896/5/1 895/5/1
f 909/5/1 896/5/1 908/5/1
f 912/5/1 898/5/1 897/5/1
f 913/5/1 898/5/1 912/5/1
f 916/5/1 902/5/1 901/5/1
f 916/5/1 900/5/1 899/5/1
f 916/5/1 901/5/1 900/5/1
f 917/5/1 902/5/1 916/5/1
f 920/5/1 906/5/1 905/5/1
f 920/5/1 904/5/1 903/5/1
f 920/5/1 905/5/1 904/5/1
f 921/5/1 906/5/1 920/5/1
f 924/5/1 910/5/1 909/5/1
f 924/5/1 908/5/1 907/5/1
f 924/5/1 909/5/1 908/5/1
f 925/5/1 910/5/1 924/5/1
f 928/5/1 914/5/1 913/5/1
f 928/5/1 913/5/1 912/5/1
f 928/5/1 912/5/1 911/5/1
f 929/5/1 914/5/1 928/5/1
f 931/5/1 918/5/1 917/5/1
f 931/5/1 917/5/1 916/5/1
f 931/5/1 916/5/1 915/5/1
f 932/5/1 918/5/1 931/5/1
f 933/5/1 922/5/1 921/5/1
f 933/5/1 921/5/1 920/5/1
f 933/5/1 920/5/1 919/5/1
f 934/5/1 922/5/1 933/5/1
f 935/5/1 926/5/1 925/5/1
f 935/5/1 925/5/1 924/5/1
f 935/5/1 924/5/1 923/5/1
f 936/5/1 926/5/1 935/5/1
f 937/5/1 930/5/1 929/5/1
f 937/5/1 929/5/1 928/5/1
f 937/5/1 928/5/1 927/5/1
f 938/5/1 930/5/1 937/5/1
f 940/5/1 932/5/1 931/5/1
f 940/5/1 939/5/1 938/5/1
f 940/5/1 938/5/1 937/5/1
f 940/5/1 937/5/1 936/5/1
f 940/5/1 934/5/1 933/5/1
f 940/5/1 936/5/1 935/5/1
f 940/5/1 933/5/1 932/5/1
f 940/5/1 935/5/1 934/5/1
f 941/5/1 939/5/1 940/5/1
f 942/5/1 939/5/1 941/5/1
f 943/5/1 939/5/1 942/5/1
f 944/5/1 939/5/1 943/5/1
f 945/5/1 939/5/1 944/5/1
f 946/5/1 939/5/1 945/5/1
f 947/5/1 939/5/1 946/5/1
f 948/5/1 939/5/1 947/5/1
f 949/5/1 939/5/1 948/5/1
f 950/5/1 942/5/1 941/5/1
f 951/5/1 942/5/1 950/5/1
f 952/5/1 942/5/1 951/5/1
f 953/5/1 944/5/1 943/5/1
f 954/5/1 944/5/1 953/5/1
f 955/5/1 944/5/1 954/5/1
f 956/5/1 944/5/1 955/5/1
f 957/5/1 946/5/1 945/5/1
f 958/5/1 946/5/1 957/5/1
f 959/5/1 946/5/1 958/5/1
f 960/5/1 946/5/1 959/5/1
f 961/5/1 948/5/1 947/5/1
f 962/5/1 948/5/1 961/5/1
f 963/5/1 948/5/1 962/5/1
f 964/5/1 948/5/1 963/5/1
f 965/5/1 951/5/1 950/5/1
f 966/5/1 951/5/1 965/5/1
f 967/5/1 951/5/1 966/5/1
f 968/5/1 951/5/1 967/5/1
f 969/5/1 955/5/1 954/5/1
f 970/5/1 955/5/1 969/5/1
f 971/5/1 955/5/1 970/5/1
f 972/5/1 955/5/1 971/5/1
f 973/5/1 959/5/1 958/5/1
f 974/5/1 959/5/1 973/5/1
f 975/5/1 959/5/1 974/5/1
f 976/5/1 959/5/1 975/5/1
f 977/5/1 963/5/1 962/5/1
f 978/5/1 963/5/1 977/5/1
f 979/5/1 963/5/1 978/5/1
f 980/5/1 963/5/1 979/5/1
f 981/5/1 967/5/1 966/5/1
f 982/5/1 967/5/1 981/5/1
f 983/5/1 971/5/1 970/5/1
f 984/5/1 971/5/1 983/5/1
f 985/5/1 975/5/1 974/5/1
f 986/5/1 975/5/1 985/5/1
f 987/5/1 979/5/1 978/5/1
f 988/5/1 979/5/1 987/5/1
f 991/3/1 990/3/1 989/3/1
f 992/3/1 990/3/1 991/3/1
f 996/3/1 994/3/1 993/3/1
f 997/3/1 994/3/1 996/3/1
f 999/3/1 996/3/1 995/3/1
f 1000/3/1 996/3/1 999/3/1
f 1001/3/1 998/3/1 997/3/1
f 1002/3/1 996/3/1 1000/3/1
f 1003/3/1 996/3/1 1002/3/1
f 1004/3/1 1001/3/1 997/3/1
f 1005/3/1 1001/3/1 1004/3/1
f 1015/5/1 1007/5/1 1006/5/1
f 1016/5/1 1007/5/1 1015/5/1
f 1019/5/1 1009/5/1 1008/5/1
f 1020/5/1 1009/5/1 1019/5/1
f 1023/5/1 1011/5/1 1010/5/1
f 1024/5/1 1011/5/1 1023/5/1
f 1027/5/1 1013/5/1 1012/5/1
f 1028/5/1 1013/5/1 1027/5/1
f 1031/5/1 1017/5/1 1016/5/1
f 1031/5/1 1015/5/1 1014/5/1
f 1031/5/1 1016/5/1 1015/5/1
f 1032/5/1 1017/5/1 1031/5/1
f 1035/5/1 1021/5/1 1020/5/1
f 1035/5/1 1019/5/1 1018/5/1
f 1035/5/1 1020/5/1 1019/5/1
f 1036/5/1 1021/5/1 1035/5/1
f 1039/5/1 1025/5/1 1024/5/1
f 1039/5/1 1023/5/1 1022/5/1
f 1039/5/1 1024/5/1 1023/5/1
f 1040/5/1 1025/5/1 1039/5/1
f 1043/5/1 1029/5/1 1028/5/1
f 1043/5/1 1028/5/1 1027/5/1
f 1043/5/1 1027/5/1 1026/5/1
f 1044/5/1 1029/5/1 1043/5/1
f 1046/5/1 1033/5/1 1032/5/1
f 1046/5/1 1032/5/1 1031/5/1
f 1046/5/1 1031/5/1 1030/5/1
f 1047/5/1 1033/5/1 1046/5/1
f 1048/5/1 1033/5/1 1047/5/1
f 1049/5/1 1033/5/1 1048/5/1
f 1050/5/1 1037/5/1 1036/5/1
f 1050/5/1 1036/5/1 1035/5/1
f 1050/5/1 1035/5/1 1034/5/1
f 1051/5/1 1037/5/1 1050/5/1
f 1052/5/1 1037/5/1 1051/5/1
f 1053/5/1 1037/5/1 1052/5/1
f 1054/5/1 1041/5/1 1040/5/1
f 1054/5/1 1040/5/1 1039/5/1
f 1054/5/1 1039/5/1 1038/5/1
f 1055/5/1 1041/5/1 1054/5/1
f 1056/5/1 1041/5/1 1055/5/1
f 1057/5/1 1041/5/1 1056/5/1
f 1058/5/1 1045/5/1 1044/5/1
f 1058/5/1 1044/5/1 1043/5/1
f 1058/5/1 1043/5/1 1042/5/1
f 1059/5/1 1045/5/1 1058/5/1
f 1060/5/1 1045/5/1 1059/5/1
f 1064/5/1 1048/5/1 1047/5/1
f 1065/5/1 1048/5/1 1064/5/1
f 1066/5/1 1048/5/1 1065/5/1
f 1067/5/1 1048/5/1 1066/5/1
f 1068/5/1 1052/5/1 1051/5/1
f 1069/5/1 1052/5/1 1068/5/1
f 1070/5/1 1052/5/1 1069/5/1
f 1071/5/1 1052/5/1 1070/5/1
f 1072/5/1 1056/5/1 1055/5/1
f 1073/5/1 1056/5/1 1072/5/1
f 1074/5/1 1056/5/1 1073/5/1
f 1075/5/1 1056/5/1 1074/5/1
f 1076/5/1 1061/5/1 1060/5/1
f 1076/5/1 1060/5/1 1059/5/1
f 1077/5/1 1061/5/1 1076/5/1
f 1078/5/1 1061/5/1 1077/5/1
f 1079/5/1 1063/5/1 1062/5/1
f 1080/5/1 1063/5/1 1079/5/1
f 1082/5/1 1066/5/1 1065/5/1
f 1083/5/1 1066/5/1 1082/5/1
f 1084/5/1 1070/5/1 1069/5/1
f 1085/5/1 1070/5/1 1084/5/1
f 1086/5/1 1074/5/1 1073/5/1
f 1087/5/1 1074/5/1 1086/5/1
f 1088/5/1 1078/5/1 1077/5/1
f 1088/5/1 1081/5/1 1080/5/1
f 1088/5/1 1080/5/1 1079/5/1
f 1088/5/1 1079/5/1 1078/5/1
f 1089/5/1 1081/5/1 1088/5/1
f 1090/5/1 1081/5/1 1089/5/1
f 1092/5/1 1091/5/1 1090/5/1
f 1092/5/1 1090/5/1 1089/5/1
f 1101/5/1 1092/5/1 1089/5/1
f 1101/5/1 1093/5/1 1092/5/1
f 1102/5/1 1093/5/1 1101/5/1
f 1103/5/1 1093/5/1 1102/5/1
f 1104/5/1 1095/5/1 1094/5/1
f 1105/5/1 1095/5/1 1104/5/1
f 1106/5/1 1097/5/1 1096/5/1
f 1107/5/1 1097/5/1 1106/5/1
f 1108/5/1 1099/5/1 1098/5/1
f 1109/5/1 1099/5/1 1108/5/1
f 1110/5/1 1101/5/1 1100/5/1
f 1110/5/1 1102/5/1 1101/5/1
f 1111/5/1 1102/5/1 1110/5/1
f 1112/5/1 1093/5/1 1103/5/1
f 1113/5/1 1093/5/1 1112/5/1
f 1114/5/1 1093/5/1 1113/5/1
f 1115/5/1 1093/5/1 1114/5/1
f 1116/5/1 1114/5/1 1113/5/1
f 1117/5/1 1114/5/1 1116/5/1
f 1118/5/1 1114/5/1 1117/5/1
f 1119/5/1 1114/5/1 1118/5/1
f 1120/5/1 1118/5/1 1117/5/1
f 1121/5/1 1118/5/1 1120/5/1
f 1122/5/1 1118/5/1 1121/5/1
f 1123/5/1 1118/5/1 1122/5/1
f 1124/5/1 1122/5/1 1121/5/1
f 1125/5/1 1122/5/1 1124/5/1
f 1128/1/1 1127/1/1 1126/1/1
f 1129/1/1 1127/1/1 1128/1/1
f 1132/6/1 1131/6/1 1130/6/1
f 1133/6/1 1131/6/1 1132/6/1
f 1136/1/1 1135/1/1 1134/1/1
f 1137/1/1 1135/1/1 1136/1/1
f 1140/1/1 1139/1/1 1138/1/1
f 1141/1/1 1139/1/1 1140/1/1
f 1144/1/1 1143/1/1 1142/1/1
f 1145/1/1 1143/1/1 1144/1/1
f 1146/1/2 1147/1/2 1148/1/2
f 1148/1/2 1147/1/2 1149/1/2
f 1150/1/2 1151/1/2 1152/1/2
f 1152/1/2 1151/1/2 1153/1/2
f 1152/1/2 1153/1/2 1154/1/2
f 1154/1/2 1153/1/2 1155/1/2
f 1156/6/2 1157/6/2 1158/6/2
f 1158/6/2 1157/6/2 1159/6/2
f 1160/1/2 1161/1/2 1162/1/2
f 1162/1/2 1161/1/2 1163/1/2
f 1164/5/2 1165/5/2 1173/5/2
f 1173/5/2 1165/5/2 1174/5/2
f 1166/5/2 1167/5/2 1177/5/2
f 1177/5/2 1167/5/2 1178/5/2
f 1168/5/2 1169/5/2 1181/5/2
f 1181/5/2 1169/5/2 1182/5/2
f 1170/5/2 1171/5/2 1185/5/2
f 1185/5/2 1171/5/2 1186/5/2
f 1174/5/2 1175/5/2 1189/5/2
f 1172/5/2 1173/5/2 1189/5/2
f 1173/5/2 1174/5/2 1189/5/2
f 1189/5/2 1175/5/2 1190/5/2
f 1178/5/2 1179/5/2 1193/5/2
f 1176/5/2 1177/5/2 1193/5/2
f 1177/5/2 1178/5/2 1193/5/2
f 1193/5/2 1179/5/2 1194/5/2
f 1182/5/2 1183/5/2 1197/5/2
f 1180/5/2 1181/5/2 1197/5/2
f 1181/5/2 1182/5/2 1197/5/2
f 1197/5/2 1183/5/2 1198/5/2
f 1186/5/2 1187/5/2 1201/5/2
f 1185/5/2 1186/5/2 1201/5/2
f 1184/5/2 1185/5/2 1201/5/2
f 1201/5/2 1187/5/2 1202/5/2
f 1190/5/2 1191/5/2 1204/5/2
f 1189/5/2 1190/5/2 1204/5/2
f 1188/5/2 1189/5/2 1204/5/2
f 1204/5/2 1191/5/2 1205/5/2
f 1205/5/2 1191/5/2 1206/5/2
f 1206/5/2 1191/5/2 1207/5/2
f 1194/5/2 1195/5/2 1208/5/2
f 1193/5/2 1194/5/2 1208/5/2
f 1192/5/2 1193/5/2 1208/5/2
f 1208/5/2 1195/5/2 1209/5/2
f 1209/5/2 1195/5/2 1210/5/2
f 1210/5/2 1195/5/2 1211/5/2
f 1198/5/2 1199/5/2 1212/5/2
f 1197/5/2 1198/5/2 1212/5/2
f 1196/5/2 1197/5/2 1212/5/2
f 1212/5/2 1199/5/2 1213/5/2
f 1213/5/2 1199/5/2 1214/5/2
f 1214/5/2 1199/5/2 1215/5/2
f 1202/5/2 1203/5/2 1216/5/2
f 1201/5/2 1202/5/2 1216/5/2
f 1200/5/2 1201/5/2 1216/5/2
f 1216/5/2 1203/5/2 1217/5/2
f 1217/5/2 1203/5/2 1218/5/2
f 1205/5/2 1206/5/2 1222/5/2
f 1222/5/2 1206/5/2 1223/5/2
f 1223/5/2 1206/5/2 1224/5/2
f 1224/5/2 1206/5/2 1225/5/2
f 1209/5/2 1210/5/2 1226/5/2
f 1226/5/2 1210/5/2 1227/5/2
f 1227/5/2 1210/5/2 1228/5/2
f 1228/5/2 1210/5/2 1229/5/2
f 1213/5/2 1214/5/2 1230/5/2
f 1230/5/2 1214/5/2 1231/5/2
f 1231/5/2 1214/5/2 1232/5/2
f 1232/5/2 1214/5/2 1233/5/2
f 1218/5/2 1219/5/2 1234/5/2
f 1217/5/2 1218/5/2 1234/5/2
f 1234/5/2 1219/5/2 1235/5/2
f 1235/5/2 1219/5/2 1236/5/2
f 1220/5/2 1221/5/2 1237/5/2
f 1237/5/2 1221/5/2 1238/5/2
f 1223/5/2 1224/5/2 1240/5/2
f 1240/5/2 1224/5/2 1241/5/2
f 1227/5/2 1228/5/2 1242/5/2
f 1242/5/2 1228/5/2 1243/5/2
f 1231/5/2 1232/5/2 1244/5/2
f 1244/5/2 1232/5/2 1245/5/2
f 1235/5/2 1236/5/2 1246/5/2
f 1238/5/2 1239/5/2 1246/5/2
f 1237/5/2 1238/5/2 1246/5/2
f 1236/5/2 1237/5/2 1246/5/2
f 1246/5/2 1239/5/2 1247/5/2
f 1247/5/2 1239/5/2 1248/5/2
f 1248/5/2 1249/5/2 1250/5/2
f 1247/5/2 1248/5/2 1250/5/2
f 1247/5/2 1250/5/2 1259/5/2
f 1250/5/2 1251/5/2 1259/5/2
f 1259/5/2 1251/5/2 1260/5/2
f 1260/5/2 1251/5/2 1261/5/2
f 1252/5/2 1253/5/2 1262/5/2
f 1262/5/2 1253/5/2 1263/5/2
f 1254/5/2 1255/5/2 1264/5/2
f 1264/5/2 1255/5/2 1265/5/2
f 1256/5/2 1257/5/2 1266/5/2
f 1266/5/2 1257/5/2 1267/5/2
f 1258/5/2 1259/5/2 1268/5/2
f 1259/5/2 1260/5/2 1268/5/2
f 1268/5/2 1260/5/2 1269/5/2
f 1261/5/2 1251/5/2 1270/5/2
f 1270/5/2 1251/5/2 1271/5/2
f 1271/5/2 1251/5/2 1272/5/2
f 1272/5/2 1251/5/2 1273/5/2
f 1271/5/2 1272/5/2 1274/5/2
f 1274/5/2 1272/5/2 1275/5/2
f 1275/5/2 1272/5/2 1276/5/2
f 1276/5/2 1272/5/2 1277/5/2
f 1275/5/2 1276/5/2 1278/5/2
f 1278/5/2 1276/5/2 1279/5/2
f 1279/5/2 1276/5/2 1280/5/2
f 1280/5/2 1276/5/2 1281/5/2
f 1279/5/2 1280/5/2 1282/5/2
f 1282/5/2 1280/5/2 1283/5/2
f 1284/3/2 1285/3/2 1287/3/2
f 1287/3/2 1285/3/2 1288/3/2
f 1286/3/2 1287/3/2 1290/3/2
f 1290/3/2 1287/3/2 1291/3/2
f 1288/3/2 1289/3/2 1292/3/2
f 1291/3/2 1287/3/2 1293/3/2
f 1293/3/2 1287/3/2 1294/3/2
f 1288/3/2 1292/3/2 1295/3/2
f 1295/3/2 1292/3/2 1296/3/2
f 1297/5/2 1298/5/2 1306/5/2
f 1306/5/2 1298/5/2 1307/5/2
f 1299/5/2 1300/5/2 1310/5/2
f 1310/5/2 1300/5/2 1311/5/2
f 1301/5/2 1302/5/2 1314/5/2
f 1314/5/2 1302/5/2 1315/5/2
f 1303/5/2 1304/5/2 1318/5/2
f 1318/5/2 1304/5/2 1319/5/2
f 1307/5/2 1308/5/2 1322/5/2
f 1305/5/2 1306/5/2 1322/5/2
f 1306/5/2 1307/5/2 1322/5/2
f 1322/5/2 1308/5/2 1323/5/2
f 1311/5/2 1312/5/2 1326/5/2
f 1309/5/2 1310/5/2 1326/5/2
f 1310/5/2 1311/5/2 1326/5/2
f 1326/5/2 1312/5/2 1327/5/2
f 1315/5/2 1316/5/2 1330/5/2
f 1313/5/2 1314/5/2 1330/5/2
f 1314/5/2 1315/5/2 1330/5/2
f 1330/5/2 1316/5/2 1331/5/2
f 1319/5/2 1320/5/2 1334/5/2
f 1318/5/2 1319/5/2 1334/5/2
f 1317/5/2 1318/5/2 1334/5/2
f 1334/5/2 1320/5/2 1335/5/2
f 1323/5/2 1324/5/2 1337/5/2
f 1322/5/2 1323/5/2 1337/5/2
f 1321/5/2 1322/5/2 1337/5/2
f 1337/5/2 1324/5/2 1338/5/2
f 1327/5/2 1328/5/2 1339/5/2
f 1326/5/2 1327/5/2 1339/5/2
f 1325/5/2 1326/5/2 1339/5/2
f 1339/5/2 1328/5/2 1340/5/2
f 1331/5/2 1332/5/2 1341/5/2
f 1330/5/2 1331/5/2 1341/5/2
f 1329/5/2 1330/5/2 1341/5/2
f 1341/5/2 1332/5/2 1342/5/2
f 1335/5/2 1336/5/2 1343/5/2
f 1334/5/2 1335/5/2 1343/5/2
f 1333/5/2 1334/5/2 1343/5/2
f 1343/5/2 1336/5/2 1344/5/2
f 1337/5/2 1338/5/2 1346/5/2
f 1344/5/2 1345/5/2 1346/5/2
f 1343/5/2 1344/5/2 1346/5/2
f 1342/5/2 1343/5/2 1346/5/2
f 1339/5/2 1340/5/2 1346/5/2
f 1341/5/2 1342/5/2 1346/5/2
f 1338/5/2 1339/5/2 1346/5/2
f 1340/5/2 1341/5/2 1346/5/2
f 1346/5/2 1345/5/2 1347/5/2
f 1347/5/2 1345/5/2 1348/5/2
f 1348/5/2 1345/5/2 1349/5/2
f 1349/5/2 1345/5/2 1350/5/2
f 1350/5/2 1345/5/2 1351/5/2
f 1351/5/2 1345/5/2 1352/5/2
f 1352/5/2 1345/5/2 1353/5/2
f 1353/5/2 1345/5/2 1354/5/2
f 1354/5/2 1345/5/2 1355/5/2
f 1347/5/2 1348/5/2 1356/5/2
f 1356/5/2 1348/5/2 1357/5/2
f 1357/5/2 1348/5/2 1358/5/2
f 1349/5/2 1350/5/2 1359/5/2
f 1359/5/2 1350/5/2 1360/5/2
f 1360/5/2 1350/5/2 1361/5/2
f 1361/5/2 1350/5/2 1362/5/2
f 1351/5/2 1352/5/2 1363/5/2
f 1363/5/2 1352/5/2 1364/5/2
f 1364/5/2 1352/5/2 1365/5/2
f 1365/5/2 1352/5/2 1366/5/2
f 1353/5/2 1354/5/2 1367/5/2
f 1367/5/2 1354/5/2 1368/5/2
f 1368/5/2 1354/5/2 1369/5/2
f 1369/5/2 1354/5/2 1370/5/2
f 1356/5/2 1357/5/2 1371/5/2
f 1371/5/2 1357/5/2 1372/5/2
f 1372/5/2 1357/5/2 1373/5/2
f 1373/5/2 1357/5/2 1374/5/2
f 1360/5/2 1361/5/2 1375/5/2
f 1375/5/2 1361/5/2 1376/5/2
f 1376/5/2 1361/5/2 1377/5/2
f 1377/5/2 1361/5/2 1378/5/2
f 1364/5/2 1365/5/2 1379/5/2
f 1379/5/2 1365/5/2 1380/5/2
f 1380/5/2 1365/5/2 1381/5/2
f 1381/5/2 1365/5/2 1382/5/2
f 1368/5/2 1369/5/2 1383/5/2
f 1383/5/2 1369/5/2 1384/5/2
f 1384/5/2 1369/5/2 1385/5/2
f 1385/5/2 1369/5/2 1386/5/2
f 1372/5/2 1373/5/2 1387/5/2
f 1387/5/2 1373/5/2 1388/5/2
f 1376/5/2 1377/5/2 1389/5/2
f 1389/5/2 1377/5/2 1390/5/2
f 1380/5/2 1381/5/2 1391/5/2
f 1391/5/2 1381/5/2 1392/5/2
f 1384/5/2 1385/5/2 1393/5/2
f 1393/5/2 1385/5/2 1394/5/2
f 1395/3/2 1396/3/2 1397/3/2
f 1397/3/2 1396/3/2 1398/3/2
f 1399/6/2 1400/6/2 1402/6/2
f 1402/6/2 1400/6/2 1403/6/2
f 1401/6/2 1402/6/2 1406/6/2
f 1403/6/2 1404/6/2 1406/6/2
f 1402/6/2 1403/6/2 1406/6/2
f 1406/6/2 1404/6/2 1407/6/2
f 1405/6/2 1406/6/2 1410/6/2
f 1407/6/2 1408/6/2 1410/6/2
f 1406/6/2 1407/6/2 1410/6/2
f 1410/6/2 1408/6/2 1411/6/2
f 1409/6/2 1410/6/2 1413/6/2
f 1411/6/2 1412/6/2 1413/6/2
f 1410/6/2 1411/6/2 1413/6/2
f 1413/6/2 1412/6/2 1414/6/2
f 1414/6/2 1412/6/2 1415/6/2
f 1415/6/2 1412/6/2 1416/6/2
f 1414/6/2 1415/6/2 1417/6/2
f 1417/6/2 1415/6/2 1418/6/2
f 1418/6/2 1415/6/2 1419/6/2
f 1419/6/2 1415/6/2 1420/6/2
f 1418/6/2 1419/6/2 1421/6/2
f 1421/6/2 1419/6/2 1422/6/2
f 1422/6/2 1419/6/2 1423/6/2
f 1423/6/2 1419/6/2 1424/6/2
f 1422/6/2 1423/6/2 1425/6/2
f 1425/6/2 1423/6/2 1426/6/2
f 1427/3/2 1428/3/2 1430/3/2
f 1430/3/2 1428/3/2 1431/3/2
f 1429/3/2 1430/3/2 1434/3/2
f 1434/3/2 1430/3/2 1435/3/2
f 1433/6/2 1434/6/2 1436/6/2
f 1436/6/2 1434/6/2 1437/6/2
f 1431/3/2 1432/3/2 1439/3/2
f 1439/3/2 1432/3/2 1440/3/2
f 1437/3/2 1438/3/2 1443/3/2
f 1443/3/2 1438/3/2 1444/3/2
f 1441/3/2 1442/3/2 1445/3/2
f 1445/3/2 1442/3/2 1446/3/2
f 1447/3/2 1448/3/2 1449/3/2
f 1449/3/2 1448/3/2 1450/3/2
f 1451/3/2 1452/3/2 1454/3/2
f 1454/3/2 1452/3/2 1455/3/2
f 1453/6/2 1454/6/2 1456/6/2
f 1456/6/2 1454/6/2 1457/6/2
f 1457/3/2 1458/3/2 1459/3/2
f 1457/3/2 1459/3/2 1460/3/2
f 1460/3/2 1459/3/2 1461/3/2
f 1462/7/2 1463/7/2 1465/7/2
f 1465/7/2 1463/7/2 1466/7/2
f 1464/7/2 1465/7/2 1469/7/2
f 1466/7/2 1467/7/2 1469/7/2
f 1465/7/2 1466/7/2 1469/7/2
f 1469/7/2 1467/7/2 1470/7/2
f 1468/7/2 1469/7/2 1473/7/2
f 1470/7/2 1471/7/2 1474/7/2
f 1472/7/2 1473/7/2 1477/7/2
f 1473/7/2 1469/7/2 1478/7/2
f 1477/7/2 1473/7/2 1478/7/2
f 1474/7/2 1475/7/2 1479/7/2
f 1470/7/2 1474/7/2 1479/7/2
f 1479/7/2 1475/7/2 1480/7/2
f 1476/7/2 1477/7/2 1483/7/2
f 1480/7/2 1481/7/2 1484/7/2
f 1480/7/2 1484/7/2 1490/7/2
f 1484/7/2 1485/7/2 1490/7/2
f 1490/7/2 1485/7/2 1491/7/2
f 1486/1/2 1487/1/2 1492/1/2
f 1492/1/2 1487/1/2 1493/1/2
f 1488/1/2 1489/1/2 1494/1/2
f 1494/1/2 1489/1/2 1495/1/2
f 1482/7/2 1483/7/2 1496/7/2
f 1483/7/2 1477/7/2 1497/7/2
f 1496/7/2 1483/7/2 1497/7/2
f 1497/7/2 1477/7/2 1498/7/2
f 1498/7/2 1477/7/2 1499/7/2
f 1495/1/2 1496/1/2 1501/1/2
f 1501/1/2 1496/1/2 1502/1/2
f 1499/7/2 1500/7/2 1504/7/2
f 1504/7/2 1500/7/2 1505/7/2
f 1505/7/2 1500/7/2 1506/7/2
f 1506/7/2 1500/7/2 1507/7/2
f 1502/1/2 1503/1/2 1510/1/2
f 1510/1/2 1503/1/2 1511/1/2
f 1508/7/2 1509/7/2 1513/7/2
f 1513/7/2 1509/7/2 1514/7/2
f 1508/7/2 1513/7/2 1515/7/2
f 1515/7/2 1513/7/2 1516/7/2
f 1516/7/2 1513/7/2 1517/7/2
f 1511/1/2 1512/1/2 1518/1/2
f 1518/1/2 1512/1/2 1519/1/2
f 1519/1/2 1520/1/2 1521/1/2
f 1521/1/2 1520/1/2 1522/1/2
f 1522/1/2 1523/1/2 1524/1/2
f 1524/1/2 1523/1/2 1525/1/2
f 1526/6/2 1527/6/2 1528/6/2
f 1528/6/2 1527/6/2 1529/6/2
f 1529/6/2 1527/6/2 1530/6/2
f 1533/1/2 1534/1/2 1535/1/2
f 1531/1/2 1532/1/2 1537/1/2
f 1535/1/2 1536/1/2 1539/1/2
f 1533/1/2 1535/1/2 1539/1/2
f 1539/1/2 1536/1/2 1540/1/2
f 1540/1/2 1536/1/2 1542/1/2
f 1537/1/2 1538/1/2 1543/1/2
f 1541/1/2 1542/1/2 1545/1/2
f 1542/1/2 1536/1/2 1546/1/2
f 1545/1/2 1542/1/2 1546/1/2
f 1546/1/2 1536/1/2 1547/1/2
f 1547/1/2 1536/1/2 1548/1/2
f 1543/1/2 1544/1/2 1549/1/2
f 1531/1/2 1537/1/2 1549/1/2
f 1537/1/2 1543/1/2 1549/1/2
f 1549/1/2 1544/1/2 1550/1/2
f 1531/1/2 1549/1/2 1551/1/2
f 1551/1/2 1549/1/2 1552/1/2
f 1553/3/2 1554/3/2 1557/3/2
f 1557/3/2 1554/3/2 1558/3/2
f 1555/3/2 1556/3/2 1559/3/2
f 1559/3/2 1556/3/2 1560/3/2
f 1561/1/2 1562/1/2 1564/1/2
f 1563/1/2 1564/1/2 1565/1/2
f 1565/1/2 1564/1/2 1566/1/2
f 1564/1/2 1562/1/2 1567/1/2
f 1566/1/2 1564/1/2 1567/1/2
f 1568/3/2 1569/3/2 1572/3/2
f 1572/3/2 1569/3/2 1573/3/2
f 1573/3/2 1574/3/2 1575/3/2
f 1575/3/2 1574/3/2 1576/3/2
f 1570/3/2 1571/3/2 1577/3/2
f 1577/3/2 1571/3/2 1578/3/2
f 1579/2/2 1580/2/2 1581/2/2
f 1581/2/2 1580/2/2 1582/2/2
f 1583/3/2 1584/3/2 1585/3/2
f 1585/3/2 1584/3/2 1586/3/2
f 1586/3/2 1584/3/2 1587/3/2
f 1587/3/2 1584/3/2 1588/3/2
f 1589/3/2 1590/3/2 1591/3/2
f 1591/3/2 1590/3/2 1592/3/2
f 1593/2/2 1594/2/2 1595/2/2
f 1595/2/2 1594/2/2 1596/2/2
f 1597/2/2 1598/2/2 1599/2/2
f 1599/2/2 1598/2/2 1600/2/2
f 1601/2/2 1602/2/2 1603/2/2
f 1603/2/2 1602/2/2 1604/2/2
f 1605/2/2 1606/2/2 1609/2/2
f 1609/2/2 1606/2/2 1610/2/2
f 1607/2/2 1608/2/2 1611/2/2
f 1611/2/2 1608/2/2 1612/2/2
f 1613/3/2 1614/3/2 1615/3/2
f 1615/3/2 1614/3/2 1616/3/2
f 1617/2/2 1618/2/2 1619/2/2
f 1619/2/2 1618/2/2 1620/2/2
f 1623/3/2 1624/3/2 1625/3/2
f 1625/3/2 1624/3/2 1626/3/2
f 1621/3/2 1622/3/2 1627/3/2
f 1627/3/2 1622/3/2 1628/3/2
f 1631/7/2 1632/7/2 1633/7/2
f 1633/7/2 1632/7/2 1634/7/2
f 1629/3/2 1630/3/2 1635/3/2
f 1635/3/2 1630/3/2 1636/3/2
f 1629/3/2 1635/3/2 1637/3/2
f 1637/3/2 1638/3/2 1639/3/2
f 1629/3/2 1637/3/2 1640/3/2
f 1637/3/2 1639/3/2 1640/3/2
f 1640/3/2 1639/3/2 1641/3/2
f 1642/7/2 1643/7/2 1644/7/2
f 1644/7/2 1643/7/2 1645/7/2
f 1646/7/2 1647/7/2 1648/7/2
f 1648/7/2 1647/7/2 1649/7/2
f 1650/3/2 1651/3/2 1652/3/2
f 1652/3/2 1651/3/2 1653/3/2
f 1654/3/2 1655/3/2 1656/3/2
f 1656/3/2 1655/3/2 1657/3/2
f 1658/3/2 1659/3/2 1662/3/2
f 1662/3/2 1659/3/2 1663/3/2
f 1660/3/2 1661/3/2 1664/3/2
f 1664/3/2 1661/3/2 1665/3/2
f 1666/3/2 1667/3/2 1670/3/2
f 1670/3/2 1667/3/2 1671/3/2
f 1668/3/2 1669/3/2 1672/3/2
f 1672/3/2 1669/3/2 1673/3/2
f 1674/3/2 1675/3/2 1676/3/2
f 1676/3/2 1675/3/2 1677/3/2
f 1680/3/2 1681/3/2 1682/3/2
f 1682/3/2 1681/3/2 1683/3/2
f 1678/3/2 1679/3/2 1686/3/2
f 1686/3/2 1679/3/2 1687/3/2
f 1684/2/2 1685/2/2 1688/2/2
f 1688/2/2 1685/2/2 1689/2/2
f 1690/3/2 1691/3/2 1692/3/2
f 1692/3/2 1691/3/2 1693/3/2
f 1690/3/2 1692/3/2 1696/3/2
f 1696/3/2 1692/3/2 1697/3/2
f 1694/2/2 1695/2/2 1698/2/2
f 1698/2/2 1695/2/2 1699/2/2
f 1700/3/2 1701/3/2 1702/3/2
f 1702/3/2 1701/3/2 1703/3/2
f 1704/2/2 1705/2/2 1706/2/2
f 1706/2/2 1705/2/2 1707/2/2
f 1708/2/2 1709/2/2 1710/2/2
f 1710/2/2 1709/2/2 1711/2/2
f 1712/3/2 1713/3/2 1714/3/2
f 1714/3/2 1713/3/2 1715/3/2
f 1716/3/2 1717/3/2 1720/3/2
f 1720/3/2 1717/3/2 1721/3/2
f 1718/2/2 1719/2/2 1722/2/2
f 1722/2/2 1719/2/2 1723/2/2
f 1724/2/2 1725/2/2 1727/2/2
f 1725/2/2 1726/2/2 1727/2/2
f 1727/2/2 1726/2/2 1728/2/2
f 1729/3/2 1730/3/2 1731/3/2
f 1731/3/2 1730/3/2 1732/3/2
f 1733/3/2 1734/3/2 1735/3/2
f 1735/3/2 1734/3/2 1736/3/2
f 1737/3/2 1738/3/2 1739/3/2
f 1739/3/2 1738/3/2 1740/3/2
f 1742/3/2 1743/3/2 1744/3/2
f 1744/3/2 1743/3/2 1745/3/2
f 1741/1/2 1742/1/2 1746/1/2
f 1742/3/2 1744/3/2 1747/3/2
f 1746/1/2 1742/1/2 1747/1/2
f 1747/3/2 1744/3/2 1748/3/2
f 1747/1/2 1748/1/2 1752/1/2
f 1748/1/2 1749/1/2 1752/1/2
f 1752/1/2 1749/1/2 1753/1/2
f 1750/1/2 1751/1/2 1754/1/2
f 1754/1/2 1751/1/2 1755/1/2
f 1756/3/2 1757/3/2 1758/3/2
f 1758/3/2 1757/3/2 1759/3/2
f 1760/1/2 1761/1/2 1763/1/2
f 1763/1/2 1761/1/2 1764/1/2
f 1762/1/2 1763/1/2 1766/1/2
f 1766/1/2 1763/1/2 1767/1/2
f 1770/1/2 1771/1/2 1772/1/2
f 1770/1/2 1772/1/2 1775/1/2
f 1772/1/2 1773/1/2 1775/1/2
f 1765/1/2 1766/1/2 1776/1/2
f 1768/1/2 1769/1/2 1777/1/2
f 1777/1/2 1769/1/2 1778/1/2
f 1774/1/2 1775/1/2 1779/1/2
f 1778/1/2 1779/1/2 1781/1/2
f 1776/1/2 1766/1/2 1782/1/2
f 1782/1/2 1766/1/2 1783/1/2
f 1780/1/2 1781/1/2 1785/1/2
f 1779/1/2 1775/1/2 1786/1/2
f 1775/1/2 1773/1/2 1786/1/2
f 1785/1/2 1781/1/2 1786/1/2
f 1781/1/2 1779/1/2 1786/1/2
f 1786/1/2 1773/1/2 1787/1/2
f 1784/1/2 1785/1/2 1790/1/2
f 1785/1/2 1786/1/2 1790/1/2
f 1790/1/2 1786/1/2 1791/1/2
f 1791/1/2 1786/1/2 1792/1/2
f 1787/1/2 1773/1/2 1793/1/2
f 1793/1/2 1773/1/2 1794/1/2
f 1788/1/2 1789/1/2 1795/1/2
f 1790/1/2 1791/1/2 1797/1/2
f 1797/1/2 1791/1/2 1798/1/2
f 1790/1/2 1797/1/2 1799/1/2
f 1799/1/2 1797/1/2 1800/1/2
f 1795/1/2 1796/1/2 1801/1/2
f 1788/1/2 1795/1/2 1801/1/2
f 1801/1/2 1796/1/2 1802/1/2
f 1803/1/2 1804/1/2 1805/1/2
f 1805/1/2 1804/1/2 1806/1/2
f 1807/1/2 1808/1/2 1810/1/2
f 1809/1/2 1810/1/2 1811/1/2
f 1810/1/2 1808/1/2 1812/1/2
f 1811/1/2 1810/1/2 1812/1/2
f 1813/6/2 1814/6/2 1815/6/2
f 1815/6/2 1814/6/2 1816/6/2
f 1817/3/2 1818/3/2 1821/3/2
f 1821/3/2 1818/3/2 1822/3/2
f 1819/3/2 1820/3/2 1823/3/2
f 1823/3/2 1820/3/2 1824/3/2
f 1825/2/2 1826/2/2 1827/2/2
f 1827/2/2 1826/2/2 1828/2/2
f 1829/3/2 1830/3/2 1833/3/2
f 1833/3/2 1830/3/2 1834/3/2
f 1834/3/2 1835/3/2 1836/3/2
f 1836/3/2 1835/3/2 1837/3/2
f 1831/3/2 1832/3/2 1838/3/2
f 1838/3/2 1832/3/2 1839/3/2
f 1840/3/2 1841/3/2 1842/3/2
f 1842/3/2 1841/3/2 1843/3/2
f 1843/3/2 1841/3/2 1844/3/2
f 1844/3/2 1841/3/2 1845/3/2
f 1846/3/2 1847/3/2 1849/3/2
f 1849/3/2 1847/3/2 1850/3/2
f 1848/3/2 1849/3/2 1852/3/2
f 1852/3/2 1849/3/2 1853/3/2
f 1850/3/2 1851/3/2 1854/3/2
f 1853/3/2 1849/3/2 1855/3/2
f 1855/3/2 1849/3/2 1856/3/2
f 1850/3/2 1854/3/2 1857/3/2
f 1857/3/2 1854/3/2 1858/3/2
f 1859/3/2 1860/3/2 1861/3/2
f 1861/3/2 1860/3/2 1862/3/2
f 1863/6/2 1864/6/2 1866/6/2
f 1866/6/2 1864/6/2 1867/6/2
f 1865/6/2 1866/6/2 1870/6/2
f 1867/6/2 1868/6/2 1870/6/2
f 1866/6/2 1867/6/2 1870/6/2
f 1870/6/2 1868/6/2 1871/6/2
f 1869/6/2 1870/6/2 1873/6/2
f 1872/6/2 1873/6/2 1876/6/2
f 1873/6/2 1870/6/2 1877/6/2
f 1876/6/2 1873/6/2 1877/6/2
f 1874/6/2 1875/6/2 1878/6/2
f 1877/6/2 1870/6/2 1879/6/2
f 1879/6/2 1870/6/2 1880/6/2
f 1874/6/2 1878/6/2 1881/6/2
f 1881/6/2 1878/6/2 1882/6/2
f 1880/6/2 1881/6/2 1883/6/2
f 1883/6/2 1881/6/2 1884/6/2
f 1884/6/2 1881/6/2 1885/6/2
f 1885/6/2 1881/6/2 1886/6/2
f 1884/6/2 1885/6/2 1887/6/2
f 1887/6/2 1885/6/2 1888/6/2
f 1889/6/2 1890/6/2 1893/6/2
f 1893/6/2 1890/6/2 1894/6/2
f 1891/6/2 1892/6/2 1895/6/2
f 1895/6/2 1892/6/2 1896/6/2
f 1897/6/2 1898/6/2 1901/6/2
f 1901/6/2 1898/6/2 1902/6/2
f 1899/6/2 1900/6/2 1903/6/2
f 1903/6/2 1900/6/2 1904/6/2
f 1905/5/2 1906/5/2 1914/5/2
f 1914/5/2 1906/5/2 1915/5/2
f 1915/5/2 1906/5/2 1916/5/2
f 1907/5/2 1908/5/2 1917/5/2
f 1917/5/2 1908/5/2 1918/5/2
f 1909/5/2 1910/5/2 1919/5/2
f 1919/5/2 1910/5/2 1920/5/2
f 1911/5/2 1912/5/2 1921/5/2
f 1921/5/2 1912/5/2 1922/5/2
f 1913/5/2 1914/5/2 1924/5/2
f 1914/5/2 1915/5/2 1924/5/2
f 1923/5/2 1924/5/2 1926/5/2
f 1924/5/2 1915/5/2 1927/5/2
f 1926/5/2 1924/5/2 1927/5/2
f 1925/5/2 1926/5/2 1935/5/2
f 1926/5/2 1927/5/2 1935/5/2
f 1927/5/2 1928/5/2 1935/5/2
f 1935/5/2 1928/5/2 1936/5/2
f 1929/5/2 1930/5/2 1939/5/2
f 1939/5/2 1930/5/2 1940/5/2
f 1931/5/2 1932/5/2 1943/5/2
f 1943/5/2 1932/5/2 1944/5/2
f 1933/5/2 1934/5/2 1947/5/2
f 1947/5/2 1934/5/2 1948/5/2
f 1936/5/2 1937/5/2 1950/5/2
f 1935/5/2 1936/5/2 1950/5/2
f 1950/5/2 1937/5/2 1951/5/2
f 1951/5/2 1937/5/2 1952/5/2
f 1940/5/2 1941/5/2 1955/5/2
f 1938/5/2 1939/5/2 1955/5/2
f 1939/5/2 1940/5/2 1955/5/2
f 1955/5/2 1941/5/2 1956/5/2
f 1944/5/2 1945/5/2 1959/5/2
f 1942/5/2 1943/5/2 1959/5/2
f 1943/5/2 1944/5/2 1959/5/2
f 1959/5/2 1945/5/2 1960/5/2
f 1947/5/2 1948/5/2 1963/5/2
f 1948/5/2 1949/5/2 1963/5/2
f 1946/5/2 1947/5/2 1963/5/2
f 1963/5/2 1949/5/2 1964/5/2
f 1952/5/2 1953/5/2 1966/5/2
f 1951/5/2 1952/5/2 1966/5/2
f 1966/5/2 1953/5/2 1967/5/2
f 1967/5/2 1953/5/2 1968/5/2
f 1968/5/2 1953/5/2 1969/5/2
f 1956/5/2 1957/5/2 1970/5/2
f 1955/5/2 1956/5/2 1970/5/2
f 1954/5/2 1955/5/2 1970/5/2
f 1970/5/2 1957/5/2 1971/5/2
f 1971/5/2 1957/5/2 1972/5/2
f 1972/5/2 1957/5/2 1973/5/2
f 1960/5/2 1961/5/2 1974/5/2
f 1959/5/2 1960/5/2 1974/5/2
f 1958/5/2 1959/5/2 1974/5/2
f 1974/5/2 1961/5/2 1975/5/2
f 1975/5/2 1961/5/2 1976/5/2
f 1976/5/2 1961/5/2 1977/5/2
f 1964/5/2 1965/5/2 1978/5/2
f 1963/5/2 1964/5/2 1978/5/2
f 1962/5/2 1963/5/2 1978/5/2
f 1978/5/2 1965/5/2 1979/5/2
f 1979/5/2 1965/5/2 1980/5/2
f 1980/5/2 1965/5/2 1981/5/2
f 1967/5/2 1968/5/2 1982/5/2
f 1982/5/2 1968/5/2 1983/5/2
f 1983/5/2 1968/5/2 1984/5/2
f 1984/5/2 1968/5/2 1985/5/2
f 1971/5/2 1972/5/2 1986/5/2
f 1986/5/2 1972/5/2 1987/5/2
f 1987/5/2 1972/5/2 1988/5/2
f 1988/5/2 1972/5/2 1989/5/2
f 1975/5/2 1976/5/2 1990/5/2
f 1990/5/2 1976/5/2 1991/5/2
f 1991/5/2 1976/5/2 1992/5/2
f 1992/5/2 1976/5/2 1993/5/2
f 1979/5/2 1980/5/2 1994/5/2
f 1994/5/2 1980/5/2 1995/5/2
f 1995/5/2 1980/5/2 1996/5/2
f 1996/5/2 1980/5/2 1997/5/2
f 1983/5/2 1984/5/2 1998/5/2
f 1998/5/2 1984/5/2 1999/5/2
f 1987/5/2 1988/5/2 2000/5/2
f 2000/5/2 1988/5/2 2001/5/2
f 1991/5/2 1992/5/2 2002/5/2
f 2002/5/2 1992/5/2 2003/5/2
f 1995/5/2 1996/5/2 2004/5/2
f 2004/5/2 1996/5/2 2005/5/2
f 2006/5/2 2007/5/2 2008/5/2
f 2008/5/2 2007/5/2 2009/5/2
f 2010/6/2 2011/6/2 2013/6/2
f 2013/6/2 2011/6/2 2014/6/2
f 2012/6/2 2013/6/2 2016/6/2
f 2016/6/2 2013/6/2 2017/6/2
f 2014/6/2 2015/6/2 2018/6/2
f 2018/6/2 2015/6/2 2019/6/2
f 2017/6/2 2018/6/2 2020/6/2
f 2020/6/2 2018/6/2 2021/6/2
f 2022/3/2 2023/3/2 2025/3/2
f 2025/3/2 2023/3/2 2026/3/2
f 2024/3/2 2025/3/2 2029/3/2
f 2029/3/2 2025/3/2 2030/3/2
f 2028/6/2 2029/6/2 2031/6/2
f 2031/6/2 2029/6/2 2032/6/2
f 2026/3/2 2027/3/2 2034/3/2
f 2032/3/2 2033/3/2 2035/3/2
f 2035/3/2 2033/3/2 2036/3/2
f 2026/3/2 2034/3/2 2037/3/2
f 2037/3/2 2034/3/2 2038/3/2
f 2039/5/2 2040/5/2 2048/5/2
f 2048/5/2 2040/5/2 2049/5/2
f 2041/5/2 2042/5/2 2052/5/2
f 2052/5/2 2042/5/2 2053/5/2
f 2043/5/2 2044/5/2 2055/5/2
f 2045/5/2 2046/5/2 2058/5/2
f 2058/5/2 2046/5/2 2059/5/2
f 2049/5/2 2050/5/2 2062/5/2
f 2047/5/2 2048/5/2 2062/5/2
f 2048/5/2 2049/5/2 2062/5/2
f 2062/5/2 2050/5/2 2063/5/2
f 2053/5/2 2054/5/2 2066/5/2
f 2051/5/2 2052/5/2 2066/5/2
f 2052/5/2 2053/5/2 2066/5/2
f 2066/5/2 2054/5/2 2067/5/2
f 2055/5/2 2056/5/2 2070/5/2
f 2043/5/2 2055/5/2 2070/5/2
f 2070/5/2 2056/5/2 2071/5/2
f 2059/5/2 2060/5/2 2074/5/2
f 2058/5/2 2059/5/2 2074/5/2
f 2057/5/2 2058/5/2 2074/5/2
f 2074/5/2 2060/5/2 2075/5/2
f 2063/5/2 2064/5/2 2078/5/2
f 2062/5/2 2063/5/2 2078/5/2
f 2061/5/2 2062/5/2 2078/5/2
f 2078/5/2 2064/5/2 2079/5/2
f 2067/5/2 2068/5/2 2080/5/2
f 2066/5/2 2067/5/2 2080/5/2
f 2065/5/2 2066/5/2 2080/5/2
f 2080/5/2 2068/5/2 2081/5/2
f 2071/5/2 2072/5/2 2082/5/2
f 2070/5/2 2071/5/2 2082/5/2
f 2069/5/2 2070/5/2 2082/5/2
f 2082/5/2 2072/5/2 2083/5/2
f 2075/5/2 2076/5/2 2084/5/2
f 2074/5/2 2075/5/2 2084/5/2
f 2073/5/2 2074/5/2 2084/5/2
f 2084/5/2 2076/5/2 2085/5/2
f 2078/5/2 2079/5/2 2089/5/2
f 2080/5/2 2081/5/2 2089/5/2
f 2085/5/2 2086/5/2 2089/5/2
f 2084/5/2 2085/5/2 2089/5/2
f 2083/5/2 2084/5/2 2089/5/2
f 2082/5/2 2083/5/2 2089/5/2
f 2079/5/2 2080/5/2 2089/5/2
f 2081/5/2 2082/5/2 2089/5/2
f 2077/5/2 2078/5/2 2089/5/2
f 2087/5/2 2088/5/2 2090/5/2
f 2090/5/2 2088/5/2 2091/5/2
f 2077/5/2 2089/5/2 2093/5/2
f 2091/5/2 2092/5/2 2093/5/2
f 2090/5/2 2091/5/2 2093/5/2
f 2089/5/2 2090/5/2 2093/5/2
f 2093/5/2 2092/5/2 2094/5/2
f 2094/5/2 2092/5/2 2095/5/2
f 2095/5/2 2092/5/2 2096/5/2
f 2096/5/2 2092/5/2 2097/5/2
f 2097/5/2 2092/5/2 2098/5/2
f 2098/5/2 2092/5/2 2099/5/2
f 2099/5/2 2092/5/2 2100/5/2
f 2100/5/2 2092/5/2 2101/5/2
f 2094/5/2 2095/5/2 2105/5/2
f 2105/5/2 2095/5/2 2106/5/2
f 2106/5/2 2095/5/2 2107/5/2
f 2107/5/2 2095/5/2 2108/5/2
f 2096/5/2 2097/5/2 2109/5/2
f 2109/5/2 2097/5/2 2110/5/2
f 2110/5/2 2097/5/2 2111/5/2
f 2111/5/2 2097/5/2 2112/5/2
f 2098/5/2 2099/5/2 2113/5/2
f 2113/5/2 2099/5/2 2114/5/2
f 2114/5/2 2099/5/2 2115/5/2
f 2115/5/2 2099/5/2 2116/5/2
f 2101/5/2 2102/5/2 2117/5/2
f 2100/5/2 2101/5/2 2117/5/2
f 2117/5/2 2102/5/2 2118/5/2
f 2118/5/2 2102/5/2 2119/5/2
f 2106/5/2 2107/5/2 2121/5/2
f 2121/5/2 2107/5/2 2122/5/2
f 2122/5/2 2107/5/2 2123/5/2
f 2123/5/2 2107/5/2 2124/5/2
f 2110/5/2 2111/5/2 2125/5/2
f 2125/5/2 2111/5/2 2126/5/2
f 2126/5/2 2111/5/2 2127/5/2
f 2127/5/2 2111/5/2 2128/5/2
f 2114/5/2 2115/5/2 2129/5/2
f 2129/5/2 2115/5/2 2130/5/2
f 2130/5/2 2115/5/2 2131/5/2
f 2131/5/2 2115/5/2 2132/5/2
f 2119/5/2 2120/5/2 2133/5/2
f 2118/5/2 2119/5/2 2133/5/2
f 2133/5/2 2120/5/2 2134/5/2
f 2134/5/2 2120/5/2 2135/5/2
f 2135/5/2 2120/5/2 2136/5/2
f 2103/6/2 2104/6/2 2137/6/2
f 2137/6/2 2104/6/2 2138/6/2
f 2122/5/2 2123/5/2 2139/5/2
f 2139/5/2 2123/5/2 2140/5/2
f 2126/5/2 2127/5/2 2141/5/2
f 2141/5/2 2127/5/2 2142/5/2
f 2130/5/2 2131/5/2 2143/5/2
f 2143/5/2 2131/5/2 2144/5/2
f 2134/5/2 2135/5/2 2145/5/2
f 2145/5/2 2135/5/2 2146/5/2
f 2136/5/2 2120/5/2 2147/5/2
f 2147/5/2 2120/5/2 2148/5/2
f 2148/5/2 2120/5/2 2149/5/2
f 2149/5/2 2120/5/2 2150/5/2
f 2148/5/2 2149/5/2 2151/5/2
f 2151/5/2 2149/5/2 2152/5/2
f 2152/5/2 2149/5/2 2153/5/2
f 2153/5/2 2149/5/2 2154/5/2
f 2152/5/2 2153/5/2 2155/5/2
f 2155/5/2 2153/5/2 2156/5/2
f 2156/5/2 2153/5/2 2157/5/2
f 2157/5/2 2153/5/2 2158/5/2
f 2156/5/2 2157/5/2 2159/5/2
f 2159/5/2 2157/5/2 2160/5/2
f 2161/1/2 2162/1/2 2163/1/2
f 2163/1/2 2162/1/2 2164/1/2
f 2165/3/2 2166/3/2 2168/3/2
f 2168/3/2 2166/3/2 2169/3/2
f 2167/6/2 2168/6/2 2170/6/2
f 2170/6/2 2168/6/2 2171/6/2
f 2171/3/2 2172/3/2 2173/3/2
f 2173/3/2 2172/3/2 2174/3/2
f 2175/1/2 2176/1/2 2178/1/2
f 2177/6/2 2178/6/2 2179/6/2
f 2178/1/2 2176/1/2 2180/1/2
f 2179/6/2 2178/6/2 2180/6/2
f 2180/1/2 2176/1/2 2181/1/2
f 2181/1/2 2176/1/2 2182/1/2
f 2183/7/2 2184/7/2 2186/7/2
f 2186/7/2 2184/7/2 2187/7/2
f 2185/7/2 2186/7/2 2190/7/2
f 2187/7/2 2188/7/2 2190/7/2
f 2186/7/2 2187/7/2 2190/7/2
f 2190/7/2 2188/7/2 2191/7/2
f 2189/7/2 2190/7/2 2194/7/2
f 2191/7/2 2192/7/2 2195/7/2
f 2193/7/2 2194/7/2 2198/7/2
f 2194/7/2 2190/7/2 2199/7/2
f 2198/7/2 2194/7/2 2199/7/2
f 2195/7/2 2196/7/2 2200/7/2
f 2191/7/2 2195/7/2 2200/7/2
f 2200/7/2 2196/7/2 2201/7/2
f 2197/7/2 2198/7/2 2204/7/2
f 2201/7/2 2202/7/2 2205/7/2
f 2207/1/2 2208/1/2 2209/1/2
f 2209/1/2 2208/1/2 2210/1/2
f 2203/7/2 2204/7/2 2211/7/2
f 2204/7/2 2198/7/2 2212/7/2
f 2211/7/2 2204/7/2 2212/7/2
f 2201/7/2 2205/7/2 2213/7/2
f 2205/7/2 2206/7/2 2213/7/2
f 2213/7/2 2206/7/2 2214/7/2
f 2212/7/2 2198/7/2 2215/7/2
f 2215/7/2 2198/7/2 2216/7/2
f 2201/7/2 2213/7/2 2219/7/2
f 2219/7/2 2213/7/2 2220/7/2
f 2210/1/2 2211/1/2 2221/1/2
f 2221/1/2 2211/1/2 2222/1/2
f 2216/7/2 2217/7/2 2224/7/2
f 2224/7/2 2217/7/2 2225/7/2
f 2218/7/2 2219/7/2 2226/7/2
f 2226/7/2 2219/7/2 2227/7/2
f 2225/7/2 2217/7/2 2228/7/2
f 2228/7/2 2217/7/2 2229/7/2
f 2218/7/2 2226/7/2 2230/7/2
f 2230/7/2 2226/7/2 2231/7/2
f 2222/1/2 2223/1/2 2234/1/2
f 2234/1/2 2223/1/2 2235/1/2
f 2229/7/2 2230/7/2 2237/7/2
f 2237/7/2 2230/7/2 2238/7/2
f 2238/7/2 2230/7/2 2239/7/2
f 2239/7/2 2230/7/2 2240/7/2
f 2232/1/2 2233/1/2 2242/1/2
f 2242/1/2 2233/1/2 2243/1/2
f 2238/7/2 2239/7/2 2244/7/2
f 2244/7/2 2239/7/2 2245/7/2
f 2241/1/2 2242/1/2 2247/1/2
f 2247/1/2 2242/1/2 2248/1/2
f 2235/1/2 2236/1/2 2249/1/2
f 2249/1/2 2236/1/2 2250/1/2
f 2246/1/2 2247/1/2 2253/1/2
f 2253/1/2 2247/1/2 2254/1/2
f 2250/1/2 2251/1/2 2255/1/2
f 2255/1/2 2251/1/2 2256/1/2
f 2252/1/2 2253/1/2 2259/1/2
f 2259/1/2 2253/1/2 2260/1/2
f 2256/1/2 2257/1/2 2261/1/2
f 2261/1/2 2257/1/2 2262/1/2
f 2258/1/2 2259/1/2 2263/1/2
f 2263/1/2 2259/1/2 2264/1/2
f 2262/1/2 2263/1/2 2265/1/2
f 2265/1/2 2263/1/2 2266/1/2
f 2267/1/2 2268/1/2 2269/1/2
f 2269/1/2 2268/1/2 2270/1/2
f 2271/1/2 2272/1/2 2273/1/2
f 2273/1/2 2272/1/2 2274/1/2
f 2275/1/2 2276/1/2 2277/1/2
f 2277/1/2 2276/1/2 2278/1/2
f 2281/1/3 2280/1/3 2279/1/3
f 2282/1/3 2280/1/3 2281/1/3
f 2285/1/3 2284/1/3 2283/1/3
f 2286/1/3 2284/1/3 2285/1/3
f 2291/6/3 2290/6/3 2289/6/3
f 2292/6/3 2290/6/3 2291/6/3
f 2293/1/3 2288/1/3 2287/1/3
f 2294/1/3 2288/1/3 2293/1/3
f 2299/6/3 2298/6/3 2297/6/3
f 2300/6/3 2298/6/3 2299/6/3
f 2301/1/3 2296/1/3 2295/1/3
f 2302/1/3 2296/1/3 2301/1/3
f 2312/6/3 2310/6/3 2309/6/3
f 2313/6/3 2310/6/3 2312/6/3
f 2315/3/3 2312/3/3 2311/3/3
f 2316/3/3 2312/3/3 2315/3/3
f 2317/3/3 2314/3/3 2313/3/3
f 2318/3/3 2314/3/3 2317/3/3
f 2323/3/3 2320/3/3 2319/3/3
f 2324/3/3 2320/3/3 2323/3/3
f 2325/3/3 2322/3/3 2321/3/3
f 2326/3/3 2322/3/3 2325/3/3
f 2327/3/3 2308/3/3 2307/3/3
f 2328/3/3 2308/3/3 2327/3/3
f 2329/6/3 2325/6/3 2324/6/3
f 2330/6/3 2325/6/3 2329/6/3
f 2331/7/3 2304/7/3 2303/7/3
f 2332/7/3 2304/7/3 2331/7/3
f 2333/1/3 2306/1/3 2305/1/3
f 2334/1/3 2306/1/3 2333/1/3
f 2337/3/3 2336/3/3 2335/3/3
f 2338/3/3 2336/3/3 2337/3/3
f 2341/3/3 2340/3/3 2339/3/3
f 2342/3/3 2340/3/3 2341/3/3
f 2350/6/3 2348/6/3 2347/6/3
f 2351/6/3 2348/6/3 2350/6/3
f 2353/3/3 2350/3/3 2349/3/3
f 2354/3/3 2350/3/3 2353/3/3
f 2355/3/3 2352/3/3 2351/3/3
f 2356/3/3 2352/3/3 2355/3/3
f 2361/3/3 2358/3/3 2357/3/3
f 2362/3/3 2358/3/3 2361/3/3
f 2363/3/3 2360/3/3 2359/3/3
f 2364/3/3 2360/3/3 2363/3/3
f 2365/6/3 2363/6/3 2362/6/3
f 2366/6/3 2363/6/3 2365/6/3
f 2367/7/3 2344/7/3 2343/7/3
f 2368/7/3 2344/7/3 2367/7/3
f 2369/1/3 2346/1/3 2345/1/3
f 2370/1/3 2346/1/3 2369/1/3
f 2380/6/3 2378/6/3 2377/6/3
f 2381/6/3 2378/6/3 2380/6/3
f 2384/3/3 2380/3/3 2379/3/3
f 2385/3/3 2380/3/3 2384/3/3
f 2386/3/3 2382/3/3 2381/3/3
f 2387/3/3 2382/3/3 2386/3/3
f 2388/3/3 2384/3/3 2383/3/3
f 2389/3/3 2384/3/3 2388/3/3
f 2391/3/3 2390/3/3 2389/3/3
f 2392/3/3 2390/3/3 2391/3/3
f 2394/3/3 2390/3/3 2392/3/3
f 2396/3/3 2394/3/3 2393/3/3
f 2397/3/3 2390/3/3 2394/3/3
f 2397/3/3 2394/3/3 2396/3/3
f 2398/3/3 2396/3/3 2395/3/3
f 2399/3/3 2396/3/3 2398/3/3
f 2403/3/3 2400/3/3 2399/3/3
f 2404/3/3 2400/3/3 2403/3/3
f 2405/3/3 2402/3/3 2401/3/3
f 2406/3/3 2402/3/3 2405/3/3
f 2407/7/3 2372/7/3 2371/7/3
f 2408/7/3 2372/7/3 2407/7/3
f 2409/7/3 2374/7/3 2373/7/3
f 2410/7/3 2374/7/3 2409/7/3
f 2411/1/3 2376/1/3 2375/1/3
f 2412/1/3 2376/1/3 2411/1/3
f 2413/6/3 2405/6/3 2404/6/3
f 2414/6/3 2405/6/3 2413/6/3
f 2417/3/3 2416/3/3 2415/3/3
f 2418/3/3 2416/3/3 2417/3/3
f 2421/3/3 2420/3/3 2419/3/3
f 2422/3/3 2420/3/3 2421/3/3
f 2425/3/3 2424/3/3 2423/3/3
f 2426/3/3 2424/3/3 2425/3/3
f 2429/3/3 2428/3/3 2427/3/3
f 2430/3/3 2428/3/3 2429/3/3
f 2440/6/3 2438/6/3 2437/6/3
f 2441/6/3 2438/6/3 2440/6/3
f 2444/3/3 2440/3/3 2439/3/3
f 2445/3/3 2440/3/3 2444/3/3
f 2446/3/3 2442/3/3 2441/3/3
f 2447/3/3 2442/3/3 2446/3/3
f 2448/3/3 2444/3/3 2443/3/3
f 2449/3/3 2444/3/3 2448/3/3
f 2451/3/3 2450/3/3 2449/3/3
f 2452/3/3 2450/3/3 2451/3/3
f 2454/3/3 2450/3/3 2452/3/3
f 2456/3/3 2454/3/3 2453/3/3
f 2457/3/3 2450/3/3 2454/3/3
f 2457/3/3 2454/3/3 2456/3/3
f 2458/3/3 2456/3/3 2455/3/3
f 2459/3/3 2456/3/3 2458/3/3
f 2463/3/3 2460/3/3 2459/3/3
f 2464/3/3 2460/3/3 2463/3/3
f 2465/3/3 2462/3/3 2461/3/3
f 2466/3/3 2462/3/3 2465/3/3
f 2467/6/3 2465/6/3 2464/6/3
f 2468/6/3 2465/6/3 2467/6/3
f 2469/7/3 2432/7/3 2431/7/3
f 2470/7/3 2432/7/3 2469/7/3
f 2471/7/3 2434/7/3 2433/7/3
f 2472/7/3 2434/7/3 2471/7/3
f 2473/1/3 2436/1/3 2435/1/3
f 2474/1/3 2436/1/3 2473/1/3
f 2481/7/3 2476/7/3 2475/7/3
f 2482/7/3 2476/7/3 2481/7/3
f 2483/7/3 2478/7/3 2477/7/3
f 2484/7/3 2478/7/3 2483/7/3
f 2485/1/3 2480/1/3 2479/1/3
f 2486/1/3 2480/1/3 2485/1/3
f 2493/7/3 2488/7/3 2487/7/3
f 2494/7/3 2488/7/3 2493/7/3
f 2495/7/3 2490/7/3 2489/7/3
f 2496/7/3 2490/7/3 2495/7/3
f 2497/1/3 2492/1/3 2491/1/3
f 2498/1/3 2492/1/3 2497/1/3
f 2509/6/3 2506/6/3 2505/6/3
f 2510/6/3 2506/6/3 2509/6/3
f 2511/6/3 2508/6/3 2507/6/3
f 2512/6/3 2508/6/3 2511/6/3
f 2515/2/3 2514/2/3 2513/2/3
f 2518/7/3 2500/7/3 2499/7/3
f 2519/7/3 2500/7/3 2518/7/3
f 2520/7/3 2502/7/3 2501/7/3
f 2521/7/3 2502/7/3 2520/7/3
f 2522/1/3 2504/1/3 2503/1/3
f 2523/1/3 2504/1/3 2522/1/3
f 2524/2/3 2517/2/3 2516/2/3
f 2525/2/3 2515/2/3 2513/2/3
f 2526/2/3 2515/2/3 2525/2/3
f 2528/2/3 2517/2/3 2524/2/3
f 2530/2/3 2527/2/3 2526/2/3
f 2531/2/3 2527/2/3 2530/2/3
f 2532/2/3 2529/2/3 2528/2/3
f 2532/2/3 2528/2/3 2524/2/3
f 2533/2/3 2532/2/3 2531/2/3
f 2534/2/3 2529/2/3 2532/2/3
f 2534/2/3 2532/2/3 2533/2/3
f 2538/3/3 2536/3/3 2535/3/3
f 2539/3/3 2536/3/3 2538/3/3
f 2541/3/3 2538/3/3 2537/3/3
f 2541/3/3 2540/3/3 2539/3/3
f 2541/3/3 2539/3/3 2538/3/3
f 2542/3/3 2540/3/3 2541/3/3
f 2543/3/3 2540/3/3 2542/3/3
f 2544/3/3 2540/3/3 2543/3/3
f 2545/3/3 2543/3/3 2542/3/3
f 2546/3/3 2543/3/3 2545/3/3
f 2550/2/3 2548/2/3 2547/2/3
f 2551/2/3 2548/2/3 2550/2/3
f 2553/2/3 2550/2/3 2549/2/3
f 2554/2/3 2550/2/3 2553/2/3
f 2555/2/3 2548/2/3 2551/2/3
f 2556/2/3 2548/2/3 2555/2/3
f 2563/2/3 2555/2/3 2551/2/3
f 2564/2/3 2553/2/3 2552/2/3
f 2565/2/3 2555/2/3 2563/2/3
f 2566/2/3 2555/2/3 2565/2/3
f 2567/2/3 2564/2/3 2552/2/3
f 2568/2/3 2564/2/3 2567/2/3
f 2573/6/3 2570/6/3 2569/6/3
f 2574/6/3 2570/6/3 2573/6/3
f 2575/6/3 2572/6/3 2571/6/3
f 2576/6/3 2572/6/3 2575/6/3
f 2577/7/3 2558/7/3 2557/7/3
f 2578/7/3 2558/7/3 2577/7/3
f 2579/7/3 2560/7/3 2559/7/3
f 2580/7/3 2560/7/3 2579/7/3
f 2581/1/3 2562/1/3 2561/1/3
f 2582/1/3 2562/1/3 2581/1/3
f 2585/1/3 2584/1/3 2583/1/3
f 2586/1/3 2584/1/3 2585/1/3
f 2592/1/3 2587/1/3 2586/1/3
f 2593/1/3 2587/1/3 2592/1/3
f 2594/1/3 2587/1/3 2593/1/3
f 2596/1/3 2595/1/3 2594/1/3
f 2600/1/3 2596/1/3 2594/1/3
f 2600/1/3 2597/1/3 2596/1/3
f 2601/1/3 2597/1/3 2600/1/3
f 2602/1/3 2597/1/3 2601/1/3
f 2603/1/3 2599/1/3 2598/1/3
f 2606/1/3 2602/1/3 2601/1/3
f 2606/1/3 2603/1/3 2602/1/3
f 2607/1/3 2599/1/3 2603/1/3
f 2607/1/3 2603/1/3 2606/1/3
f 2609/6/3 2605/6/3 2604/6/3
f 2610/6/3 2605/6/3 2609/6/3
f 2612/1/3 2606/1/3 2601/1/3
f 2615/6/3 2611/6/3 2610/6/3
f 2615/6/3 2609/6/3 2608/6/3
f 2615/6/3 2610/6/3 2609/6/3
f 2616/6/3 2611/6/3 2615/6/3
f 2617/6/3 2615/6/3 2614/6/3
f 2618/6/3 2615/6/3 2617/6/3
f 2619/1/3 2613/1/3 2612/1/3
f 2619/1/3 2612/1/3 2601/1/3
f 2620/1/3 2613/1/3 2619/1/3
f 2621/1/3 2619/1/3 2601/1/3
f 2622/1/3 2619/1/3 2621/1/3
f 2624/1/3 2600/1/3 2594/1/3
f 2625/1/3 2621/1/3 2601/1/3
f 2626/1/3 2623/1/3 2622/1/3
f 2627/1/3 2623/1/3 2626/1/3
f 2628/7/3 2589/7/3 2588/7/3
f 2629/7/3 2589/7/3 2628/7/3
f 2632/7/3 2591/7/3 2590/7/3
f 2633/7/3 2591/7/3 2632/7/3
f 2635/1/3 2625/1/3 2624/1/3
f 2635/1/3 2624/1/3 2594/1/3
f 2636/1/3 2626/1/3 2622/1/3
f 2638/1/3 2631/1/3 2630/1/3
f 2638/1/3 2634/1/3 2633/1/3
f 2638/1/3 2633/1/3 2632/1/3
f 2638/1/3 2625/1/3 2635/1/3
f 2638/1/3 2621/1/3 2625/1/3
f 2638/1/3 2632/1/3 2631/1/3
f 2638/1/3 2635/1/3 2634/1/3
f 2639/1/3 2637/1/3 2636/1/3
f 2639/1/3 2636/1/3 2622/1/3
f 2640/1/3 2637/1/3 2639/1/3
f 2641/1/3 2639/1/3 2638/1/3
f 2642/1/3 2637/1/3 2640/1/3
f 2643/1/3 2637/1/3 2642/1/3
f 2644/1/3 2638/1/3 2630/1/3
f 2644/1/3 2641/1/3 2638/1/3
f 2644/1/3 2642/1/3 2641/1/3
f 2645/1/3 2642/1/3 2644/1/3
f 2646/1/3 2644/1/3 2630/1/3
f 2650/1/3 2647/1/3 2646/1/3
f 2651/1/3 2647/1/3 2650/1/3
f 2652/1/3 2649/1/3 2648/1/3
f 2653/1/3 2649/1/3 2652/1/3
f 2654/1/3 2650/1/3 2646/1/3
f 2658/1/3 2646/1/3 2630/1/3
f 2658/1/3 2654/1/3 2646/1/3
f 2658/1/3 2655/1/3 2654/1/3
f 2659/1/3 2655/1/3 2658/1/3
f 2660/1/3 2657/1/3 2656/1/3
f 2661/1/3 2657/1/3 2660/1/3
f 2662/1/3 2658/1/3 2630/1/3
f 2664/1/3 2663/1/3 2662/1/3
f 2665/1/3 2663/1/3 2664/1/3
f 2667/1/3 2664/1/3 2662/1/3
f 2668/1/3 2664/1/3 2667/1/3
f 2669/1/3 2666/1/3 2665/1/3
f 2672/1/3 2662/1/3 2630/1/3
f 2672/1/3 2667/1/3 2662/1/3
f 2673/1/3 2667/1/3 2672/1/3
f 2674/1/3 2667/1/3 2673/1/3
f 2675/1/3 2667/1/3 2674/1/3
f 2676/1/3 2667/1/3 2675/1/3
f 2677/1/3 2667/1/3 2676/1/3
f 2678/1/3 2669/1/3 2668/1/3
f 2678/1/3 2666/1/3 2669/1/3
f 2679/1/3 2666/1/3 2678/1/3
f 2680/1/3 2678/1/3 2668/1/3
f 2682/1/3 2667/1/3 2677/1/3
f 2683/1/3 2681/1/3 2680/1/3
f 2683/1/3 2680/1/3 2668/1/3
f 2684/1/3 2681/1/3 2683/1/3
f 2687/1/3 2683/1/3 2682/1/3
f 2689/6/3 2686/6/3 2685/6/3
f 2690/6/3 2686/6/3 2689/6/3
f 2692/6/3 2691/6/3 2690/6/3
f 2693/6/3 2691/6/3 2692/6/3
f 2694/6/3 2691/6/3 2693/6/3
f 2695/6/3 2691/6/3 2694/6/3
f 2696/1/3 2687/1/3 2682/1/3
f 2696/1/3 2688/1/3 2687/1/3
f 2697/1/3 2688/1/3 2696/1/3
f 2698/6/3 2694/6/3 2693/6/3
f 2699/6/3 2694/6/3 2698/6/3
f 2700/1/3 2696/1/3 2682/1/3
f 2702/1/3 2701/1/3 2700/1/3
f 2703/1/3 2701/1/3 2702/1/3
f 2704/1/3 2682/1/3 2677/1/3
f 2704/1/3 2700/1/3 2682/1/3
f 2704/1/3 2702/1/3 2700/1/3
f 2705/1/3 2702/1/3 2704/1/3
f 2706/1/3 2701/1/3 2703/1/3
f 2707/1/3 2701/1/3 2706/1/3
f 2708/7/3 2671/7/3 2670/7/3
f 2709/7/3 2671/7/3 2708/7/3
f 2710/7/3 2675/7/3 2674/7/3
f 2711/7/3 2675/7/3 2710/7/3
f 2713/1/3 2704/1/3 2677/1/3
f 2714/1/3 2704/1/3 2713/1/3
f 2716/1/3 2713/1/3 2712/1/3
f 2717/1/3 2713/1/3 2716/1/3
f 2719/1/3 2716/1/3 2715/1/3
f 2720/1/3 2716/1/3 2719/1/3
f 2721/1/3 2719/1/3 2718/1/3
f 2722/1/3 2719/1/3 2721/1/3
f 2730/6/3 2728/6/3 2727/6/3
f 2731/6/3 2728/6/3 2730/6/3
f 2733/6/3 2730/6/3 2729/6/3
f 2734/6/3 2730/6/3 2733/6/3
f 2735/6/3 2732/6/3 2731/6/3
f 2736/6/3 2732/6/3 2735/6/3
f 2741/6/3 2738/6/3 2737/6/3
f 2742/6/3 2738/6/3 2741/6/3
f 2743/6/3 2740/6/3 2739/6/3
f 2744/6/3 2740/6/3 2743/6/3
f 2745/7/3 2724/7/3 2723/7/3
f 2746/7/3 2724/7/3 2745/7/3
f 2749/7/3 2726/7/3 2725/7/3
f 2750/7/3 2726/7/3 2749/7/3
f 2753/3/3 2752/3/3 2751/3/3
f 2754/3/3 2752/3/3 2753/3/3
f 2757/1/3 2748/1/3 2747/1/3
f 2758/1/3 2748/1/3 2757/1/3
f 2765/6/3 2762/6/3 2761/6/3
f 2766/6/3 2762/6/3 2765/6/3
f 2767/6/3 2764/6/3 2763/6/3
f 2768/6/3 2764/6/3 2767/6/3
f 2773/6/3 2770/6/3 2769/6/3
f 2774/6/3 2770/6/3 2773/6/3
f 2775/6/3 2772/6/3 2771/6/3
f 2776/6/3 2772/6/3 2775/6/3
f 2777/6/3 2775/6/3 2774/6/3
f 2778/6/3 2775/6/3 2777/6/3
f 2779/7/3 2756/7/3 2755/7/3
f 2780/7/3 2756/7/3 2779/7/3
f 2781/7/3 2760/7/3 2759/7/3
f 2782/7/3 2760/7/3 2781/7/3
f 2787/2/3 2786/2/3 2785/2/3
f 2788/2/3 2786/2/3 2787/2/3
f 2791/3/3 2790/3/3 2789/3/3
f 2792/3/3 2790/3/3 2791/3/3
f 2795/3/3 2794/3/3 2793/3/3
f 2796/3/3 2794/3/3 2795/3/3
f 2799/2/3 2798/2/3 2797/2/3
f 2800/2/3 2798/2/3 2799/2/3
f 2801/1/3 2784/1/3 2783/1/3
f 2802/1/3 2784/1/3 2801/1/3
f 2805/3/3 2804/3/3 2803/3/3
f 2806/3/3 2804/3/3 2805/3/3
f 2809/3/3 2808/3/3 2807/3/3
f 2810/3/3 2808/3/3 2809/3/3
f 2813/5/3 2812/5/3 2811/5/3
f 2814/5/3 2812/5/3 2813/5/3
f 2817/5/3 2816/5/3 2815/5/3
f 2818/5/3 2816/5/3 2817/5/3
f 2823/5/3 2820/5/3 2819/5/3
f 2824/5/3 2823/5/3 2819/5/3
f 2825/5/3 2823/5/3 2824/5/3
f 2826/5/3 2822/5/3 2821/5/3
f 2827/5/3 2822/5/3 2826/5/3
f 2830/2/3 2829/2/3 2828/2/3
f 2831/2/3 2829/2/3 2830/2/3
f 2834/2/3 2833/2/3 2832/2/3
f 2835/2/3 2833/2/3 2834/2/3
f 2840/5/3 2837/5/3 2836/5/3
f 2841/5/3 2837/5/3 2840/5/3
f 2842/5/3 2839/5/3 2838/5/3
f 2843/5/3 2839/5/3 2842/5/3
f 2848/5/3 2845/5/3 2844/5/3
f 2849/5/3 2845/5/3 2848/5/3
f 2850/5/3 2847/5/3 2846/5/3
f 2851/5/3 2847/5/3 2850/5/3
f 2856/5/3 2853/5/3 2852/5/3
f 2857/5/3 2853/5/3 2856/5/3
f 2858/5/3 2855/5/3 2854/5/3
f 2859/5/3 2855/5/3 2858/5/3
f 2864/5/3 2861/5/3 2860/5/3
f 2865/5/3 2861/5/3 2864/5/3
f 2866/5/3 2863/5/3 2862/5/3
f 2867/5/3 2863/5/3 2866/5/3
f 2872/5/3 2869/5/3 2868/5/3
f 2873/5/3 2869/5/3 2872/5/3
f 2874/5/3 2871/5/3 2870/5/3
f 2875/5/3 2871/5/3 2874/5/3
f 2878/5/3 2877/5/3 2876/5/3
f 2879/5/3 2877/5/3 2878/5/3
f 2882/2/3 2881/2/3 2880/2/3
f 2883/2/3 2881/2/3 2882/2/3
f 2886/2/3 2885/2/3 2884/2/3
f 2887/2/3 2885/2/3 2886/2/3
f 2890/5/3 2889/5/3 2888/5/3
f 2891/5/3 2889/5/3 2890/5/3
f 2896/5/3 2893/5/3 2892/5/3
f 2897/5/3 2893/5/3 2896/5/3
f 2898/5/3 2895/5/3 2894/5/3
f 2899/5/3 2895/5/3 2898/5/3
f 2904/5/3 2901/5/3 2900/5/3
f 2905/5/3 2901/5/3 2904/5/3
f 2906/5/3 2903/5/3 2902/5/3
f 2907/5/3 2903/5/3 2906/5/3
f 2912/5/3 2909/5/3 2908/5/3
f 2913/5/3 2909/5/3 2912/5/3
f 2914/5/3 2911/5/3 2910/5/3
f 2915/5/3 2911/5/3 2914/5/3
f 2920/5/3 2917/5/3 2916/5/3
f 2921/5/3 2917/5/3 2920/5/3
f 2922/5/3 2919/5/3 2918/5/3
f 2923/5/3 2919/5/3 2922/5/3
f 2928/5/3 2925/5/3 2924/5/3
f 2929/5/3 2925/5/3 2928/5/3
f 2930/5/3 2927/5/3 2926/5/3
f 2931/5/3 2927/5/3 2930/5/3
f 2936/5/3 2933/5/3 2932/5/3
f 2937/5/3 2933/5/3 2936/5/3
f 2938/5/3 2935/5/3 2934/5/3
f 2939/5/3 2935/5/3 2938/5/3
f 2944/5/3 2941/5/3 2940/5/3
f 2945/5/3 2941/5/3 2944/5/3
f 2946/5/3 2943/5/3 2942/5/3
f 2947/5/3 2943/5/3 2946/5/3
f 2952/5/3 2949/5/3 2948/5/3
f 2953/5/3 2949/5/3 2952/5/3
f 2954/5/3 2951/5/3 2950/5/3
f 2955/5/3 2951/5/3 2954/5/3
f 2960/5/3 2957/5/3 2956/5/3
f 2961/5/3 2957/5/3 2960/5/3
f 2962/5/3 2959/5/3 2958/5/3
f 2963/5/3 2959/5/3 2962/5/3
f 2968/5/3 2965/5/3 2964/5/3
f 2969/5/3 2965/5/3 2968/5/3
f 2970/5/3 2967/5/3 2966/5/3
f 2971/5/3 2967/5/3 2970/5/3
f 2976/5/3 2973/5/3 2972/5/3
f 2977/5/3 2973/5/3 2976/5/3
f 2978/5/3 2975/5/3 2974/5/3
f 2979/5/3 2975/5/3 2978/5/3
f 2984/5/3 2981/5/3 2980/5/3
f 2985/5/3 2981/5/3 2984/5/3
f 2986/5/3 2983/5/3 2982/5/3
f 2987/5/3 2983/5/3 2986/5/3
f 2992/5/3 2989/5/3 2988/5/3
f 2993/5/3 2989/5/3 2992/5/3
f 2994/5/3 2991/5/3 2990/5/3
f 2995/5/3 2991/5/3 2994/5/3
f 3000/5/3 2997/5/3 2996/5/3
f 3001/5/3 2997/5/3 3000/5/3
f 3002/5/3 2999/5/3 2998/5/3
f 3003/5/3 2999/5/3 3002/5/3
f 3008/5/3 3005/5/3 3004/5/3
f 3009/5/3 3005/5/3 3008/5/3
f 3010/5/3 3007/5/3 3006/5/3
f 3011/5/3 3007/5/3 3010/5/3
f 3016/5/3 3013/5/3 3012/5/3
f 3017/5/3 3013/5/3 3016/5/3
f 3018/5/3 3015/5/3 3014/5/3
f 3019/5/3 3015/5/3 3018/5/3
f 3024/5/3 3021/5/3 3020/5/3
f 3025/5/3 3021/5/3 3024/5/3
f 3026/5/3 3023/5/3 3022/5/3
f 3027/5/3 3023/5/3 3026/5/3
f 3032/5/3 3029/5/3 3028/5/3
f 3033/5/3 3029/5/3 3032/5/3
f 3034/5/3 3031/5/3 3030/5/3
f 3035/5/3 3031/5/3 3034/5/3
f 3040/5/3 3037/5/3 3036/5/3
f 3041/5/3 3037/5/3 3040/5/3
f 3042/5/3 3039/5/3 3038/5/3
f 3043/5/3 3039/5/3 3042/5/3
f 3046/1/3 3045/1/3 3044/1/3
f 3047/1/3 3045/1/3 3046/1/3
f 3052/5/3 3049/5/3 3048/5/3
f 3053/5/3 3049/5/3 3052/5/3
f 3054/5/3 3051/5/3 3050/5/3
f 3055/5/3 3051/5/3 3054/5/3
f 3060/5/3 3057/5/3 3056/5/3
f 3061/5/3 3057/5/3 3060/5/3
f 3062/5/3 3059/5/3 3058/5/3
f 3063/5/3 3059/5/3 3062/5/3
f 3068/5/3 3065/5/3 3064/5/3
f 3069/5/3 3065/5/3 3068/5/3
f 3070/5/3 3067/5/3 3066/5/3
f 3071/5/3 3067/5/3 3070/5/3
f 3076/5/3 3073/5/3 3072/5/3
f 3077/5/3 3073/5/3 3076/5/3
f 3078/5/3 3075/5/3 3074/5/3
f 3079/5/3 3075/5/3 3078/5/3
f 3084/5/3 3081/5/3 3080/5/3
f 3085/5/3 3081/5/3 3084/5/3
f 3086/5/3 3083/5/3 3082/5/3
f 3087/5/3 3083/5/3 3086/5/3
f 3092/5/3 3089/5/3 3088/5/3
f 3093/5/3 3089/5/3 3092/5/3
f 3094/5/3 3091/5/3 3090/5/3
f 3095/5/3 3091/5/3 3094/5/3
f 3100/5/3 3097/5/3 3096/5/3
f 3101/5/3 3097/5/3 3100/5/3
f 3102/5/3 3099/5/3 3098/5/3
f 3103/5/3 3099/5/3 3102/5/3
f 3108/5/3 3105/5/3 3104/5/3
f 3109/5/3 3105/5/3 3108/5/3
f 3110/5/3 3107/5/3 3106/5/3
f 3111/5/3 3107/5/3 3110/5/3
f 3116/5/3 3113/5/3 3112/5/3
f 3117/5/3 3113/5/3 3116/5/3
f 3118/5/3 3115/5/3 3114/5/3
f 3119/5/3 3115/5/3 3118/5/3
f 3124/5/3 3121/5/3 3120/5/3
f 3125/5/3 3121/5/3 3124/5/3
f 3126/5/3 3123/5/3 3122/5/3
f 3127/5/3 3123/5/3 3126/5/3
f 3132/5/3 3129/5/3 3128/5/3
f 3134/5/3 3132/5/3 3128/5/3
f 3134/5/3 3133/5/3 3132/5/3
f 3135/5/3 3133/5/3 3134/5/3
f 3136/5/3 3131/5/3 3130/5/3
f 3137/5/3 3131/5/3 3136/5/3
f 3142/5/3 3139/5/3 3138/5/3
f 3143/5/3 3139/5/3 3142/5/3
f 3144/5/3 3141/5/3 3140/5/3
f 3145/5/3 3141/5/3 3144/5/3
f 3150/5/3 3147/5/3 3146/5/3
f 3151/5/3 3147/5/3 3150/5/3
f 3152/5/3 3149/5/3 3148/5/3
f 3153/5/3 3149/5/3 3152/5/3
f 3158/5/3 3155/5/3 3154/5/3
f 3159/5/3 3155/5/3 3158/5/3
f 3160/5/3 3157/5/3 3156/5/3
f 3161/5/3 3157/5/3 3160/5/3
f 3166/5/3 3163/5/3 3162/5/3
f 3167/5/3 3163/5/3 3166/5/3
f 3168/5/3 3165/5/3 3164/5/3
f 3169/5/3 3165/5/3 3168/5/3
f 3174/5/3 3171/5/3 3170/5/3
f 3175/5/3 3171/5/3 3174/5/3
f 3176/5/3 3173/5/3 3172/5/3
f 3177/5/3 3173/5/3 3176/5/3
f 3182/5/3 3179/5/3 3178/5/3
f 3183/5/3 3179/5/3 3182/5/3
f 3184/5/3 3181/5/3 3180/5/3
f 3185/5/3 3181/5/3 3184/5/3
f 3190/5/3 3187/5/3 3186/5/3
f 3191/5/3 3187/5/3 3190/5/3
f 3192/5/3 3189/5/3 3188/5/3
f 3193/5/3 3189/5/3 3192/5/3
f 3198/5/3 3195/5/3 3194/5/3
f 3199/5/3 3195/5/3 3198/5/3
f 3200/5/3 3197/5/3 3196/5/3
f 3201/5/3 3197/5/3 3200/5/3
f 3206/5/3 3203/5/3 3202/5/3
f 3207/5/3 3203/5/3 3206/5/3
f 3208/5/3 3205/5/3 3204/5/3
f 3209/5/3 3205/5/3 3208/5/3
f 3214/5/3 3211/5/3 3210/5/3
f 3215/5/3 3211/5/3 3214/5/3
f 3216/5/3 3213/5/3 3212/5/3
f 3217/5/3 3213/5/3 3216/5/3
f 3222/5/3 3219/5/3 3218/5/3
f 3223/5/3 3219/5/3 3222/5/3
f 3224/5/3 3221/5/3 3220/5/3
f 3225/5/3 3221/5/3 3224/5/3
f 3230/5/3 3227/5/3 3226/5/3
f 3231/5/3 3227/5/3 3230/5/3
f 3232/5/3 3229/5/3 3228/5/3
f 3233/5/3 3229/5/3 3232/5/3
f 3236/3/3 3235/3/3 3234/3/3
f 3237/3/3 3235/3/3 3236/3/3
f 3240/3/3 3239/3/3 3238/3/3
f 3241/3/3 3239/3/3 3240/3/3
f 3244/3/3 3243/3/3 3242/3/3
f 3245/3/3 3243/3/3 3244/3/3
f 3248/3/3 3247/3/3 3246/3/3
f 3249/3/3 3247/3/3 3248/3/3
f 3252/3/3 3251/3/3 3250/3/3
f 3253/3/3 3251/3/3 3252/3/3
f 3256/3/3 3255/3/3 3254/3/3
f 3257/3/3 3255/3/3 3256/3/3
f 3260/5/3 3259/5/3 3258/5/3
f 3261/5/3 3259/5/3 3260/5/3
f 3264/3/3 3263/3/3 3262/3/3
f 3265/3/3 3263/3/3 3264/3/3
f 3269/3/3 3267/3/3 3266/3/3
f 3270/3/3 3267/3/3 3269/3/3
f 3271/3/3 3269/3/3 3268/3/3
f 3272/3/3 3269/3/3 3271/3/3
f 3275/3/3 3274/3/3 3273/3/3
f 3276/3/3 3274/3/3 3275/3/3
f 3280/3/3 3278/3/3 3277/3/3
f 3281/3/3 3278/3/3 3280/3/3
f 3282/3/3 3280/3/3 3279/3/3
f 3283/3/3 3280/3/3 3282/3/3
f 3286/5/3 3285/5/3 3284/5/3
f 3287/5/3 3285/5/3 3286/5/3
f 3290/5/3 3289/5/3 3288/5/3
f 3291/5/3 3289/5/3 3290/5/3
f 3294/3/3 3293/3/3 3292/3/3
f 3295/3/3 3293/3/3 3294/3/3
f 3298/3/3 3297/3/3 3296/3/3
f 3299/3/3 3297/3/3 3298/3/3
f 3302/7/3 3301/7/3 3300/7/3
f 3303/7/3 3301/7/3 3302/7/3
f 3306/7/3 3304/7/3 3303/7/3
f 3307/7/3 3304/7/3 3306/7/3
f 3308/7/3 3306/7/3 3305/7/3
f 3309/7/3 3306/7/3 3308/7/3
f 3312/3/3 3311/3/3 3310/3/3
f 3313/3/3 3311/3/3 3312/3/3
f 3316/3/3 3315/3/3 3314/3/3
f 3317/3/3 3315/3/3 3316/3/3
f 3320/5/3 3319/5/3 3318/5/3
f 3321/5/3 3319/5/3 3320/5/3
f 3326/5/3 3323/5/3 3322/5/3
f 3327/5/3 3323/5/3 3326/5/3
f 3328/1/3 3325/1/3 3324/1/3
f 3329/1/3 3325/1/3 3328/1/3
f 3330/1/3 3328/1/3 3324/1/3
f 3331/1/3 3325/1/3 3329/1/3
f 3332/1/3 3325/1/3 3331/1/3
f 3333/1/3 3330/1/3 3324/1/3
f 3333/1/3 3331/1/3 3330/1/3
f 3334/1/3 3331/1/3 3333/1/3
f 3335/1/3 3325/1/3 3332/1/3
f 3336/1/3 3333/1/3 3324/1/3
f 3337/1/3 3335/1/3 3334/1/3
f 3340/1/3 3336/1/3 3324/1/3
f 3340/1/3 3337/1/3 3336/1/3
f 3341/1/3 3325/1/3 3335/1/3
f 3341/1/3 3337/1/3 3340/1/3
f 3341/1/3 3335/1/3 3337/1/3
f 3342/5/3 3339/5/3 3338/5/3
f 3343/5/3 3339/5/3 3342/5/3
f 3350/1/3 3349/1/3 3348/1/3
f 3351/1/3 3349/1/3 3350/1/3
f 3352/5/3 3345/5/3 3344/5/3
f 3353/5/3 3345/5/3 3352/5/3
f 3354/5/3 3347/5/3 3346/5/3
f 3355/5/3 3347/5/3 3354/5/3
f 3360/5/3 3357/5/3 3356/5/3
f 3361/5/3 3357/5/3 3360/5/3
f 3362/5/3 3359/5/3 3358/5/3
f 3363/5/3 3359/5/3 3362/5/3
f 3366/1/3 3365/1/3 3364/1/3
f 3367/1/3 3365/1/3 3366/1/3
f 3370/1/3 3369/1/3 3368/1/3
f 3371/1/3 3369/1/3 3370/1/3
f 3378/7/3 3375/7/3 3374/7/3
f 3379/7/3 3375/7/3 3378/7/3
f 3381/7/3 3375/7/3 3379/7/3
f 3382/7/3 3373/7/3 3372/7/3
f 3383/7/3 3373/7/3 3382/7/3
f 3385/7/3 3381/7/3 3380/7/3
f 3386/7/3 3375/7/3 3381/7/3
f 3386/7/3 3381/7/3 3385/7/3
f 3388/1/3 3377/1/3 3376/1/3
f 3389/1/3 3388/1/3 3387/1/3
f 3389/1/3 3387/1/3 3386/1/3
f 3389/1/3 3385/1/3 3384/1/3
f 3389/1/3 3386/1/3 3385/1/3
f 3390/1/3 3377/1/3 3388/1/3
f 3390/1/3 3388/1/3 3389/1/3
f 3392/1/3 3377/1/3 3390/1/3
f 3395/1/3 3392/1/3 3391/1/3
f 3396/1/3 3392/1/3 3395/1/3
f 3397/1/3 3392/1/3 3396/1/3
f 3398/1/3 3392/1/3 3397/1/3
f 3399/1/3 3377/1/3 3392/1/3
f 3399/1/3 3392/1/3 3398/1/3
f 3400/7/3 3397/7/3 3396/7/3
f 3401/7/3 3397/7/3 3400/7/3
f 3403/7/3 3397/7/3 3401/7/3
f 3404/7/3 3394/7/3 3393/7/3
f 3405/7/3 3394/7/3 3404/7/3
f 3406/7/3 3403/7/3 3402/7/3
f 3407/7/3 3397/7/3 3403/7/3
f 3407/7/3 3403/7/3 3406/7/3
f 3408/1/3 3377/1/3 3399/1/3
f 3409/1/3 3377/1/3 3408/1/3
f 3414/1/3 3411/1/3 3410/1/3
f 3415/1/3 3411/1/3 3414/1/3
f 3416/1/3 3413/1/3 3412/1/3
f 3417/1/3 3413/1/3 3416/1/3
f 3422/7/3 3419/7/3 3418/7/3
f 3423/7/3 3419/7/3 3422/7/3
f 3424/7/3 3422/7/3 3418/7/3
f 3425/7/3 3419/7/3 3423/7/3
f 3426/7/3 3424/7/3 3418/7/3
f 3426/7/3 3425/7/3 3424/7/3
f 3427/7/3 3425/7/3 3426/7/3
f 3428/7/3 3419/7/3 3425/7/3
f 3428/7/3 3425/7/3 3427/7/3
f 3429/1/3 3421/1/3 3420/1/3
f 3430/1/3 3421/1/3 3429/1/3
f 3434/1/3 3432/1/3 3431/1/3
f 3434/1/3 3433/1/3 3432/1/3
f 3435/1/3 3433/1/3 3434/1/3
f 3436/1/3 3433/1/3 3435/1/3
f 3442/7/3 3438/7/3 3437/7/3
f 3442/7/3 3439/7/3 3438/7/3
f 3443/7/3 3439/7/3 3442/7/3
f 3444/7/3 3442/7/3 3437/7/3
f 3445/7/3 3439/7/3 3443/7/3
f 3446/7/3 3444/7/3 3437/7/3
f 3446/7/3 3445/7/3 3444/7/3
f 3447/7/3 3439/7/3 3445/7/3
f 3447/7/3 3445/7/3 3446/7/3
f 3448/1/3 3441/1/3 3440/1/3
f 3449/1/3 3441/1/3 3448/1/3
f 3452/1/3 3451/1/3 3450/1/3
f 3453/1/3 3451/1/3 3452/1/3
f 3456/1/3 3455/1/3 3454/1/3
f 3457/1/3 3455/1/3 3456/1/3
f 3460/1/3 3459/1/3 3458/1/3
f 3461/1/3 3459/1/3 3460/1/3
f 3464/1/3 3463/1/3 3462/1/3
f 3465/1/3 3463/1/3 3464/1/3
f 3470/1/3 3469/1/3 3468/1/3
f 3471/1/3 3469/1/3 3470/1/3
f 3472/1/3 3467/1/3 3466/1/3
f 3473/1/3 3467/1/3 3472/1/3
f 3476/1/3 3475/1/3 3474/1/3
f 3477/1/3 3475/1/3 3476/1/3
f 3480/1/3 3479/1/3 3478/1/3
f 3481/1/3 3479/1/3 3480/1/3
f 3486/1/3 3483/1/3 3482/1/3
f 3487/1/3 3483/1/3 3486/1/3
f 3488/1/3 3485/1/3 3484/1/3
f 3489/1/3 3485/1/3 3488/1/3
f 3492/1/3 3491/1/3 3490/1/3
f 3493/1/3 3491/1/3 3492/1/3
f 3494/1/3 3492/1/3 3490/1/3
f 3496/1/3 3494/1/3 3490/1/3
f 3496/1/3 3495/1/3 3494/1/3
f 3497/1/3 3495/1/3 3496/1/3
f 3500/1/3 3499/1/3 3498/1/3
f 3501/1/3 3499/1/3 3500/1/3
f 3502/1/3 3500/1/3 3498/1/3
f 3504/1/3 3502/1/3 3498/1/3
f 3504/1/3 3503/1/3 3502/1/3
f 3505/1/3 3503/1/3 3504/1/3
f 3506/1/4 3507/1/4 3508/1/4
f 3508/1/4 3507/1/4 3509/1/4
f 3510/1/4 3511/1/4 3512/1/4
f 3512/1/4 3511/1/4 3513/1/4
f 3516/6/4 3517/6/4 3518/6/4
f 3518/6/4 3517/6/4 3519/6/4
f 3514/1/4 3515/1/4 3520/1/4
f 3520/1/4 3515/1/4 3521/1/4
f 3524/6/4 3525/6/4 3526/6/4
f 3526/6/4 3525/6/4 3527/6/4
f 3522/1/4 3523/1/4 3528/1/4
f 3528/1/4 3523/1/4 3529/1/4
f 3530/1/4 3531/1/4 3532/1/4
f 3532/1/4 3531/1/4 3533/1/4
f 3534/1/4 3535/1/4 3536/1/4
f 3536/1/4 3535/1/4 3537/1/4
f 3538/7/4 3539/7/4 3542/7/4
f 3542/7/4 3539/7/4 3543/7/4
f 3538/7/4 3542/7/4 3544/7/4
f 3543/7/4 3539/7/4 3545/7/4
f 3538/7/4 3544/7/4 3546/7/4
f 3544/7/4 3545/7/4 3546/7/4
f 3545/7/4 3539/7/4 3547/7/4
f 3546/7/4 3545/7/4 3547/7/4
f 3540/1/4 3541/1/4 3548/1/4
f 3548/1/4 3541/1/4 3549/1/4
f 3550/7/4 3551/7/4 3554/7/4
f 3554/7/4 3551/7/4 3555/7/4
f 3550/7/4 3554/7/4 3556/7/4
f 3555/7/4 3551/7/4 3557/7/4
f 3550/7/4 3556/7/4 3558/7/4
f 3556/7/4 3557/7/4 3558/7/4
f 3557/7/4 3551/7/4 3559/7/4
f 3558/7/4 3557/7/4 3559/7/4
f 3552/1/4 3553/1/4 3560/1/4
f 3560/1/4 3553/1/4 3561/1/4
f 3564/3/4 3565/3/4 3569/3/4
f 3565/6/4 3566/6/4 3570/6/4
f 3569/3/4 3565/3/4 3570/3/4
f 3566/3/4 3567/3/4 3571/3/4
f 3570/6/4 3566/6/4 3571/6/4
f 3571/3/4 3567/3/4 3572/3/4
f 3568/3/4 3569/3/4 3573/3/4
f 3573/3/4 3569/3/4 3574/3/4
f 3574/3/4 3575/3/4 3576/3/4
f 3576/3/4 3575/3/4 3577/3/4
f 3577/3/4 3575/3/4 3579/3/4
f 3578/3/4 3579/3/4 3581/3/4
f 3579/3/4 3575/3/4 3582/3/4
f 3581/3/4 3579/3/4 3582/3/4
f 3580/3/4 3581/3/4 3583/3/4
f 3583/3/4 3581/3/4 3584/3/4
f 3584/3/4 3585/3/4 3588/3/4
f 3588/3/4 3585/3/4 3589/3/4
f 3589/3/4 3585/3/4 3590/3/4
f 3586/3/4 3587/3/4 3591/3/4
f 3591/3/4 3587/3/4 3592/3/4
f 3562/1/4 3563/1/4 3593/1/4
f 3593/1/4 3563/1/4 3594/1/4
f 3597/3/4 3598/3/4 3603/3/4
f 3598/3/4 3599/3/4 3603/3/4
f 3603/3/4 3599/3/4 3604/3/4
f 3600/3/4 3601/3/4 3605/3/4
f 3605/3/4 3601/3/4 3606/3/4
f 3602/3/4 3603/3/4 3607/3/4
f 3607/3/4 3603/3/4 3608/3/4
f 3608/3/4 3609/3/4 3610/3/4
f 3610/3/4 3609/3/4 3611/3/4
f 3611/3/4 3609/3/4 3613/3/4
f 3612/3/4 3613/3/4 3615/3/4
f 3613/3/4 3609/3/4 3616/3/4
f 3615/3/4 3613/3/4 3616/3/4
f 3614/3/4 3615/3/4 3617/3/4
f 3617/3/4 3615/3/4 3618/3/4
f 3618/3/4 3619/3/4 3620/3/4
f 3620/3/4 3619/3/4 3621/3/4
f 3621/3/4 3619/3/4 3622/3/4
f 3622/3/4 3619/3/4 3623/3/4
f 3595/1/4 3596/1/4 3624/1/4
f 3624/1/4 3596/1/4 3625/1/4
f 3630/1/4 3631/1/4 3632/1/4
f 3632/1/4 3631/1/4 3633/1/4
f 3628/7/4 3629/7/4 3636/7/4
f 3634/3/4 3635/3/4 3637/3/4
f 3637/3/4 3635/3/4 3638/3/4
f 3636/7/4 3629/7/4 3639/7/4
f 3639/7/4 3629/7/4 3640/7/4
f 3640/7/4 3629/7/4 3642/7/4
f 3643/3/4 3644/3/4 3645/3/4
f 3645/3/4 3644/3/4 3646/3/4
f 3626/7/4 3627/7/4 3647/7/4
f 3647/7/4 3627/7/4 3648/7/4
f 3641/7/4 3642/7/4 3649/7/4
f 3642/7/4 3629/7/4 3650/7/4
f 3649/7/4 3642/7/4 3650/7/4
f 3651/3/4 3652/3/4 3653/3/4
f 3653/3/4 3652/3/4 3654/3/4
f 3655/3/4 3656/3/4 3657/3/4
f 3657/3/4 3656/3/4 3658/3/4
f 3661/7/4 3662/7/4 3665/7/4
f 3665/7/4 3662/7/4 3666/7/4
f 3663/3/4 3664/3/4 3667/3/4
f 3667/3/4 3664/3/4 3668/3/4
f 3666/7/4 3662/7/4 3670/7/4
f 3669/7/4 3670/7/4 3671/7/4
f 3672/3/4 3673/3/4 3674/3/4
f 3674/3/4 3673/3/4 3675/3/4
f 3659/7/4 3660/7/4 3678/7/4
f 3678/7/4 3660/7/4 3679/7/4
f 3671/7/4 3670/7/4 3680/7/4
f 3670/7/4 3662/7/4 3681/7/4
f 3680/7/4 3670/7/4 3681/7/4
f 3676/1/4 3677/1/4 3682/1/4
f 3682/1/4 3677/1/4 3683/1/4
f 3684/1/4 3685/1/4 3687/1/4
f 3685/1/4 3686/1/4 3687/1/4
f 3687/1/4 3686/1/4 3688/1/4
f 3688/1/4 3686/1/4 3689/1/4
f 3694/2/4 3695/2/4 3696/2/4
f 3696/2/4 3695/2/4 3697/2/4
f 3698/2/4 3699/2/4 3700/2/4
f 3700/2/4 3699/2/4 3701/2/4
f 3692/1/4 3693/1/4 3702/1/4
f 3702/1/4 3693/1/4 3703/1/4
f 3690/1/4 3691/1/4 3704/1/4
f 3704/1/4 3691/1/4 3705/1/4
f 3706/6/4 3707/6/4 3709/6/4
f 3709/6/4 3707/6/4 3710/6/4
f 3708/6/4 3709/6/4 3712/6/4
f 3708/6/4 3712/6/4 3713/6/4
f 3713/6/4 3712/6/4 3714/6/4
f 3710/6/4 3711/6/4 3715/6/4
f 3715/6/4 3711/6/4 3716/6/4
f 3717/6/4 3718/6/4 3721/6/4
f 3721/6/4 3718/6/4 3722/6/4
f 3719/6/4 3720/6/4 3723/6/4
f 3723/6/4 3720/6/4 3724/6/4
f 3725/1/4 3726/1/4 3729/1/4
f 3729/1/4 3726/1/4 3730/1/4
f 3727/1/4 3728/1/4 3731/1/4
f 3731/1/4 3728/1/4 3732/1/4
f 3733/6/4 3734/6/4 3737/6/4
f 3737/6/4 3734/6/4 3738/6/4
f 3735/6/4 3736/6/4 3739/6/4
f 3739/6/4 3736/6/4 3740/6/4
f 3741/6/4 3742/6/4 3745/6/4
f 3745/6/4 3742/6/4 3746/6/4
f 3743/6/4 3744/6/4 3747/6/4
f 3747/6/4 3744/6/4 3748/6/4
f 3746/6/4 3747/6/4 3749/6/4
f 3749/6/4 3747/6/4 3750/6/4
f 3751/6/4 3752/6/4 3753/6/4
f 3753/6/4 3752/6/4 3754/6/4
f 3754/6/4 3752/6/4 3755/6/4
f 3754/6/4 3755/6/4 3759/6/4
f 3755/6/4 3756/6/4 3759/6/4
f 3759/6/4 3756/6/4 3760/6/4
f 3757/6/4 3758/6/4 3762/6/4
f 3757/6/4 3762/6/4 3763/6/4
f 3763/6/4 3762/6/4 3764/6/4
f 3760/6/4 3761/6/4 3765/6/4
f 3765/6/4 3761/6/4 3766/6/4
f 3767/6/4 3768/6/4 3771/6/4
f 3771/6/4 3768/6/4 3772/6/4
f 3769/6/4 3770/6/4 3774/6/4
f 3774/6/4 3770/6/4 3775/6/4
f 3773/6/4 3774/6/4 3776/6/4
f 3776/6/4 3774/6/4 3777/6/4
f 3773/6/4 3776/6/4 3779/6/4
f 3778/6/4 3779/6/4 3780/6/4
f 3779/6/4 3776/6/4 3781/6/4
f 3780/6/4 3779/6/4 3781/6/4
f 3782/1/4 3783/1/4 3786/1/4
f 3786/1/4 3783/1/4 3787/1/4
f 3784/6/4 3785/6/4 3788/6/4
f 3786/6/4 3787/6/4 3789/6/4
f 3789/6/4 3787/6/4 3790/6/4
f 3788/6/4 3785/6/4 3791/6/4
f 3791/6/4 3785/6/4 3792/6/4
f 3793/2/4 3794/2/4 3795/2/4
f 3795/2/4 3794/2/4 3796/2/4
f 3797/3/4 3798/3/4 3799/3/4
f 3799/3/4 3798/3/4 3800/3/4
f 3801/3/4 3802/3/4 3803/3/4
f 3803/3/4 3802/3/4 3804/3/4
f 3805/2/4 3806/2/4 3807/2/4
f 3807/2/4 3806/2/4 3808/2/4
f 3809/6/4 3810/6/4 3813/6/4
f 3813/6/4 3810/6/4 3814/6/4
f 3811/6/4 3812/6/4 3815/6/4
f 3815/6/4 3812/6/4 3816/6/4
f 3817/1/4 3818/1/4 3819/1/4
f 3819/1/4 3818/1/4 3820/1/4
f 3819/6/4 3820/6/4 3821/6/4
f 3821/6/4 3820/6/4 3822/6/4
f 3823/3/4 3824/3/4 3825/3/4
f 3825/3/4 3824/3/4 3826/3/4
f 3827/3/4 3828/3/4 3829/3/4
f 3829/3/4 3828/3/4 3830/3/4
f 3831/6/4 3832/6/4 3833/6/4
f 3833/6/4 3832/6/4 3834/6/4
f 3835/3/4 3836/3/4 3837/3/4
f 3837/3/4 3836/3/4 3838/3/4
f 3839/2/4 3840/2/4 3841/2/4
f 3841/2/4 3840/2/4 3842/2/4
f 3843/2/4 3844/2/4 3845/2/4
f 3845/2/4 3844/2/4 3846/2/4
f 3847/5/4 3848/5/4 3851/5/4
f 3851/5/4 3848/5/4 3852/5/4
f 3849/5/4 3850/5/4 3853/5/4
f 3853/5/4 3850/5/4 3854/5/4
f 3855/2/4 3856/2/4 3857/2/4
f 3857/2/4 3856/2/4 3858/2/4
f 3859/2/4 3860/2/4 3861/2/4
f 3861/2/4 3860/2/4 3862/2/4
f 3863/5/4 3864/5/4 3867/5/4
f 3867/5/4 3864/5/4 3868/5/4
f 3865/5/4 3866/5/4 3869/5/4
f 3869/5/4 3866/5/4 3870/5/4
f 3871/5/4 3872/5/4 3875/5/4
f 3875/5/4 3872/5/4 3876/5/4
f 3873/5/4 3874/5/4 3877/5/4
f 3877/5/4 3874/5/4 3878/5/4
f 3879/2/4 3880/2/4 3881/2/4
f 3881/2/4 3880/2/4 3882/2/4
f 3883/5/4 3884/5/4 3887/5/4
f 3887/5/4 3884/5/4 3888/5/4
f 3885/5/4 3886/5/4 3889/5/4
f 3889/5/4 3886/5/4 3890/5/4
f 3891/5/4 3892/5/4 3895/5/4
f 3895/5/4 3892/5/4 3896/5/4
f 3893/5/4 3894/5/4 3897/5/4
f 3897/5/4 3894/5/4 3898/5/4
f 3899/5/4 3900/5/4 3903/5/4
f 3903/5/4 3900/5/4 3904/5/4
f 3901/5/4 3902/5/4 3905/5/4
f 3905/5/4 3902/5/4 3906/5/4
f 3907/5/4 3908/5/4 3911/5/4
f 3911/5/4 3908/5/4 3912/5/4
f 3909/5/4 3910/5/4 3913/5/4
f 3913/5/4 3910/5/4 3914/5/4
f 3915/5/4 3916/5/4 3919/5/4
f 3919/5/4 3916/5/4 3920/5/4
f 3917/5/4 3918/5/4 3921/5/4
f 3921/5/4 3918/5/4 3922/5/4
f 3923/5/4 3924/5/4 3927/5/4
f 3927/5/4 3924/5/4 3928/5/4
f 3925/5/4 3926/5/4 3929/5/4
f 3929/5/4 3926/5/4 3930/5/4
f 3931/5/4 3932/5/4 3935/5/4
f 3935/5/4 3932/5/4 3936/5/4
f 3933/5/4 3934/5/4 3937/5/4
f 3937/5/4 3934/5/4 3938/5/4
f 3939/5/4 3940/5/4 3943/5/4
f 3943/5/4 3940/5/4 3944/5/4
f 3941/5/4 3942/5/4 3945/5/4
f 3945/5/4 3942/5/4 3946/5/4
f 3947/5/4 3948/5/4 3951/5/4
f 3951/5/4 3948/5/4 3952/5/4
f 3949/5/4 3950/5/4 3953/5/4
f 3953/5/4 3950/5/4 3954/5/4
f 3955/5/4 3956/5/4 3959/5/4
f 3959/5/4 3956/5/4 3960/5/4
f 3957/5/4 3958/5/4 3961/5/4
f 3961/5/4 3958/5/4 3962/5/4
f 3963/5/4 3964/5/4 3967/5/4
f 3967/5/4 3964/5/4 3968/5/4
f 3965/5/4 3966/5/4 3969/5/4
f 3969/5/4 3966/5/4 3970/5/4
f 3971/5/4 3972/5/4 3975/5/4
f 3975/5/4 3972/5/4 3976/5/4
f 3973/5/4 3974/5/4 3977/5/4
f 3977/5/4 3974/5/4 3978/5/4
f 3979/5/4 3980/5/4 3983/5/4
f 3983/5/4 3980/5/4 3984/5/4
f 3981/5/4 3982/5/4 3985/5/4
f 3985/5/4 3982/5/4 3986/5/4
f 3987/5/4 3988/5/4 3991/5/4
f 3991/5/4 3988/5/4 3992/5/4
f 3989/5/4 3990/5/4 3993/5/4
f 3993/5/4 3990/5/4 3994/5/4
f 3995/5/4 3996/5/4 3999/5/4
f 3999/5/4 3996/5/4 4000/5/4
f 3997/5/4 3998/5/4 4001/5/4
f 4001/5/4 3998/5/4 4002/5/4
f 4003/1/4 4004/1/4 4005/1/4
f 4005/1/4 4004/1/4 4006/1/4
f 4007/5/4 4008/5/4 4011/5/4
f 4011/5/4 4008/5/4 4012/5/4
f 4009/5/4 4010/5/4 4013/5/4
f 4013/5/4 4010/5/4 4014/5/4
f 4015/5/4 4016/5/4 4019/5/4
f 4019/5/4 4016/5/4 4020/5/4
f 4017/5/4 4018/5/4 4021/5/4
f 4021/5/4 4018/5/4 4022/5/4
f 4023/5/4 4024/5/4 4027/5/4
f 4027/5/4 4024/5/4 4028/5/4
f 4025/5/4 4026/5/4 4029/5/4
f 4029/5/4 4026/5/4 4030/5/4
f 4031/5/4 4032/5/4 4035/5/4
f 4035/5/4 4032/5/4 4036/5/4
f 4033/5/4 4034/5/4 4037/5/4
f 4037/5/4 4034/5/4 4038/5/4
f 4039/5/4 4040/5/4 4043/5/4
f 4043/5/4 4040/5/4 4044/5/4
f 4041/5/4 4042/5/4 4045/5/4
f 4045/5/4 4042/5/4 4046/5/4
f 4047/5/4 4048/5/4 4051/5/4
f 4051/5/4 4048/5/4 4052/5/4
f 4049/5/4 4050/5/4 4053/5/4
f 4053/5/4 4050/5/4 4054/5/4
f 4055/5/4 4056/5/4 4059/5/4
f 4059/5/4 4056/5/4 4060/5/4
f 4057/5/4 4058/5/4 4061/5/4
f 4061/5/4 4058/5/4 4062/5/4
f 4063/5/4 4064/5/4 4067/5/4
f 4067/5/4 4064/5/4 4068/5/4
f 4065/5/4 4066/5/4 4069/5/4
f 4069/5/4 4066/5/4 4070/5/4
f 4071/5/4 4072/5/4 4075/5/4
f 4075/5/4 4072/5/4 4076/5/4
f 4073/5/4 4074/5/4 4077/5/4
f 4077/5/4 4074/5/4 4078/5/4
f 4079/5/4 4080/5/4 4083/5/4
f 4083/5/4 4080/5/4 4084/5/4
f 4081/5/4 4082/5/4 4085/5/4
f 4085/5/4 4082/5/4 4086/5/4
f 4087/5/4 4088/5/4 4091/5/4
f 4091/5/4 4088/5/4 4092/5/4
f 4089/5/4 4090/5/4 4093/5/4
f 4093/5/4 4090/5/4 4094/5/4
f 4095/5/4 4096/5/4 4099/5/4
f 4099/5/4 4096/5/4 4100/5/4
f 4097/5/4 4098/5/4 4101/5/4
f 4101/5/4 4098/5/4 4102/5/4
f 4103/5/4 4104/5/4 4107/5/4
f 4107/5/4 4104/5/4 4108/5/4
f 4105/5/4 4106/5/4 4109/5/4
f 4109/5/4 4106/5/4 4110/5/4
f 4111/5/4 4112/5/4 4115/5/4
f 4115/5/4 4112/5/4 4116/5/4
f 4113/5/4 4114/5/4 4117/5/4
f 4117/5/4 4114/5/4 4118/5/4
f 4119/5/4 4120/5/4 4123/5/4
f 4123/5/4 4120/5/4 4124/5/4
f 4121/5/4 4122/5/4 4125/5/4
f 4125/5/4 4122/5/4 4126/5/4
f 4127/5/4 4128/5/4 4131/5/4
f 4131/5/4 4128/5/4 4132/5/4
f 4129/5/4 4130/5/4 4133/5/4
f 4133/5/4 4130/5/4 4134/5/4
f 4135/5/4 4136/5/4 4139/5/4
f 4139/5/4 4136/5/4 4140/5/4
f 4137/5/4 4138/5/4 4141/5/4
f 4141/5/4 4138/5/4 4142/5/4
f 4143/5/4 4144/5/4 4147/5/4
f 4147/5/4 4144/5/4 4148/5/4
f 4145/5/4 4146/5/4 4149/5/4
f 4149/5/4 4146/5/4 4150/5/4
f 4151/5/4 4152/5/4 4155/5/4
f 4155/5/4 4152/5/4 4156/5/4
f 4153/5/4 4154/5/4 4157/5/4
f 4157/5/4 4154/5/4 4158/5/4
f 4159/5/4 4160/5/4 4163/5/4
f 4163/5/4 4160/5/4 4164/5/4
f 4161/5/4 4162/5/4 4165/5/4
f 4165/5/4 4162/5/4 4166/5/4
f 4167/5/4 4168/5/4 4171/5/4
f 4171/5/4 4168/5/4 4172/5/4
f 4169/5/4 4170/5/4 4173/5/4
f 4173/5/4 4170/5/4 4174/5/4
f 4175/5/4 4176/5/4 4179/5/4
f 4179/5/4 4176/5/4 4180/5/4
f 4177/5/4 4178/5/4 4181/5/4
f 4181/5/4 4178/5/4 4182/5/4
f 4183/5/4 4184/5/4 4187/5/4
f 4187/5/4 4184/5/4 4188/5/4
f 4185/5/4 4186/5/4 4189/5/4
f 4189/5/4 4186/5/4 4190/5/4
f 4191/5/4 4192/5/4 4195/5/4
f 4195/5/4 4192/5/4 4196/5/4
f 4193/5/4 4194/5/4 4197/5/4
f 4197/5/4 4194/5/4 4198/5/4
f 4199/5/4 4200/5/4 4201/5/4
f 4201/5/4 4200/5/4 4202/5/4
f 4203/5/4 4204/5/4 4205/5/4
f 4205/5/4 4204/5/4 4206/5/4
f 4207/5/4 4208/5/4 4211/5/4
f 4211/5/4 4208/5/4 4212/5/4
f 4209/5/4 4210/5/4 4213/5/4
f 4213/5/4 4210/5/4 4214/5/4
f 4215/5/4 4216/5/4 4219/5/4
f 4219/5/4 4216/5/4 4220/5/4
f 4217/5/4 4218/5/4 4221/5/4
f 4221/5/4 4218/5/4 4222/5/4
f 4223/5/4 4224/5/4 4225/5/4
f 4225/5/4 4224/5/4 4226/5/4
f 4227/5/4 4228/5/4 4229/5/4
f 4229/5/4 4228/5/4 4230/5/4
f 4231/5/4 4232/5/4 4233/5/4
f 4233/5/4 4232/5/4 4234/5/4
f 4235/5/4 4236/5/4 4237/5/4
f 4237/5/4 4236/5/4 4238/5/4
f 4239/5/4 4240/5/4 4241/5/4
f 4241/5/4 4240/5/4 4242/5/4
f 4243/3/4 4244/3/4 4245/3/4
f 4245/3/4 4244/3/4 4246/3/4
f 4247/3/4 4248/3/4 4249/3/4
f 4249/3/4 4248/3/4 4250/3/4
f 4251/3/4 4252/3/4 4253/3/4
f 4253/3/4 4252/3/4 4254/3/4
f 4255/3/4 4256/3/4 4257/3/4
f 4257/3/4 4256/3/4 4258/3/4
f 4259/3/4 4260/3/4 4261/3/4
f 4261/3/4 4260/3/4 4262/3/4
f 4263/3/4 4264/3/4 4265/3/4
f 4265/3/4 4264/3/4 4266/3/4
f 4267/5/4 4268/5/4 4269/5/4
f 4269/5/4 4268/5/4 4270/5/4
f 4271/3/4 4272/3/4 4273/3/4
f 4273/3/4 4272/3/4 4274/3/4
f 4275/3/4 4276/3/4 4278/3/4
f 4276/3/4 4277/3/4 4278/3/4
f 4278/3/4 4277/3/4 4279/3/4
f 4280/3/4 4281/3/4 4282/3/4
f 4282/3/4 4281/3/4 4283/3/4
f 4284/3/4 4285/3/4 4287/3/4
f 4285/3/4 4286/3/4 4287/3/4
f 4287/3/4 4286/3/4 4288/3/4
f 4289/1/4 4290/1/4 4291/1/4
f 4291/1/4 4290/1/4 4292/1/4
f 4292/1/4 4293/1/4 4294/1/4
f 4294/1/4 4293/1/4 4295/1/4
f 4295/1/4 4293/1/4 4296/1/4
f 4296/1/4 4297/1/4 4298/1/4
f 4298/1/4 4299/1/4 4300/1/4
f 4298/1/4 4300/1/4 4302/1/4
f 4300/3/4 4301/3/4 4302/3/4
f 4302/3/4 4301/3/4 4303/3/4
f 4296/1/4 4298/1/4 4304/1/4
f 4298/1/4 4302/1/4 4304/1/4
f 4304/1/4 4302/1/4 4305/1/4
f 4305/1/4 4302/1/4 4306/1/4
f 4306/1/4 4302/1/4 4307/1/4
f 4308/1/4 4309/1/4 4310/1/4
f 4310/1/4 4309/1/4 4311/1/4
f 4307/1/4 4302/1/4 4313/1/4
f 4312/1/4 4313/1/4 4315/1/4
f 4314/1/4 4315/1/4 4316/1/4
f 4313/1/4 4302/1/4 4317/1/4
f 4316/1/4 4315/1/4 4317/1/4
f 4315/1/4 4313/1/4 4317/1/4
f 4314/1/4 4316/1/4 4318/1/4
f 4318/1/4 4316/1/4 4319/1/4
f 4317/1/4 4302/1/4 4320/1/4
f 4320/1/4 4302/1/4 4321/1/4
f 4322/1/4 4323/1/4 4324/1/4
f 4324/1/4 4323/1/4 4325/1/4
f 4322/1/4 4324/1/4 4326/1/4
f 4325/1/4 4323/1/4 4327/1/4
f 4322/1/4 4326/1/4 4328/1/4
f 4326/1/4 4327/1/4 4328/1/4
f 4327/1/4 4323/1/4 4329/1/4
f 4328/1/4 4327/1/4 4329/1/4
f 4321/1/4 4302/1/4 4333/1/4
f 4330/1/4 4331/1/4 4334/1/4
f 4332/1/4 4333/1/4 4335/1/4
f 4333/1/4 4302/1/4 4336/1/4
f 4335/1/4 4333/1/4 4336/1/4
f 4334/1/4 4335/1/4 4338/1/4
f 4336/3/4 4337/3/4 4338/3/4
f 4335/1/4 4336/1/4 4338/1/4
f 4338/3/4 4337/3/4 4339/3/4
f 4330/1/4 4334/1/4 4340/1/4
f 4334/1/4 4338/1/4 4340/1/4
f 4340/1/4 4338/1/4 4341/1/4
f 4330/1/4 4340/1/4 4343/1/4
f 4343/1/4 4340/1/4 4344/1/4
f 4342/1/4 4343/1/4 4346/1/4
f 4346/1/4 4343/1/4 4347/1/4
f 4345/1/4 4346/1/4 4349/1/4
f 4349/1/4 4346/1/4 4350/1/4
f 4348/1/4 4349/1/4 4351/1/4
f 4351/1/4 4349/1/4 4352/1/4
f 4357/5/4 4358/5/4 4361/5/4
f 4361/5/4 4358/5/4 4362/5/4
f 4359/5/4 4360/5/4 4363/5/4
f 4363/5/4 4360/5/4 4364/5/4
f 4353/7/4 4354/7/4 4365/7/4
f 4365/7/4 4354/7/4 4366/7/4
f 4355/7/4 4356/7/4 4367/7/4
f 4367/7/4 4356/7/4 4368/7/4
f 4369/3/4 4370/3/4 4371/3/4
f 4369/3/4 4371/3/4 4373/3/4
f 4371/3/4 4372/3/4 4373/3/4
f 4373/3/4 4372/3/4 4374/3/4
f 4369/3/4 4373/3/4 4375/3/4
f 4374/3/4 4372/3/4 4376/3/4
f 4376/3/4 4372/3/4 4377/3/4
f 4375/3/4 4376/3/4 4377/3/4
f 4377/3/4 4372/3/4 4378/3/4
f 4369/3/4 4375/3/4 4379/3/4
f 4375/3/4 4377/3/4 4379/3/4
f 4379/3/4 4377/3/4 4380/3/4
f 4381/3/4 4382/3/4 4384/3/4
f 4384/3/4 4382/3/4 4385/3/4
f 4385/3/4 4382/3/4 4386/3/4
f 4386/3/4 4382/3/4 4387/3/4
f 4383/3/4 4384/3/4 4389/3/4
f 4384/3/4 4385/3/4 4389/3/4
f 4389/3/4 4385/3/4 4390/3/4
f 4387/3/4 4388/3/4 4391/3/4
f 4386/3/4 4387/3/4 4391/3/4
f 4391/3/4 4388/3/4 4392/3/4
f 4383/3/4 4389/3/4 4393/3/4
f 4392/3/4 4388/3/4 4396/3/4
f 4393/3/4 4394/3/4 4397/3/4
f 4383/3/4 4393/3/4 4397/3/4
f 4397/3/4 4394/3/4 4398/3/4
f 4398/3/4 4394/3/4 4399/3/4
f 4395/3/4 4396/3/4 4400/3/4
f 4396/3/4 4388/3/4 4401/3/4
f 4400/3/4 4396/3/4 4401/3/4
f 4401/3/4 4388/3/4 4402/3/4
f 4398/3/4 4399/3/4 4403/3/4
f 4399/3/4 4400/3/4 4403/3/4
f 4400/3/4 4401/3/4 4403/3/4
f 4403/3/4 4401/3/4 4404/3/4
f 4409/5/4 4410/5/4 4413/5/4
f 4413/5/4 4410/5/4 4414/5/4
f 4411/5/4 4412/5/4 4415/5/4
f 4415/5/4 4412/5/4 4416/5/4
f 4405/7/4 4406/7/4 4417/7/4
f 4417/7/4 4406/7/4 4418/7/4
f 4407/7/4 4408/7/4 4419/7/4
f 4419/7/4 4408/7/4 4420/7/4
f 4427/5/4 4428/5/4 4429/5/4
f 4429/5/4 4428/5/4 4430/5/4
f 4421/7/4 4422/7/4 4431/7/4
f 4431/7/4 4422/7/4 4432/7/4
f 4423/7/4 4424/7/4 4433/7/4
f 4433/7/4 4424/7/4 4434/7/4
f 4435/3/4 4436/3/4 4438/3/4
f 4438/3/4 4436/3/4 4439/3/4
f 4437/3/4 4438/3/4 4441/3/4
f 4441/3/4 4438/3/4 4442/3/4
f 4439/3/4 4440/3/4 4443/3/4
f 4443/3/4 4440/3/4 4444/3/4
f 4442/3/4 4443/3/4 4445/3/4
f 4445/3/4 4443/3/4 4446/3/4
f 4451/5/4 4452/5/4 4453/5/4
f 4453/5/4 4452/5/4 4454/5/4
f 4447/7/4 4448/7/4 4455/7/4
f 4455/7/4 4448/7/4 4456/7/4
f 4449/7/4 4450/7/4 4457/7/4
f 4457/7/4 4450/7/4 4458/7/4
f 4425/1/4 4426/1/4 4459/1/4
f 4459/1/4 4426/1/4 4460/1/4
f 4465/5/4 4466/5/4 4469/5/4
f 4469/5/4 4466/5/4 4470/5/4
f 4467/5/4 4468/5/4 4471/5/4
f 4471/5/4 4468/5/4 4472/5/4
f 4461/7/4 4462/7/4 4473/7/4
f 4473/7/4 4462/7/4 4474/7/4
f 4463/7/4 4464/7/4 4475/7/4
f 4475/7/4 4464/7/4 4476/7/4
f 4481/5/4 4482/5/4 4485/5/4
f 4485/5/4 4482/5/4 4486/5/4
f 4483/5/4 4484/5/4 4487/5/4
f 4487/5/4 4484/5/4 4488/5/4
f 4477/7/4 4478/7/4 4489/7/4
f 4489/7/4 4478/7/4 4490/7/4
f 4479/7/4 4480/7/4 4491/7/4
f 4491/7/4 4480/7/4 4492/7/4
f 4493/7/4 4494/7/4 4499/7/4
f 4499/7/4 4494/7/4 4500/7/4
f 4495/7/4 4496/7/4 4501/7/4
f 4501/7/4 4496/7/4 4502/7/4
f 4503/3/4 4504/3/4 4505/3/4
f 4505/3/4 4504/3/4 4506/3/4
f 4507/7/4 4508/7/4 4511/7/4
f 4511/7/4 4508/7/4 4512/7/4
f 4509/7/4 4510/7/4 4513/7/4
f 4513/7/4 4510/7/4 4514/7/4
f 4497/1/4 4498/1/4 4515/1/4
f 4515/1/4 4498/1/4 4516/1/4
f 4517/7/4 4518/7/4 4521/7/4
f 4521/7/4 4518/7/4 4522/7/4
f 4519/7/4 4520/7/4 4523/7/4
f 4523/7/4 4520/7/4 4524/7/4
f 4525/3/4 4526/3/4 4527/3/4
f 4527/3/4 4526/3/4 4528/3/4
f 4529/7/4 4530/7/4 4533/7/4
f 4533/7/4 4530/7/4 4534/7/4
f 4531/7/4 4532/7/4 4535/7/4
f 4535/7/4 4532/7/4 4536/7/4
f 4537/7/4 4538/7/4 4541/7/4
f 4541/7/4 4538/7/4 4542/7/4
f 4542/7/4 4538/7/4 4543/7/4
f 4544/3/4 4545/3/4 4548/3/4
f 4548/3/4 4545/3/4 4549/3/4
f 4546/3/4 4547/3/4 4550/3/4
f 4550/3/4 4547/3/4 4551/3/4
f 4552/7/4 4553/7/4 4555/7/4
f 4553/7/4 4554/7/4 4555/7/4
f 4555/7/4 4554/7/4 4556/7/4
f 4539/1/4 4540/1/4 4557/1/4
f 4557/1/4 4540/1/4 4558/1/4
f 4561/1/4 4562/1/4 4565/1/4
f 4561/1/4 4565/1/4 4567/1/4
f 4565/3/4 4566/3/4 4567/3/4
f 4567/3/4 4566/3/4 4568/3/4
f 4561/1/4 4567/1/4 4569/1/4
f 4569/1/4 4567/1/4 4570/1/4
f 4563/3/4 4564/3/4 4571/3/4
f 4571/3/4 4564/3/4 4572/3/4
f 4559/1/4 4560/1/4 4573/1/4
f 4573/1/4 4560/1/4 4574/1/4
f 4575/1/4 4576/1/4 4577/1/4
f 4577/1/4 4576/1/4 4578/1/4
f 4579/3/4 4580/3/4 4583/3/4
f 4583/3/4 4580/3/4 4584/3/4
f 4581/1/4 4582/1/4 4585/1/4
f 4585/1/4 4582/1/4 4586/1/4
f 4587/1/4 4588/1/4 4589/1/4
f 4589/1/4 4588/1/4 4590/1/4
f 4591/1/4 4592/1/4 4593/1/4
f 4593/1/4 4592/1/4 4594/1/4
f 4594/1/4 4592/1/4 4595/1/4
f 4591/1/4 4593/1/4 4597/1/4
f 4595/1/4 4596/1/4 4598/1/4
f 4594/1/4 4595/1/4 4598/1/4
f 4598/1/4 4596/1/4 4599/1/4
f 4599/1/4 4596/1/4 4600/1/4
f 4591/1/4 4597/1/4 4601/1/4
f 4597/1/4 4598/1/4 4601/1/4
f 4598/1/4 4599/1/4 4601/1/4
f 4601/1/4 4599/1/4 4602/1/4
f 4603/1/4 4604/1/4 4605/1/4
f 4605/1/4 4604/1/4 4606/1/4
f 4606/1/4 4604/1/4 4607/1/4
f 4603/1/4 4605/1/4 4609/1/4
f 4606/1/4 4607/1/4 4610/1/4
f 4607/1/4 4608/1/4 4610/1/4
f 4610/1/4 4608/1/4 4611/1/4
f 4611/1/4 4608/1/4 4612/1/4
f 4603/1/4 4609/1/4 4613/1/4
f 4609/1/4 4610/1/4 4613/1/4
f 4610/1/4 4611/1/4 4613/1/4
f 4613/1/4 4611/1/4 4614/1/4
f 4619/7/5 4616/7/5 4615/7/5
f 4620/7/5 4616/7/5 4619/7/5
f 4621/7/5 4618/7/5 4617/7/5
f 4622/7/5 4618/7/5 4621/7/5
f 4627/7/5 4624/7/5 4623/7/5
f 4628/7/5 4624/7/5 4627/7/5
f 4629/7/5 4626/7/5 4625/7/5
f 4630/7/5 4626/7/5 4629/7/5
f 4635/7/5 4632/7/5 4631/7/5
f 4636/7/5 4632/7/5 4635/7/5
f 4637/7/5 4634/7/5 4633/7/5
f 4638/7/5 4634/7/5 4637/7/5
f 4643/7/5 4640/7/5 4639/7/5
f 4644/7/5 4640/7/5 4643/7/5
f 4645/7/5 4642/7/5 4641/7/5
f 4646/7/5 4642/7/5 4645/7/5
f 4651/7/5 4648/7/5 4647/7/5
f 4652/7/5 4648/7/5 4651/7/5
f 4653/7/5 4650/7/5 4649/7/5
f 4654/7/5 4650/7/5 4653/7/5
f 4659/7/5 4656/7/5 4655/7/5
f 4660/7/5 4656/7/5 4659/7/5
f 4661/7/5 4658/7/5 4657/7/5
f 4662/7/5 4658/7/5 4661/7/5
f 4665/1/5 4664/1/5 4663/1/5
f 4666/1/5 4664/1/5 4665/1/5
f 4671/5/5 4668/5/5 4667/5/5
f 4672/5/5 4668/5/5 4671/5/5
f 4673/5/5 4670/5/5 4669/5/5
f 4674/5/5 4670/5/5 4673/5/5
f 4679/5/5 4676/5/5 4675/5/5
f 4680/5/5 4676/5/5 4679/5/5
f 4681/5/5 4678/5/5 4677/5/5
f 4682/5/5 4678/5/5 4681/5/5
f 4687/5/5 4684/5/5 4683/5/5
f 4688/5/5 4684/5/5 4687/5/5
f 4689/5/5 4686/5/5 4685/5/5
f 4690/5/5 4686/5/5 4689/5/5
f 4695/5/5 4692/5/5 4691/5/5
f 4696/5/5 4692/5/5 4695/5/5
f 4697/5/5 4694/5/5 4693/5/5
f 4698/5/5 4694/5/5 4697/5/5
f 4703/5/5 4700/5/5 4699/5/5
f 4704/5/5 4700/5/5 4703/5/5
f 4705/5/5 4702/5/5 4701/5/5
f 4706/5/5 4702/5/5 4705/5/5
f 4711/5/5 4708/5/5 4707/5/5
f 4712/5/5 4708/5/5 4711/5/5
f 4713/5/5 4710/5/5 4709/5/5
f 4714/5/5 4710/5/5 4713/5/5
f 4719/5/5 4716/5/5 4715/5/5
f 4720/5/5 4716/5/5 4719/5/5
f 4721/5/5 4718/5/5 4717/5/5
f 4722/5/5 4718/5/5 4721/5/5
f 4727/5/5 4724/5/5 4723/5/5
f 4728/5/5 4724/5/5 4727/5/5
f 4729/5/5 4726/5/5 4725/5/5
f 4730/5/5 4726/5/5 4729/5/5
f 4737/7/5 4732/7/5 4731/7/5
f 4738/7/5 4732/7/5 4737/7/5
f 4739/1/5 4734/1/5 4733/1/5
f 4740/1/5 4734/1/5 4739/1/5
f 4741/7/5 4736/7/5 4735/7/5
f 4742/7/5 4736/7/5 4741/7/5
f 4743/3/5 4740/3/5 4739/3/5
f 4744/3/5 4740/3/5 4743/3/5
f 4749/7/5 4746/7/5 4745/7/5
f 4750/7/5 4746/7/5 4749/7/5
f 4751/7/5 4748/7/5 4747/7/5
f 4752/7/5 4748/7/5 4751/7/5
f 4755/1/5 4754/1/5 4753/1/5
f 4756/1/5 4754/1/5 4755/1/5
f 4762/5/5 4758/5/5 4757/5/5
f 4763/5/5 4758/5/5 4762/5/5
f 4764/5/5 4760/5/5 4759/5/5
f 4765/5/5 4760/5/5 4764/5/5
f 4767/5/5 4762/5/5 4761/5/5
f 4768/5/5 4762/5/5 4767/5/5
f 4769/5/5 4766/5/5 4765/5/5
f 4770/5/5 4766/5/5 4769/5/5
f 4775/5/5 4772/5/5 4771/5/5
f 4776/5/5 4772/5/5 4775/5/5
f 4779/5/5 4774/5/5 4773/5/5
f 4780/5/5 4774/5/5 4779/5/5
f 4782/5/5 4777/5/5 4776/5/5
f 4783/5/5 4777/5/5 4782/5/5
f 4784/5/5 4779/5/5 4778/5/5
f 4785/5/5 4779/5/5 4784/5/5
f 4787/5/5 4782/5/5 4781/5/5
f 4788/5/5 4782/5/5 4787/5/5
f 4789/5/5 4786/5/5 4785/5/5
f 4790/5/5 4786/5/5 4789/5/5
f 4795/5/5 4792/5/5 4791/5/5
f 4796/5/5 4792/5/5 4795/5/5
f 4799/5/5 4794/5/5 4793/5/5
f 4800/5/5 4794/5/5 4799/5/5
f 4802/5/5 4797/5/5 4796/5/5
f 4803/5/5 4797/5/5 4802/5/5
f 4804/5/5 4799/5/5 4798/5/5
f 4805/5/5 4799/5/5 4804/5/5
f 4807/5/5 4802/5/5 4801/5/5
f 4808/5/5 4802/5/5 4807/5/5
f 4809/5/5 4806/5/5 4805/5/5
f 4810/5/5 4806/5/5 4809/5/5
f 4811/5/5 4806/5/5 4810/5/5
f 4812/5/5 4806/5/5 4811/5/5
f 4817/5/5 4814/5/5 4813/5/5
f 4818/5/5 4814/5/5 4817/5/5
f 4821/5/5 4816/5/5 4815/5/5
f 4822/5/5 4816/5/5 4821/5/5
f 4824/5/5 4819/5/5 4818/5/5
f 4825/5/5 4819/5/5 4824/5/5
f 4826/5/5 4821/5/5 4820/5/5
f 4827/5/5 4821/5/5 4826/5/5
f 4829/5/5 4824/5/5 4823/5/5
f 4830/5/5 4824/5/5 4829/5/5
f 4831/5/5 4828/5/5 4827/5/5
f 4832/5/5 4828/5/5 4831/5/5
f 4837/5/5 4834/5/5 4833/5/5
f 4838/5/5 4834/5/5 4837/5/5
f 4839/5/5 4836/5/5 4835/5/5
f 4840/5/5 4836/5/5 4839/5/5
f 4845/7/5 4842/7/5 4841/7/5
f 4846/7/5 4842/7/5 4845/7/5
f 4847/7/5 4844/7/5 4843/7/5
f 4848/7/5 4844/7/5 4847/7/5
f 4853/7/5 4850/7/5 4849/7/5
f 4854/7/5 4850/7/5 4853/7/5
f 4855/7/5 4852/7/5 4851/7/5
f 4856/7/5 4852/7/5 4855/7/5
f 4861/1/5 4858/1/5 4857/1/5
f 4862/1/5 4858/1/5 4861/1/5
f 4865/6/5 4860/6/5 4859/6/5
f 4866/6/5 4860/6/5 4865/6/5
f 4867/6/5 4864/6/5 4863/6/5
f 4868/6/5 4864/6/5 4867/6/5
f 4873/5/5 4870/5/5 4869/5/5
f 4874/5/5 4870/5/5 4873/5/5
f 4875/5/5 4872/5/5 4871/5/5
f 4876/5/5 4872/5/5 4875/5/5
f 4881/5/5 4878/5/5 4877/5/5
f 4882/5/5 4878/5/5 4881/5/5
f 4885/5/5 4880/5/5 4879/5/5
f 4886/5/5 4880/5/5 4885/5/5
f 4887/5/5 4883/5/5 4882/5/5
f 4888/5/5 4883/5/5 4887/5/5
f 4889/5/5 4885/5/5 4884/5/5
f 4890/5/5 4885/5/5 4889/5/5
f 4896/5/5 4892/5/5 4891/5/5
f 4897/5/5 4892/5/5 4896/5/5
f 4898/5/5 4894/5/5 4893/5/5
f 4899/5/5 4894/5/5 4898/5/5
f 4901/5/5 4896/5/5 4895/5/5
f 4902/5/5 4896/5/5 4901/5/5
f 4905/5/5 4900/5/5 4899/5/5
f 4906/5/5 4900/5/5 4905/5/5
f 4907/5/5 4903/5/5 4902/5/5
f 4908/5/5 4903/5/5 4907/5/5
f 4909/5/5 4905/5/5 4904/5/5
f 4910/5/5 4905/5/5 4909/5/5
f 4916/5/5 4912/5/5 4911/5/5
f 4917/5/5 4912/5/5 4916/5/5
f 4918/5/5 4914/5/5 4913/5/5
f 4919/5/5 4914/5/5 4918/5/5
f 4921/5/5 4916/5/5 4915/5/5
f 4922/5/5 4916/5/5 4921/5/5
f 4925/5/5 4920/5/5 4919/5/5
f 4926/5/5 4920/5/5 4925/5/5
f 4927/5/5 4923/5/5 4922/5/5
f 4928/5/5 4923/5/5 4927/5/5
f 4929/5/5 4925/5/5 4924/5/5
f 4930/5/5 4925/5/5 4929/5/5
f 4936/5/5 4932/5/5 4931/5/5
f 4937/5/5 4932/5/5 4936/5/5
f 4938/5/5 4934/5/5 4933/5/5
f 4939/5/5 4934/5/5 4938/5/5
f 4941/5/5 4936/5/5 4935/5/5
f 4942/5/5 4936/5/5 4941/5/5
f 4945/5/5 4940/5/5 4939/5/5
f 4946/5/5 4940/5/5 4945/5/5
f 4947/5/5 4943/5/5 4942/5/5
f 4948/5/5 4943/5/5 4947/5/5
f 4949/5/5 4945/5/5 4944/5/5
f 4950/5/5 4945/5/5 4949/5/5
f 4955/5/5 4952/5/5 4951/5/5
f 4956/5/5 4952/5/5 4955/5/5
f 4957/5/5 4954/5/5 4953/5/5
f 4958/5/5 4954/5/5 4957/5/5
f 4963/5/5 4960/5/5 4959/5/5
f 4964/5/5 4960/5/5 4963/5/5
f 4965/5/5 4962/5/5 4961/5/5
f 4966/5/5 4962/5/5 4965/5/5
f 4971/7/5 4968/7/5 4967/7/5
f 4972/7/5 4968/7/5 4971/7/5
f 4973/7/5 4970/7/5 4969/7/5
f 4974/7/5 4970/7/5 4973/7/5
f 4979/1/5 4976/1/5 4975/1/5
f 4980/1/5 4976/1/5 4979/1/5
f 4981/1/5 4978/1/5 4977/1/5
f 4982/1/5 4978/1/5 4981/1/5
f 4987/6/5 4984/6/5 4983/6/5
f 4988/6/5 4984/6/5 4987/6/5
f 4989/6/5 4986/6/5 4985/6/5
f 4990/6/5 4986/6/5 4989/6/5
f 4995/6/5 4992/6/5 4991/6/5
f 4996/6/5 4992/6/5 4995/6/5
f 4997/6/5 4994/6/5 4993/6/5
f 4998/6/5 4994/6/5 4997/6/5
f 5003/5/5 5000/5/5 4999/5/5
f 5004/5/5 5000/5/5 5003/5/5
f 5005/5/5 5002/5/5 5001/5/5
f 5006/5/5 5002/5/5 5005/5/5
f 5011/5/5 5008/5/5 5007/5/5
f 5012/5/5 5008/5/5 5011/5/5
f 5013/5/5 5010/5/5 5009/5/5
f 5014/5/5 5010/5/5 5013/5/5
f 5019/5/5 5016/5/5 5015/5/5
f 5020/5/5 5016/5/5 5019/5/5
f 5021/5/5 5018/5/5 5017/5/5
f 5022/5/5 5018/5/5 5021/5/5
f 5027/5/5 5024/5/5 5023/5/5
f 5028/5/5 5024/5/5 5027/5/5
f 5029/5/5 5026/5/5 5025/5/5
f 5030/5/5 5026/5/5 5029/5/5
f 5035/5/5 5032/5/5 5031/5/5
f 5036/5/5 5032/5/5 5035/5/5
f 5037/5/5 5034/5/5 5033/5/5
f 5038/5/5 5034/5/5 5037/5/5
f 5043/5/5 5040/5/5 5039/5/5
f 5044/5/5 5040/5/5 5043/5/5
f 5045/5/5 5042/5/5 5041/5/5
f 5046/5/5 5042/5/5 5045/5/5
f 5051/5/5 5048/5/5 5047/5/5
f 5052/5/5 5048/5/5 5051/5/5
f 5053/5/5 5050/5/5 5049/5/5
f 5054/5/5 5050/5/5 5053/5/5
f 5059/5/5 5056/5/5 5055/5/5
f 5060/5/5 5056/5/5 5059/5/5
f 5061/5/5 5058/5/5 5057/5/5
f 5062/5/5 5058/5/5 5061/5/5
f 5067/5/5 5064/5/5 5063/5/5
f 5068/5/5 5064/5/5 5067/5/5
f 5069/5/5 5066/5/5 5065/5/5
f 5070/5/5 5066/5/5 5069/5/5
f 5075/5/5 5072/5/5 5071/5/5
f 5076/5/5 5072/5/5 5075/5/5
f 5077/5/5 5074/5/5 5073/5/5
f 5078/5/5 5074/5/5 5077/5/5
f 5081/1/5 5080/1/5 5079/1/5
f 5082/1/5 5080/1/5 5081/1/5
f 5087/1/5 5084/1/5 5083/1/5
f 5088/1/5 5084/1/5 5087/1/5
f 5089/1/5 5086/1/5 5085/1/5
f 5090/1/5 5086/1/5 5089/1/5
f 5096/6/5 5092/6/5 5091/6/5
f 5097/6/5 5092/6/5 5096/6/5
f 5098/6/5 5094/6/5 5093/6/5
f 5099/6/5 5094/6/5 5098/6/5
f 5102/6/5 5096/6/5 5095/6/5
f 5103/6/5 5100/6/5 5099/6/5
f 5105/6/5 5102/6/5 5101/6/5
f 5106/6/5 5096/6/5 5102/6/5
f 5106/6/5 5102/6/5 5105/6/5
f 5107/6/5 5104/6/5 5103/6/5
f 5107/6/5 5103/6/5 5099/6/5
f 5108/6/5 5104/6/5 5107/6/5
f 5110/6/5 5096/6/5 5106/6/5
f 5111/6/5 5096/6/5 5110/6/5
f 5115/6/5 5107/6/5 5099/6/5
f 5116/6/5 5107/6/5 5115/6/5
f 5118/5/5 5110/5/5 5109/5/5
f 5119/3/5 5111/3/5 5110/3/5
f 5119/5/5 5110/5/5 5118/5/5
f 5120/1/5 5112/1/5 5111/1/5
f 5120/3/5 5111/3/5 5119/3/5
f 5121/6/5 5113/6/5 5112/6/5
f 5121/1/5 5112/1/5 5120/1/5
f 5122/6/5 5113/6/5 5121/6/5
f 5123/6/5 5115/6/5 5114/6/5
f 5124/5/5 5117/5/5 5116/5/5
f 5124/6/5 5115/6/5 5123/6/5
f 5124/5/5 5116/5/5 5115/5/5
f 5125/5/5 5117/5/5 5124/5/5
f 5130/5/5 5127/5/5 5126/5/5
f 5131/5/5 5127/5/5 5130/5/5
f 5132/5/5 5129/5/5 5128/5/5
f 5133/5/5 5129/5/5 5132/5/5
f 5138/5/5 5135/5/5 5134/5/5
f 5139/5/5 5135/5/5 5138/5/5
f 5140/5/5 5137/5/5 5136/5/5
f 5141/5/5 5137/5/5 5140/5/5
f 5146/5/5 5143/5/5 5142/5/5
f 5147/5/5 5143/5/5 5146/5/5
f 5148/5/5 5145/5/5 5144/5/5
f 5149/5/5 5145/5/5 5148/5/5
f 5154/5/5 5151/5/5 5150/5/5
f 5155/5/5 5151/5/5 5154/5/5
f 5156/5/5 5153/5/5 5152/5/5
f 5157/5/5 5153/5/5 5156/5/5
f 5166/5/5 5159/5/5 5158/5/5
f 5167/5/5 5159/5/5 5166/5/5
f 5168/5/5 5165/5/5 5164/5/5
f 5169/5/5 5165/5/5 5168/5/5
f 5170/1/5 5161/1/5 5160/1/5
f 5171/1/5 5161/1/5 5170/1/5
f 5172/1/5 5163/1/5 5162/1/5
f 5173/1/5 5163/1/5 5172/1/5
f 5174/1/5 5171/1/5 5170/1/5
f 5175/1/5 5173/1/5 5172/1/5
f 5177/1/5 5171/1/5 5174/1/5
f 5178/1/5 5171/1/5 5177/1/5
f 5181/1/5 5175/1/5 5172/1/5
f 5182/1/5 5175/1/5 5181/1/5
f 5184/1/5 5179/1/5 5178/1/5
f 5184/1/5 5177/1/5 5176/1/5
f 5184/1/5 5178/1/5 5177/1/5
f 5185/1/5 5179/1/5 5184/1/5
f 5186/1/5 5179/1/5 5185/1/5
f 5187/1/5 5179/1/5 5186/1/5
f 5188/1/5 5182/1/5 5181/1/5
f 5188/1/5 5181/1/5 5180/1/5
f 5188/1/5 5183/1/5 5182/1/5
f 5189/1/5 5183/1/5 5188/1/5
f 5190/1/5 5183/1/5 5189/1/5
f 5191/1/5 5183/1/5 5190/1/5
f 5192/1/5 5186/1/5 5185/1/5
f 5193/1/5 5186/1/5 5192/1/5
f 5194/1/5 5190/1/5 5189/1/5
f 5195/1/5 5190/1/5 5194/1/5
f 5200/6/5 5197/6/5 5196/6/5
f 5201/6/5 5197/6/5 5200/6/5
f 5202/6/5 5199/6/5 5198/6/5
f 5203/6/5 5199/6/5 5202/6/5
f 5209/6/5 5205/6/5 5204/6/5
f 5210/6/5 5205/6/5 5209/6/5
f 5211/6/5 5207/6/5 5206/6/5
f 5212/6/5 5207/6/5 5211/6/5
f 5214/6/5 5209/6/5 5208/6/5
f 5215/6/5 5209/6/5 5214/6/5
f 5219/6/5 5213/6/5 5212/6/5
f 5220/6/5 5213/6/5 5219/6/5
f 5221/6/5 5216/6/5 5215/6/5
f 5222/1/5 5217/1/5 5216/1/5
f 5222/6/5 5216/6/5 5221/6/5
f 5223/1/5 5217/1/5 5222/1/5
f 5224/6/5 5219/6/5 5218/6/5
f 5225/6/5 5219/6/5 5224/6/5
f 5226/6/5 5219/6/5 5225/6/5
f 5232/1/5 5228/1/5 5227/1/5
f 5233/6/5 5229/6/5 5228/6/5
f 5233/1/5 5228/1/5 5232/1/5
f 5234/6/5 5229/6/5 5233/6/5
f 5235/6/5 5231/6/5 5230/6/5
f 5236/6/5 5231/6/5 5235/6/5
f 5241/5/5 5238/5/5 5237/5/5
f 5242/5/5 5238/5/5 5241/5/5
f 5243/5/5 5240/5/5 5239/5/5
f 5244/5/5 5240/5/5 5243/5/5
f 5249/1/5 5246/1/5 5245/1/5
f 5250/1/5 5246/1/5 5249/1/5
f 5251/1/5 5248/1/5 5247/1/5
f 5252/1/5 5248/1/5 5251/1/5
f 5255/3/5 5254/3/5 5253/3/5
f 5256/3/5 5254/3/5 5255/3/5
f 5261/7/5 5258/7/5 5257/7/5
f 5262/7/5 5258/7/5 5261/7/5
f 5263/7/5 5260/7/5 5259/7/5
f 5264/7/5 5260/7/5 5263/7/5
f 5265/7/5 5261/7/5 5257/7/5
f 5266/7/5 5261/7/5 5265/7/5
f 5267/7/5 5261/7/5 5266/7/5
f 5268/7/5 5258/7/5 5262/7/5
f 5269/7/5 5258/7/5 5268/7/5
f 5270/7/5 5263/7/5 5259/7/5
f 5271/7/5 5263/7/5 5270/7/5
f 5272/7/5 5260/7/5 5264/7/5
f 5273/7/5 5260/7/5 5272/7/5
f 5274/7/5 5260/7/5 5273/7/5
f 5283/7/5 5276/7/5 5275/7/5
f 5284/7/5 5278/7/5 5277/7/5
f 5285/7/5 5280/7/5 5279/7/5
f 5286/7/5 5282/7/5 5281/7/5
f 5287/7/5 5283/7/5 5275/7/5
f 5287/7/5 5284/7/5 5283/7/5
f 5288/7/5 5278/7/5 5284/7/5
f 5288/7/5 5284/7/5 5287/7/5
f 5289/7/5 5285/7/5 5279/7/5
f 5289/7/5 5286/7/5 5285/7/5
f 5290/7/5 5282/7/5 5286/7/5
f 5290/7/5 5286/7/5 5289/7/5
f 5299/1/5 5292/1/5 5291/1/5
f 5300/1/5 5292/1/5 5299/1/5
f 5302/3/5 5294/3/5 5293/3/5
f 5303/3/5 5294/3/5 5302/3/5
f 5306/3/5 5296/3/5 5295/3/5
f 5307/3/5 5296/3/5 5306/3/5
f 5309/1/5 5298/1/5 5297/1/5
f 5310/1/5 5298/1/5 5309/1/5
f 5311/3/5 5304/3/5 5303/3/5
f 5311/3/5 5302/3/5 5301/3/5
f 5311/3/5 5303/3/5 5302/3/5
f 5312/3/5 5304/3/5 5311/3/5
f 5313/3/5 5308/3/5 5307/3/5
f 5313/3/5 5307/3/5 5306/3/5
f 5313/3/5 5306/3/5 5305/3/5
f 5314/3/5 5308/3/5 5313/3/5
f 5321/7/5 5316/7/5 5315/7/5
f 5322/7/5 5316/7/5 5321/7/5
f 5323/7/5 5316/7/5 5322/7/5
f 5324/7/5 5318/7/5 5317/7/5
f 5325/7/5 5318/7/5 5324/7/5
f 5326/7/5 5318/7/5 5325/7/5
f 5327/7/5 5321/7/5 5315/7/5
f 5328/7/5 5323/7/5 5322/7/5
f 5329/7/5 5325/7/5 5324/7/5
f 5330/7/5 5318/7/5 5326/7/5
f 5331/7/5 5327/7/5 5315/7/5
f 5331/7/5 5328/7/5 5327/7/5
f 5332/7/5 5328/7/5 5331/7/5
f 5333/7/5 5330/7/5 5329/7/5
f 5333/7/5 5318/7/5 5330/7/5
f 5334/7/5 5318/7/5 5333/7/5
f 5335/1/5 5320/1/5 5319/1/5
f 5336/1/5 5320/1/5 5335/1/5
f 5337/7/5 5331/7/5 5315/7/5
f 5338/7/5 5328/7/5 5332/7/5
f 5339/7/5 5333/7/5 5329/7/5
f 5340/7/5 5318/7/5 5334/7/5
f 5341/7/5 5337/7/5 5315/7/5
f 5341/7/5 5338/7/5 5337/7/5
f 5342/7/5 5323/7/5 5328/7/5
f 5342/7/5 5338/7/5 5341/7/5
f 5342/7/5 5328/7/5 5338/7/5
f 5343/7/5 5339/7/5 5329/7/5
f 5343/7/5 5340/7/5 5339/7/5
f 5343/7/5 5329/7/5 5324/7/5
f 5344/7/5 5318/7/5 5340/7/5
f 5344/7/5 5340/7/5 5343/7/5
f 5351/1/5 5346/1/5 5345/1/5
f 5352/1/5 5346/1/5 5351/1/5
f 5353/1/5 5348/1/5 5347/1/5
f 5354/1/5 5348/1/5 5353/1/5
f 5355/1/5 5350/1/5 5349/1/5
f 5356/1/5 5350/1/5 5355/1/5
f 5361/1/5 5358/1/5 5357/1/5
f 5362/1/5 5358/1/5 5361/1/5
f 5363/1/5 5360/1/5 5359/1/5
f 5364/1/5 5360/1/5 5363/1/5
f 5367/1/5 5366/1/5 5365/1/5
f 5368/1/5 5366/1/5 5367/1/5
f 5373/1/5 5370/1/5 5369/1/5
f 5374/1/5 5370/1/5 5373/1/5
f 5375/1/5 5372/1/5 5371/1/5
f 5376/1/5 5372/1/5 5375/1/5
f 5381/1/5 5380/1/5 5379/1/5
f 5382/1/5 5380/1/5 5381/1/5
f 5383/1/5 5378/1/5 5377/1/5
f 5384/1/5 5378/1/5 5383/1/5
f 5391/1/5 5388/1/5 5387/1/5
f 5392/1/5 5388/1/5 5391/1/5
f 5393/1/5 5386/1/5 5385/1/5
f 5394/1/5 5386/1/5 5393/1/5
f 5395/1/5 5390/1/5 5389/1/5
f 5396/1/5 5390/1/5 5395/1/5
f 5401/1/5 5398/1/5 5397/1/5
f 5402/1/5 5398/1/5 5401/1/5
f 5403/1/5 5400/1/5 5399/1/5
f 5404/1/5 5400/1/5 5403/1/5
f 5407/1/5 5406/1/5 5405/1/5
f 5408/1/5 5406/1/5 5407/1/5
f 5415/1/5 5412/1/5 5411/1/5
f 5416/1/5 5412/1/5 5415/1/5
f 5417/1/5 5410/1/5 5409/1/5
f 5418/1/5 5410/1/5 5417/1/5
f 5419/1/5 5414/1/5 5413/1/5
f 5420/1/5 5414/1/5 5419/1/5
f 5425/1/5 5422/1/5 5421/1/5
f 5426/1/5 5422/1/5 5425/1/5
f 5427/1/5 5422/1/5 5426/1/5
f 5428/1/5 5424/1/5 5423/1/5
f 5429/1/5 5424/1/5 5428/1/5
f 5430/1/5 5424/1/5 5429/1/5
f 5432/1/5 5427/1/5 5426/1/5
f 5433/1/5 5429/1/5 5428/1/5
f 5435/1/5 5432/1/5 5426/1/5
f 5435/1/5 5433/1/5 5432/1/5
f 5437/1/5 5435/1/5 5434/1/5
f 5438/1/5 5429/1/5 5433/1/5
f 5438/1/5 5433/1/5 5435/1/5
f 5438/1/5 5435/1/5 5437/1/5
f 5439/1/5 5431/1/5 5430/1/5
f 5440/1/5 5431/1/5 5439/1/5
f 5441/1/5 5438/1/5 5437/1/5
f 5441/1/5 5437/1/5 5436/1/5
f 5441/1/5 5439/1/5 5438/1/5
f 5442/1/5 5439/1/5 5441/1/5
f 5447/1/5 5444/1/5 5443/1/5
f 5448/1/5 5444/1/5 5447/1/5
f 5449/1/5 5447/1/5 5443/1/5
f 5450/1/5 5447/1/5 5449/1/5
f 5451/1/5 5446/1/5 5445/1/5
f 5452/1/5 5446/1/5 5451/1/5
f 5455/3/5 5454/3/5 5453/3/5
f 5456/3/5 5454/3/5 5455/3/5
f 5461/7/5 5458/7/5 5457/7/5
f 5462/7/5 5458/7/5 5461/7/5
f 5463/7/5 5460/7/5 5459/7/5
f 5464/7/5 5460/7/5 5463/7/5
f 5469/3/5 5466/3/5 5465/3/5
f 5470/3/5 5466/3/5 5469/3/5
f 5473/3/5 5468/3/5 5467/3/5
f 5474/3/5 5468/3/5 5473/3/5
f 5475/3/5 5472/3/5 5471/3/5
f 5476/3/5 5472/3/5 5475/3/5
f 5479/7/5 5478/7/5 5477/7/5
f 5480/7/5 5478/7/5 5479/7/5
f 5485/3/5 5482/3/5 5481/3/5
f 5486/3/5 5482/3/5 5485/3/5
f 5487/3/5 5484/3/5 5483/3/5
f 5488/3/5 5484/3/5 5487/3/5
f 5493/3/5 5490/3/5 5489/3/5
f 5494/3/5 5490/3/5 5493/3/5
f 5495/3/5 5492/3/5 5491/3/5
f 5496/3/5 5492/3/5 5495/3/5
f 5505/3/5 5498/3/5 5497/3/5
f 5506/3/5 5498/3/5 5505/3/5
f 5507/3/5 5500/3/5 5499/3/5
f 5508/3/5 5500/3/5 5507/3/5
f 5513/3/5 5502/3/5 5501/3/5
f 5514/3/5 5502/3/5 5513/3/5
f 5515/3/5 5504/3/5 5503/3/5
f 5516/3/5 5504/3/5 5515/3/5
f 5517/2/5 5509/2/5 5508/2/5
f 5518/2/5 5509/2/5 5517/2/5
f 5519/3/5 5511/3/5 5510/3/5
f 5520/3/5 5511/3/5 5519/3/5
f 5521/2/5 5513/2/5 5512/2/5
f 5522/2/5 5513/2/5 5521/2/5
f 5525/3/5 5524/3/5 5523/3/5
f 5526/3/5 5524/3/5 5525/3/5
f 5536/3/5 5528/3/5 5527/3/5
f 5537/3/5 5528/3/5 5536/3/5
f 5540/3/5 5530/3/5 5529/3/5
f 5541/3/5 5530/3/5 5540/3/5
f 5544/3/5 5532/3/5 5531/3/5
f 5545/3/5 5532/3/5 5544/3/5
f 5548/3/5 5534/3/5 5533/3/5
f 5549/3/5 5534/3/5 5548/3/5
f 5551/3/5 5536/3/5 5535/3/5
f 5552/3/5 5536/3/5 5551/3/5
f 5553/3/5 5538/3/5 5537/3/5
f 5554/3/5 5538/3/5 5553/3/5
f 5555/3/5 5540/3/5 5539/3/5
f 5556/3/5 5540/3/5 5555/3/5
f 5557/3/5 5542/3/5 5541/3/5
f 5558/3/5 5542/3/5 5557/3/5
f 5567/3/5 5544/3/5 5543/3/5
f 5568/3/5 5544/3/5 5567/3/5
f 5569/3/5 5546/3/5 5545/3/5
f 5570/3/5 5546/3/5 5569/3/5
f 5571/3/5 5548/3/5 5547/3/5
f 5572/3/5 5548/3/5 5571/3/5
f 5573/3/5 5550/3/5 5549/3/5
f 5574/3/5 5550/3/5 5573/3/5
f 5575/3/5 5553/3/5 5552/3/5
f 5576/3/5 5553/3/5 5575/3/5
f 5577/3/5 5557/3/5 5556/3/5
f 5578/3/5 5557/3/5 5577/3/5
f 5579/2/5 5560/2/5 5559/2/5
f 5580/2/5 5560/2/5 5579/2/5
f 5581/3/5 5562/3/5 5561/3/5
f 5582/3/5 5562/3/5 5581/3/5
f 5583/3/5 5564/3/5 5563/3/5
f 5584/3/5 5564/3/5 5583/3/5
f 5585/2/5 5566/2/5 5565/2/5
f 5586/2/5 5566/2/5 5585/2/5
f 5587/3/5 5569/3/5 5568/3/5
f 5588/3/5 5569/3/5 5587/3/5
f 5589/3/5 5573/3/5 5572/3/5
f 5590/3/5 5573/3/5 5589/3/5
f 5596/6/5 5592/6/5 5591/6/5
f 5597/6/5 5592/6/5 5596/6/5
f 5598/6/5 5592/6/5 5597/6/5
f 5599/6/5 5592/6/5 5598/6/5
f 5602/6/5 5594/6/5 5593/6/5
f 5603/6/5 5594/6/5 5602/6/5
f 5604/6/5 5594/6/5 5603/6/5
f 5605/6/5 5594/6/5 5604/6/5
f 5608/6/5 5596/6/5 5595/6/5
f 5609/6/5 5596/6/5 5608/6/5
f 5610/6/5 5600/6/5 5599/6/5
f 5611/6/5 5600/6/5 5610/6/5
f 5614/6/5 5602/6/5 5601/6/5
f 5615/6/5 5602/6/5 5614/6/5
f 5616/6/5 5606/6/5 5605/6/5
f 5617/6/5 5606/6/5 5616/6/5
f 5619/6/5 5608/6/5 5607/6/5
f 5620/6/5 5612/6/5 5611/6/5
f 5625/6/5 5614/6/5 5613/6/5
f 5626/6/5 5618/6/5 5617/6/5
f 5627/6/5 5619/6/5 5607/6/5
f 5628/6/5 5619/6/5 5627/6/5
f 5629/6/5 5612/6/5 5620/6/5
f 5630/6/5 5612/6/5 5629/6/5
f 5631/2/5 5622/2/5 5621/2/5
f 5632/2/5 5622/2/5 5631/2/5
f 5633/2/5 5624/2/5 5623/2/5
f 5634/2/5 5624/2/5 5633/2/5
f 5635/6/5 5625/6/5 5613/6/5
f 5636/6/5 5625/6/5 5635/6/5
f 5637/6/5 5618/6/5 5626/6/5
f 5638/6/5 5618/6/5 5637/6/5
f 5647/4/5 5640/4/5 5639/4/5
f 5648/4/5 5640/4/5 5647/4/5
f 5649/2/5 5642/2/5 5641/2/5
f 5650/2/5 5642/2/5 5649/2/5
f 5651/2/5 5644/2/5 5643/2/5
f 5652/2/5 5644/2/5 5651/2/5
f 5653/4/5 5646/4/5 5645/4/5
f 5654/4/5 5646/4/5 5653/4/5
f 5657/1/5 5656/1/5 5655/1/5
f 5658/1/5 5656/1/5 5657/1/5
f 5659/1/5 5657/1/5 5655/1/5
f 5660/1/5 5656/1/5 5658/1/5
f 5661/1/5 5659/1/5 5655/1/5
f 5661/1/5 5660/1/5 5659/1/5
f 5662/1/5 5656/1/5 5660/1/5
f 5662/1/5 5660/1/5 5661/1/5
f 5667/3/5 5664/3/5 5663/3/5
f 5668/3/5 5664/3/5 5667/3/5
f 5669/3/5 5666/3/5 5665/3/5
f 5670/3/5 5666/3/5 5669/3/5
f 5671/7/6 5672/7/6 5675/7/6
f 5675/7/6 5672/7/6 5676/7/6
f 5673/7/6 5674/7/6 5677/7/6
f 5677/7/6 5674/7/6 5678/7/6
f 5671/7/6 5675/7/6 5679/7/6
f 5676/7/6 5672/7/6 5680/7/6
f 5673/7/6 5677/7/6 5681/7/6
f 5678/7/6 5674/7/6 5682/7/6
f 5671/7/6 5679/7/6 5683/7/6
f 5679/7/6 5680/7/6 5683/7/6
f 5680/7/6 5672/7/6 5684/7/6
f 5683/7/6 5680/7/6 5684/7/6
f 5681/7/6 5682/7/6 5685/7/6
f 5673/7/6 5681/7/6 5685/7/6
f 5682/7/6 5674/7/6 5686/7/6
f 5685/7/6 5682/7/6 5686/7/6
f 5671/7/6 5683/7/6 5687/7/6
f 5684/7/6 5672/7/6 5688/7/6
f 5673/7/6 5685/7/6 5689/7/6
f 5686/7/6 5674/7/6 5690/7/6
f 5671/7/6 5687/7/6 5691/7/6
f 5687/7/6 5688/7/6 5691/7/6
f 5688/7/6 5672/7/6 5692/7/6
f 5691/7/6 5688/7/6 5692/7/6
f 5689/7/6 5690/7/6 5693/7/6
f 5673/7/6 5689/7/6 5693/7/6
f 5690/7/6 5674/7/6 5694/7/6
f 5693/7/6 5690/7/6 5694/7/6
f 5671/7/6 5691/7/6 5695/7/6
f 5692/7/6 5672/7/6 5696/7/6
f 5673/7/6 5693/7/6 5697/7/6
f 5694/7/6 5674/7/6 5698/7/6
f 5671/7/6 5695/7/6 5699/7/6
f 5695/7/6 5696/7/6 5699/7/6
f 5696/7/6 5672/7/6 5700/7/6
f 5699/7/6 5696/7/6 5700/7/6
f 5697/7/6 5698/7/6 5701/7/6
f 5673/7/6 5697/7/6 5701/7/6
f 5698/7/6 5674/7/6 5702/7/6
f 5701/7/6 5698/7/6 5702/7/6
f 5671/7/6 5699/7/6 5703/7/6
f 5700/7/6 5672/7/6 5704/7/6
f 5673/7/6 5701/7/6 5705/7/6
f 5702/7/6 5674/7/6 5706/7/6
f 5671/7/6 5703/7/6 5707/7/6
f 5703/7/6 5704/7/6 5707/7/6
f 5704/7/6 5672/7/6 5708/7/6
f 5707/7/6 5704/7/6 5708/7/6
f 5705/7/6 5706/7/6 5709/7/6
f 5673/7/6 5705/7/6 5709/7/6
f 5706/7/6 5674/7/6 5710/7/6
f 5709/7/6 5706/7/6 5710/7/6
f 5711/7/6 5712/7/6 5715/7/6
f 5715/7/6 5712/7/6 5716/7/6
f 5713/7/6 5714/7/6 5717/7/6
f 5717/7/6 5714/7/6 5718/7/6
f 5719/1/6 5720/1/6 5721/1/6
f 5721/1/6 5720/1/6 5722/1/6
f 5723/7/6 5724/7/6 5727/7/6
f 5727/7/6 5724/7/6 5728/7/6
f 5725/7/6 5726/7/6 5729/7/6
f 5729/7/6 5726/7/6 5730/7/6
f 5731/3/6 5732/3/6 5733/3/6
f 5733/3/6 5732/3/6 5734/3/6
f 5735/1/6 5736/1/6 5737/1/6
f 5737/1/6 5736/1/6 5738/1/6
f 5739/1/6 5740/1/6 5741/1/6
f 5741/1/6 5740/1/6 5742/1/6
f 5743/1/6 5744/1/6 5747/1/6
f 5747/1/6 5744/1/6 5748/1/6
f 5745/1/6 5746/1/6 5749/1/6
f 5749/1/6 5746/1/6 5750/1/6
f 5751/5/6 5752/5/6 5755/5/6
f 5755/5/6 5752/5/6 5756/5/6
f 5753/5/6 5754/5/6 5757/5/6
f 5757/5/6 5754/5/6 5758/5/6
f 5759/5/6 5760/5/6 5763/5/6
f 5763/5/6 5760/5/6 5764/5/6
f 5761/5/6 5762/5/6 5765/5/6
f 5765/5/6 5762/5/6 5766/5/6
f 5767/5/6 5768/5/6 5771/5/6
f 5771/5/6 5768/5/6 5772/5/6
f 5769/5/6 5770/5/6 5773/5/6
f 5773/5/6 5770/5/6 5774/5/6
f 5775/5/6 5776/5/6 5779/5/6
f 5779/5/6 5776/5/6 5780/5/6
f 5777/5/6 5778/5/6 5781/5/6
f 5781/5/6 5778/5/6 5782/5/6
f 5783/5/6 5784/5/6 5787/5/6
f 5787/5/6 5784/5/6 5788/5/6
f 5785/5/6 5786/5/6 5789/5/6
f 5789/5/6 5786/5/6 5790/5/6
f 5791/5/6 5792/5/6 5795/5/6
f 5795/5/6 5792/5/6 5796/5/6
f 5793/5/6 5794/5/6 5797/5/6
f 5797/5/6 5794/5/6 5798/5/6
f 5799/5/6 5800/5/6 5803/5/6
f 5803/5/6 5800/5/6 5804/5/6
f 5801/5/6 5802/5/6 5805/5/6
f 5805/5/6 5802/5/6 5806/5/6
f 5807/5/6 5808/5/6 5811/5/6
f 5811/5/6 5808/5/6 5812/5/6
f 5809/5/6 5810/5/6 5813/5/6
f 5813/5/6 5810/5/6 5814/5/6
f 5815/5/6 5816/5/6 5819/5/6
f 5819/5/6 5816/5/6 5820/5/6
f 5817/5/6 5818/5/6 5821/5/6
f 5821/5/6 5818/5/6 5822/5/6
f 5823/5/6 5824/5/6 5827/5/6
f 5827/5/6 5824/5/6 5828/5/6
f 5825/5/6 5826/5/6 5829/5/6
f 5829/5/6 5826/5/6 5830/5/6
f 5831/5/6 5832/5/6 5835/5/6
f 5835/5/6 5832/5/6 5836/5/6
f 5833/5/6 5834/5/6 5837/5/6
f 5837/5/6 5834/5/6 5838/5/6
f 5839/3/6 5840/3/6 5841/3/6
f 5841/3/6 5840/3/6 5842/3/6
f 5842/3/6 5840/3/6 5843/3/6
f 5843/3/6 5840/3/6 5844/3/6
f 5845/5/6 5846/5/6 5849/5/6
f 5849/5/6 5846/5/6 5850/5/6
f 5847/5/6 5848/5/6 5851/5/6
f 5851/5/6 5848/5/6 5852/5/6
f 5853/5/6 5854/5/6 5857/5/6
f 5857/5/6 5854/5/6 5858/5/6
f 5855/5/6 5856/5/6 5861/5/6
f 5861/5/6 5856/5/6 5862/5/6
f 5858/5/6 5859/5/6 5864/5/6
f 5864/5/6 5859/5/6 5865/5/6
f 5860/5/6 5861/5/6 5866/5/6
f 5866/5/6 5861/5/6 5867/5/6
f 5863/5/6 5864/5/6 5869/5/6
f 5869/5/6 5864/5/6 5870/5/6
f 5867/5/6 5868/5/6 5871/5/6
f 5871/5/6 5868/5/6 5872/5/6
f 5873/5/6 5874/5/6 5877/5/6
f 5877/5/6 5874/5/6 5878/5/6
f 5875/5/6 5876/5/6 5881/5/6
f 5881/5/6 5876/5/6 5882/5/6
f 5878/5/6 5879/5/6 5884/5/6
f 5884/5/6 5879/5/6 5885/5/6
f 5880/5/6 5881/5/6 5886/5/6
f 5886/5/6 5881/5/6 5887/5/6
f 5883/5/6 5884/5/6 5889/5/6
f 5889/5/6 5884/5/6 5890/5/6
f 5887/5/6 5888/5/6 5891/5/6
f 5891/5/6 5888/5/6 5892/5/6
f 5893/5/6 5894/5/6 5897/5/6
f 5897/5/6 5894/5/6 5898/5/6
f 5895/5/6 5896/5/6 5901/5/6
f 5901/5/6 5896/5/6 5902/5/6
f 5898/5/6 5899/5/6 5904/5/6
f 5904/5/6 5899/5/6 5905/5/6
f 5900/5/6 5901/5/6 5906/5/6
f 5906/5/6 5901/5/6 5907/5/6
f 5903/5/6 5904/5/6 5909/5/6
f 5909/5/6 5904/5/6 5910/5/6
f 5907/5/6 5908/5/6 5911/5/6
f 5911/5/6 5908/5/6 5912/5/6
f 5913/5/6 5914/5/6 5917/5/6
f 5917/5/6 5914/5/6 5918/5/6
f 5915/5/6 5916/5/6 5921/5/6
f 5921/5/6 5916/5/6 5922/5/6
f 5918/5/6 5919/5/6 5923/5/6
f 5923/5/6 5919/5/6 5924/5/6
f 5920/5/6 5921/5/6 5925/5/6
f 5925/5/6 5921/5/6 5926/5/6
f 5927/5/6 5928/5/6 5931/5/6
f 5931/5/6 5928/5/6 5932/5/6
f 5929/5/6 5930/5/6 5933/5/6
f 5933/5/6 5930/5/6 5934/5/6
f 5935/1/6 5936/1/6 5943/1/6
f 5943/1/6 5936/1/6 5944/1/6
f 5937/1/6 5938/1/6 5945/1/6
f 5945/1/6 5938/1/6 5946/1/6
f 5939/1/6 5940/1/6 5947/1/6
f 5947/1/6 5940/1/6 5948/1/6
f 5941/1/6 5942/1/6 5949/1/6
f 5949/1/6 5942/1/6 5950/1/6
f 5951/1/6 5952/1/6 5955/1/6
f 5955/1/6 5952/1/6 5956/1/6
f 5953/1/6 5954/1/6 5957/1/6
f 5957/1/6 5954/1/6 5958/1/6
f 5959/7/6 5960/7/6 5963/7/6
f 5963/7/6 5960/7/6 5964/7/6
f 5961/7/6 5962/7/6 5965/7/6
f 5965/7/6 5962/7/6 5966/7/6
f 5967/6/6 5968/6/6 5971/6/6
f 5971/6/6 5968/6/6 5972/6/6
f 5969/6/6 5970/6/6 5973/6/6
f 5973/6/6 5970/6/6 5974/6/6
f 5975/6/6 5976/6/6 5980/6/6
f 5980/6/6 5976/6/6 5981/6/6
f 5977/6/6 5978/6/6 5982/6/6
f 5982/6/6 5978/6/6 5983/6/6
f 5979/6/6 5980/6/6 5985/6/6
f 5985/6/6 5980/6/6 5986/6/6
f 5983/6/6 5984/6/6 5989/6/6
f 5989/6/6 5984/6/6 5990/6/6
f 5986/6/6 5987/6/6 5991/6/6
f 5991/6/6 5987/6/6 5992/6/6
f 5988/6/6 5989/6/6 5993/6/6
f 5993/6/6 5989/6/6 5994/6/6
f 5995/5/6 5996/5/6 6002/5/6
f 5996/1/6 5997/1/6 6003/1/6
f 6002/5/6 5996/5/6 6003/5/6
f 5997/6/6 5998/6/6 6004/6/6
f 6003/1/6 5997/1/6 6004/1/6
f 6004/6/6 5998/6/6 6005/6/6
f 5999/6/6 6000/6/6 6006/6/6
f 6000/5/6 6001/5/6 6007/5/6
f 6006/6/6 6000/6/6 6007/6/6
f 6007/5/6 6001/5/6 6008/5/6
f 6009/5/6 6010/5/6 6014/5/6
f 6014/5/6 6010/5/6 6015/5/6
f 6011/5/6 6012/5/6 6016/5/6
f 6016/5/6 6012/5/6 6017/5/6
f 6013/5/6 6014/5/6 6019/5/6
f 6019/5/6 6014/5/6 6020/5/6
f 6017/5/6 6018/5/6 6023/5/6
f 6023/5/6 6018/5/6 6024/5/6
f 6020/5/6 6021/5/6 6025/5/6
f 6025/5/6 6021/5/6 6026/5/6
f 6022/5/6 6023/5/6 6027/5/6
f 6027/5/6 6023/5/6 6028/5/6
f 6029/5/6 6030/5/6 6034/5/6
f 6034/5/6 6030/5/6 6035/5/6
f 6031/5/6 6032/5/6 6036/5/6
f 6036/5/6 6032/5/6 6037/5/6
f 6033/5/6 6034/5/6 6039/5/6
f 6039/5/6 6034/5/6 6040/5/6
f 6037/5/6 6038/5/6 6043/5/6
f 6043/5/6 6038/5/6 6044/5/6
f 6040/5/6 6041/5/6 6045/5/6
f 6045/5/6 6041/5/6 6046/5/6
f 6042/5/6 6043/5/6 6047/5/6
f 6047/5/6 6043/5/6 6048/5/6
f 6049/5/6 6050/5/6 6054/5/6
f 6054/5/6 6050/5/6 6055/5/6
f 6051/5/6 6052/5/6 6056/5/6
f 6056/5/6 6052/5/6 6057/5/6
f 6053/5/6 6054/5/6 6059/5/6
f 6059/5/6 6054/5/6 6060/5/6
f 6057/5/6 6058/5/6 6063/5/6
f 6063/5/6 6058/5/6 6064/5/6
f 6060/5/6 6061/5/6 6065/5/6
f 6065/5/6 6061/5/6 6066/5/6
f 6062/5/6 6063/5/6 6067/5/6
f 6067/5/6 6063/5/6 6068/5/6
f 6069/5/6 6070/5/6 6074/5/6
f 6074/5/6 6070/5/6 6075/5/6
f 6071/5/6 6072/5/6 6076/5/6
f 6076/5/6 6072/5/6 6077/5/6
f 6073/5/6 6074/5/6 6079/5/6
f 6079/5/6 6074/5/6 6080/5/6
f 6077/5/6 6078/5/6 6081/5/6
f 6081/5/6 6078/5/6 6082/5/6
f 6083/5/6 6084/5/6 6087/5/6
f 6087/5/6 6084/5/6 6088/5/6
f 6085/5/6 6086/5/6 6089/5/6
f 6089/5/6 6086/5/6 6090/5/6
f 6091/5/6 6092/5/6 6095/5/6
f 6095/5/6 6092/5/6 6096/5/6
f 6093/5/6 6094/5/6 6099/5/6
f 6099/5/6 6094/5/6 6100/5/6
f 6097/1/6 6098/1/6 6103/1/6
f 6103/1/6 6098/1/6 6104/1/6
f 6101/7/6 6102/7/6 6107/7/6
f 6107/7/6 6102/7/6 6108/7/6
f 6105/7/6 6106/7/6 6109/7/6
f 6109/7/6 6106/7/6 6110/7/6
f 6111/7/6 6112/7/6 6115/7/6
f 6115/7/6 6112/7/6 6116/7/6
f 6113/7/6 6114/7/6 6117/7/6
f 6117/7/6 6114/7/6 6118/7/6
f 6119/6/6 6120/6/6 6124/6/6
f 6121/6/6 6122/6/6 6125/6/6
f 6123/6/6 6124/6/6 6127/6/6
f 6124/6/6 6120/6/6 6128/6/6
f 6127/6/6 6124/6/6 6128/6/6
f 6125/6/6 6126/6/6 6129/6/6
f 6121/6/6 6125/6/6 6129/6/6
f 6129/6/6 6126/6/6 6130/6/6
f 6128/6/6 6120/6/6 6131/6/6
f 6131/6/6 6120/6/6 6132/6/6
f 6121/6/6 6129/6/6 6135/6/6
f 6135/6/6 6129/6/6 6136/6/6
f 6132/6/6 6133/6/6 6137/6/6
f 6137/6/6 6133/6/6 6138/6/6
f 6134/6/6 6135/6/6 6139/6/6
f 6139/6/6 6135/6/6 6140/6/6
f 6141/5/6 6142/5/6 6145/5/6
f 6145/5/6 6142/5/6 6146/5/6
f 6143/5/6 6144/5/6 6147/5/6
f 6147/5/6 6144/5/6 6148/5/6
f 6149/5/6 6150/5/6 6153/5/6
f 6153/5/6 6150/5/6 6154/5/6
f 6151/5/6 6152/5/6 6155/5/6
f 6155/5/6 6152/5/6 6156/5/6
f 6157/5/6 6158/5/6 6161/5/6
f 6161/5/6 6158/5/6 6162/5/6
f 6159/5/6 6160/5/6 6163/5/6
f 6163/5/6 6160/5/6 6164/5/6
f 6165/5/6 6166/5/6 6169/5/6
f 6169/5/6 6166/5/6 6170/5/6
f 6167/5/6 6168/5/6 6171/5/6
f 6171/5/6 6168/5/6 6172/5/6
f 6173/5/6 6174/5/6 6177/5/6
f 6177/5/6 6174/5/6 6178/5/6
f 6175/5/6 6176/5/6 6179/5/6
f 6179/5/6 6176/5/6 6180/5/6
f 6181/5/6 6182/5/6 6185/5/6
f 6185/5/6 6182/5/6 6186/5/6
f 6183/5/6 6184/5/6 6187/5/6
f 6187/5/6 6184/5/6 6188/5/6
f 6189/5/6 6190/5/6 6193/5/6
f 6193/5/6 6190/5/6 6194/5/6
f 6191/5/6 6192/5/6 6195/5/6
f 6195/5/6 6192/5/6 6196/5/6
f 6197/5/6 6198/5/6 6201/5/6
f 6201/5/6 6198/5/6 6202/5/6
f 6199/5/6 6200/5/6 6203/5/6
f 6203/5/6 6200/5/6 6204/5/6
f 6205/5/6 6206/5/6 6209/5/6
f 6209/5/6 6206/5/6 6210/5/6
f 6207/5/6 6208/5/6 6211/5/6
f 6211/5/6 6208/5/6 6212/5/6
f 6213/7/6 6214/7/6 6217/7/6
f 6217/7/6 6214/7/6 6218/7/6
f 6215/7/6 6216/7/6 6219/7/6
f 6219/7/6 6216/7/6 6220/7/6
f 6221/3/6 6222/3/6 6223/3/6
f 6223/3/6 6222/3/6 6224/3/6
f 6225/1/6 6226/1/6 6229/1/6
f 6229/1/6 6226/1/6 6230/1/6
f 6227/1/6 6228/1/6 6231/1/6
f 6231/1/6 6228/1/6 6232/1/6
f 6233/7/6 6234/7/6 6237/7/6
f 6237/7/6 6234/7/6 6238/7/6
f 6235/7/6 6236/7/6 6239/7/6
f 6239/7/6 6236/7/6 6240/7/6
f 6241/6/6 6242/6/6 6245/6/6
f 6245/6/6 6242/6/6 6246/6/6
f 6243/6/6 6244/6/6 6247/6/6
f 6247/6/6 6244/6/6 6248/6/6
f 6249/6/6 6250/6/6 6253/6/6
f 6253/6/6 6250/6/6 6254/6/6
f 6251/6/6 6252/6/6 6255/6/6
f 6255/6/6 6252/6/6 6256/6/6
f 6257/5/6 6258/5/6 6261/5/6
f 6261/5/6 6258/5/6 6262/5/6
f 6259/5/6 6260/5/6 6263/5/6
f 6263/5/6 6260/5/6 6264/5/6
f 6265/5/6 6266/5/6 6269/5/6
f 6269/5/6 6266/5/6 6270/5/6
f 6267/5/6 6268/5/6 6271/5/6
f 6271/5/6 6268/5/6 6272/5/6
f 6273/5/6 6274/5/6 6277/5/6
f 6277/5/6 6274/5/6 6278/5/6
f 6275/5/6 6276/5/6 6279/5/6
f 6279/5/6 6276/5/6 6280/5/6
f 6281/5/6 6282/5/6 6285/5/6
f 6285/5/6 6282/5/6 6286/5/6
f 6283/5/6 6284/5/6 6287/5/6
f 6287/5/6 6284/5/6 6288/5/6
f 6289/5/6 6290/5/6 6293/5/6
f 6293/5/6 6290/5/6 6294/5/6
f 6291/5/6 6292/5/6 6295/5/6
f 6295/5/6 6292/5/6 6296/5/6
f 6297/5/6 6298/5/6 6301/5/6
f 6301/5/6 6298/5/6 6302/5/6
f 6299/5/6 6300/5/6 6303/5/6
f 6303/5/6 6300/5/6 6304/5/6
f 6305/7/6 6306/7/6 6309/7/6
f 6309/7/6 6306/7/6 6310/7/6
f 6307/7/6 6308/7/6 6311/7/6
f 6311/7/6 6308/7/6 6312/7/6
f 6313/7/6 6314/7/6 6317/7/6
f 6317/7/6 6314/7/6 6318/7/6
f 6315/7/6 6316/7/6 6319/7/6
f 6319/7/6 6316/7/6 6320/7/6
f 6321/7/6 6322/7/6 6325/7/6
f 6325/7/6 6322/7/6 6326/7/6
f 6323/7/6 6324/7/6 6327/7/6
f 6327/7/6 6324/7/6 6328/7/6
f 6329/1/6 6330/1/6 6331/1/6
f 6331/1/6 6330/1/6 6332/1/6
f 6333/1/6 6334/1/6 6337/1/6
f 6337/1/6 6334/1/6 6338/1/6
f 6335/1/6 6336/1/6 6339/1/6
f 6339/1/6 6336/1/6 6340/1/6
f 6341/7/6 6342/7/6 6345/7/6
f 6345/7/6 6342/7/6 6346/7/6
f 6343/7/6 6344/7/6 6347/7/6
f 6347/7/6 6344/7/6 6348/7/6
f 6349/7/6 6350/7/6 6353/7/6
f 6353/7/6 6350/7/6 6354/7/6
f 6351/7/6 6352/7/6 6355/7/6
f 6355/7/6 6352/7/6 6356/7/6
f 6357/1/6 6358/1/6 6359/1/6
f 6359/1/6 6358/1/6 6360/1/6
f 6360/1/6 6358/1/6 6361/1/6
f 6361/1/6 6358/1/6 6362/1/6
f 6362/1/6 6358/1/6 6363/1/6
f 6363/1/6 6358/1/6 6364/1/6
f 6360/1/6 6361/1/6 6365/1/6
f 6365/1/6 6361/1/6 6366/1/6
f 6362/1/6 6363/1/6 6367/1/6
f 6367/1/6 6363/1/6 6368/1/6
f 6371/7/6 6372/7/6 6375/7/6
f 6373/7/6 6374/7/6 6376/7/6
f 6369/1/6 6370/1/6 6377/1/6
f 6377/1/6 6370/1/6 6378/1/6
f 6371/7/6 6375/7/6 6379/7/6
f 6379/7/6 6375/7/6 6380/7/6
f 6376/7/6 6374/7/6 6381/7/6
f 6381/7/6 6374/7/6 6382/7/6
f 6383/1/6 6384/1/6 6385/1/6
f 6385/1/6 6384/1/6 6386/1/6
f 6387/1/6 6388/1/6 6391/1/6
f 6391/1/6 6388/1/6 6392/1/6
f 6389/1/6 6390/1/6 6393/1/6
f 6393/1/6 6390/1/6 6394/1/6
f 6395/1/6 6396/1/6 6397/1/6
f 6397/1/6 6396/1/6 6398/1/6
f 6399/1/6 6400/1/6 6401/1/6
f 6401/1/6 6400/1/6 6402/1/6
f 6403/1/6 6404/1/6 6407/1/6
f 6407/1/6 6404/1/6 6408/1/6
f 6405/1/6 6406/1/6 6409/1/6
f 6409/1/6 6406/1/6 6410/1/6
f 6411/1/6 6412/1/6 6413/1/6
f 6413/1/6 6412/1/6 6414/1/6
f 6415/1/6 6416/1/6 6417/1/6
f 6417/1/6 6416/1/6 6418/1/6
f 6419/1/6 6420/1/6 6424/1/6
f 6424/1/6 6420/1/6 6425/1/6
f 6421/1/6 6422/1/6 6426/1/6
f 6426/1/6 6422/1/6 6427/1/6
f 6429/1/6 6430/1/6 6431/1/6
f 6431/1/6 6430/1/6 6432/1/6
f 6423/1/6 6424/1/6 6433/1/6
f 6433/1/6 6424/1/6 6434/1/6
f 6427/1/6 6428/1/6 6439/1/6
f 6439/1/6 6428/1/6 6440/1/6
f 6434/1/6 6435/1/6 6441/1/6
f 6436/1/6 6437/1/6 6442/1/6
f 6442/1/6 6437/1/6 6443/1/6
f 6438/1/6 6439/1/6 6444/1/6
f 6434/1/6 6441/1/6 6445/1/6
f 6443/1/6 6444/1/6 6445/1/6
f 6442/1/6 6443/1/6 6445/1/6
f 6441/1/6 6442/1/6 6445/1/6
f 6444/1/6 6439/1/6 6446/1/6
f 6445/1/6 6444/1/6 6446/1/6
f 6447/1/6 6448/1/6 6451/1/6
f 6451/1/6 6448/1/6 6452/1/6
f 6449/1/6 6450/1/6 6453/1/6
f 6453/1/6 6450/1/6 6454/1/6
f 6455/7/6 6456/7/6 6459/7/6
f 6459/7/6 6456/7/6 6460/7/6
f 6457/7/6 6458/7/6 6461/7/6
f 6461/7/6 6458/7/6 6462/7/6
f 6463/3/6 6464/3/6 6467/3/6
f 6467/3/6 6464/3/6 6468/3/6
f 6465/3/6 6466/3/6 6469/3/6
f 6469/3/6 6466/3/6 6470/3/6
f 6471/3/6 6472/3/6 6473/3/6
f 6473/3/6 6472/3/6 6474/3/6
f 6475/3/6 6476/3/6 6481/3/6
f 6481/3/6 6476/3/6 6482/3/6
f 6477/3/6 6478/3/6 6483/3/6
f 6483/3/6 6478/3/6 6484/3/6
f 6479/3/6 6480/3/6 6485/3/6
f 6485/3/6 6480/3/6 6486/3/6
f 6487/3/6 6488/3/6 6489/3/6
f 6489/3/6 6488/3/6 6490/3/6
f 6491/3/6 6492/3/6 6495/3/6
f 6495/3/6 6492/3/6 6496/3/6
f 6493/3/6 6494/3/6 6497/3/6
f 6497/3/6 6494/3/6 6498/3/6
f 6499/2/6 6500/2/6 6505/2/6
f 6500/2/6 6501/2/6 6505/2/6
f 6505/2/6 6501/2/6 6506/2/6
f 6503/2/6 6504/2/6 6507/2/6
f 6502/2/6 6503/2/6 6507/2/6
f 6507/2/6 6504/2/6 6508/2/6
f 6509/7/6 6510/7/6 6511/7/6
f 6511/7/6 6510/7/6 6512/7/6
f 6513/3/6 6514/3/6 6517/3/6
f 6517/3/6 6514/3/6 6518/3/6
f 6515/3/6 6516/3/6 6521/3/6
f 6521/3/6 6516/3/6 6522/3/6
f 6519/3/6 6520/3/6 6523/3/6
f 6523/3/6 6520/3/6 6524/3/6
f 6525/2/6 6526/2/6 6529/2/6
f 6529/2/6 6526/2/6 6530/2/6
f 6527/2/6 6528/2/6 6531/2/6
f 6531/2/6 6528/2/6 6532/2/6
f 6533/3/6 6534/3/6 6535/3/6
f 6535/3/6 6534/3/6 6536/3/6
f 6537/6/6 6538/6/6 6542/6/6
f 6542/6/6 6538/6/6 6543/6/6
f 6543/6/6 6538/6/6 6544/6/6
f 6544/6/6 6538/6/6 6545/6/6
f 6539/6/6 6540/6/6 6548/6/6
f 6548/6/6 6540/6/6 6549/6/6
f 6549/6/6 6540/6/6 6550/6/6
f 6550/6/6 6540/6/6 6551/6/6
f 6541/6/6 6542/6/6 6554/6/6
f 6554/6/6 6542/6/6 6555/6/6
f 6545/6/6 6546/6/6 6556/6/6
f 6556/6/6 6546/6/6 6557/6/6
f 6547/6/6 6548/6/6 6560/6/6
f 6560/6/6 6548/6/6 6561/6/6
f 6551/6/6 6552/6/6 6562/6/6
f 6562/6/6 6552/6/6 6563/6/6
f 6553/6/6 6554/6/6 6565/6/6
f 6557/6/6 6558/6/6 6566/6/6
f 6566/6/6 6558/6/6 6567/6/6
f 6559/6/6 6560/6/6 6572/6/6
f 6572/6/6 6560/6/6 6573/6/6
f 6563/6/6 6564/6/6 6574/6/6
f 6553/6/6 6565/6/6 6575/6/6
f 6575/6/6 6565/6/6 6576/6/6
f 6568/3/6 6569/3/6 6577/3/6
f 6577/3/6 6569/3/6 6578/3/6
f 6570/3/6 6571/3/6 6579/3/6
f 6579/3/6 6571/3/6 6580/3/6
f 6574/6/6 6564/6/6 6581/6/6
f 6581/6/6 6564/6/6 6582/6/6
f 6583/4/6 6584/4/6 6595/4/6
f 6584/2/6 6585/2/6 6596/2/6
f 6595/4/6 6584/4/6 6596/4/6
f 6596/2/6 6585/2/6 6597/2/6
f 6586/3/6 6587/3/6 6600/3/6
f 6600/3/6 6587/3/6 6601/3/6
f 6588/2/6 6589/2/6 6604/2/6
f 6589/4/6 6590/4/6 6605/4/6
f 6604/2/6 6589/2/6 6605/2/6
f 6605/4/6 6590/4/6 6606/4/6
f 6598/1/6 6599/1/6 6611/1/6
f 6602/1/6 6603/1/6 6611/1/6
f 6599/1/6 6600/1/6 6611/1/6
f 6600/1/6 6601/1/6 6611/1/6
f 6601/1/6 6602/1/6 6611/1/6
f 6611/1/6 6603/1/6 6612/1/6
f 6593/1/6 6594/1/6 6613/1/6
f 6594/1/6 6595/1/6 6613/1/6
f 6591/1/6 6592/1/6 6613/1/6
f 6592/1/6 6593/1/6 6613/1/6
f 6595/1/6 6596/1/6 6613/1/6
f 6596/1/6 6597/1/6 6613/1/6
f 6598/1/6 6611/1/6 6615/1/6
f 6615/1/6 6611/1/6 6616/1/6
f 6616/1/6 6611/1/6 6617/1/6
f 6617/1/6 6611/1/6 6618/1/6
f 6612/1/6 6603/1/6 6619/1/6
f 6619/1/6 6603/1/6 6620/1/6
f 6620/1/6 6603/1/6 6621/1/6
f 6621/1/6 6603/1/6 6622/1/6
f 6609/1/6 6610/1/6 6624/1/6
f 6608/1/6 6609/1/6 6624/1/6
f 6604/1/6 6605/1/6 6624/1/6
f 6605/1/6 6606/1/6 6624/1/6
f 6606/1/6 6607/1/6 6624/1/6
f 6607/1/6 6608/1/6 6624/1/6
f 6616/1/6 6617/1/6 6625/1/6
f 6625/1/6 6617/1/6 6626/1/6
f 6620/1/6 6621/1/6 6627/1/6
f 6627/1/6 6621/1/6 6628/1/6
f 6613/1/6 6614/1/6 6629/1/6
f 6616/1/6 6625/1/6 6631/1/6
f 6631/1/6 6625/1/6 6632/1/6
f 6632/1/6 6625/1/6 6633/1/6
f 6628/1/6 6621/1/6 6636/1/6
f 6636/1/6 6621/1/6 6637/1/6
f 6637/1/6 6621/1/6 6638/1/6
f 6623/1/6 6624/1/6 6640/1/6
f 6633/1/6 6634/1/6 6641/1/6
f 6632/1/6 6633/1/6 6641/1/6
f 6636/1/6 6637/1/6 6644/1/6
f 6635/1/6 6636/1/6 6644/1/6
f 6641/1/6 6642/1/6 6645/1/6
f 6643/1/6 6644/1/6 6646/1/6
f 6629/1/6 6630/1/6 6647/1/6
f 6645/1/6 6646/1/6 6649/1/6
f 6641/1/6 6645/1/6 6649/1/6
f 6632/1/6 6641/1/6 6649/1/6
f 6649/1/6 6646/1/6 6650/1/6
f 6646/1/6 6644/1/6 6651/1/6
f 6650/1/6 6646/1/6 6651/1/6
f 6644/1/6 6637/1/6 6651/1/6
f 6651/1/6 6637/1/6 6652/1/6
f 6639/1/6 6640/1/6 6654/1/6
f 6650/1/6 6651/1/6 6656/1/6
f 6656/1/6 6651/1/6 6657/1/6
f 6653/1/6 6654/1/6 6658/1/6
f 6647/1/6 6648/1/6 6659/1/6
f 6656/1/6 6657/1/6 6660/1/6
f 6657/1/6 6658/1/6 6660/1/6
f 6655/1/6 6656/1/6 6660/1/6
f 6640/1/6 6624/1/6 6661/1/6
f 6659/1/6 6660/1/6 6661/1/6
f 6660/1/6 6658/1/6 6661/1/6
f 6624/1/6 6610/1/6 6661/1/6
f 6658/1/6 6654/1/6 6661/1/6
f 6654/1/6 6640/1/6 6661/1/6
f 6661/1/6 6610/1/6 6662/1/6
f 6659/1/6 6661/1/6 6663/1/6
f 6662/1/6 6610/1/6 6664/1/6
f 6647/1/6 6659/1/6 6665/1/6
f 6663/1/6 6664/1/6 6665/1/6
f 6591/1/6 6613/1/6 6665/1/6
f 6613/1/6 6629/1/6 6665/1/6
f 6659/1/6 6663/1/6 6665/1/6
f 6629/1/6 6647/1/6 6665/1/6
f 6665/1/6 6664/1/6 6666/1/6
f 6666/1/6 6664/1/6 6667/1/6
f 6664/1/6 6610/1/6 6668/1/6
f 6667/1/6 6664/1/6 6668/1/6
f 6591/1/6 6665/1/6 6669/1/6
f 6669/1/6 6665/1/6 6670/1/6
f 6666/1/6 6667/1/6 6671/1/6
f 6671/1/6 6667/1/6 6672/1/6
f 6672/1/6 6667/1/6 6673/1/6
f 6673/1/6 6667/1/6 6674/1/6
f 6668/1/6 6610/1/6 6675/1/6
f 6675/1/6 6610/1/6 6676/1/6
f 6591/1/6 6669/1/6 6677/1/6
f 6677/1/6 6669/1/6 6678/1/6
f 6672/1/6 6673/1/6 6679/1/6
f 6679/1/6 6673/1/6 6680/1/6
f 6680/1/6 6673/1/6 6681/1/6
f 6681/1/6 6673/1/6 6682/1/6
f 6676/1/6 6610/1/6 6683/1/6
f 6683/1/6 6610/1/6 6684/1/6
f 6591/1/6 6677/1/6 6685/1/6
f 6680/1/6 6681/1/6 6688/1/6
f 6688/1/6 6681/1/6 6689/1/6
f 6684/1/6 6610/1/6 6692/1/6
f 6685/1/6 6686/1/6 6693/1/6
f 6689/1/6 6690/1/6 6696/1/6
f 6687/1/6 6688/1/6 6696/1/6
f 6688/1/6 6689/1/6 6696/1/6
f 6696/1/6 6690/1/6 6697/1/6
f 6691/1/6 6692/1/6 6700/1/6
f 6693/1/6 6694/1/6 6701/1/6
f 6591/1/6 6685/1/6 6701/1/6
f 6685/1/6 6693/1/6 6701/1/6
f 6701/1/6 6694/1/6 6702/1/6
f 6697/1/6 6698/1/6 6703/1/6
f 6695/1/6 6696/1/6 6703/1/6
f 6696/1/6 6697/1/6 6703/1/6
f 6703/1/6 6698/1/6 6704/1/6
f 6699/1/6 6700/1/6 6705/1/6
f 6700/1/6 6692/1/6 6706/1/6
f 6705/1/6 6700/1/6 6706/1/6
f 6692/1/6 6610/1/6 6706/1/6
f 6707/3/6 6708/3/6 6720/3/6
f 6720/3/6 6708/3/6 6721/3/6
f 6709/3/6 6710/3/6 6722/3/6
f 6722/3/6 6710/3/6 6723/3/6
f 6711/3/6 6712/3/6 6726/3/6
f 6726/3/6 6712/3/6 6727/3/6
f 6713/3/6 6714/3/6 6730/3/6
f 6730/3/6 6714/3/6 6731/3/6
f 6715/3/6 6716/3/6 6734/3/6
f 6734/3/6 6716/3/6 6735/3/6
f 6717/3/6 6718/3/6 6736/3/6
f 6736/3/6 6718/3/6 6737/3/6
f 6720/3/6 6721/3/6 6739/3/6
f 6723/3/6 6724/3/6 6739/3/6
f 6719/3/6 6720/3/6 6739/3/6
f 6721/3/6 6722/3/6 6739/3/6
f 6722/3/6 6723/3/6 6739/3/6
f 6739/3/6 6724/3/6 6740/3/6
f 6740/3/6 6724/3/6 6741/3/6
f 6741/3/6 6724/3/6 6742/3/6
f 6742/3/6 6724/3/6 6743/3/6
f 6743/3/6 6724/3/6 6744/3/6
f 6727/3/6 6728/3/6 6746/3/6
f 6725/3/6 6726/3/6 6746/3/6
f 6726/3/6 6727/3/6 6746/3/6
f 6731/3/6 6732/3/6 6747/3/6
f 6729/3/6 6730/3/6 6747/3/6
f 6730/3/6 6731/3/6 6747/3/6
f 6734/3/6 6735/3/6 6749/3/6
f 6737/3/6 6738/3/6 6749/3/6
f 6736/3/6 6737/3/6 6749/3/6
f 6735/3/6 6736/3/6 6749/3/6
f 6733/3/6 6734/3/6 6749/3/6
f 6749/3/6 6738/3/6 6750/3/6
f 6750/3/6 6738/3/6 6751/3/6
f 6751/3/6 6738/3/6 6752/3/6
f 6752/3/6 6738/3/6 6753/3/6
f 6753/3/6 6738/3/6 6754/3/6
f 6740/3/6 6741/3/6 6755/3/6
f 6755/3/6 6741/3/6 6756/3/6
f 6742/3/6 6743/3/6 6757/3/6
f 6757/3/6 6743/3/6 6758/3/6
f 6745/2/6 6746/2/6 6759/2/6
f 6746/3/6 6728/3/6 6759/3/6
f 6759/3/6 6728/3/6 6760/3/6
f 6729/3/6 6747/3/6 6761/3/6
f 6747/2/6 6748/2/6 6762/2/6
f 6761/3/6 6747/3/6 6762/3/6
f 6750/3/6 6751/3/6 6763/3/6
f 6763/3/6 6751/3/6 6764/3/6
f 6752/3/6 6753/3/6 6765/3/6
f 6765/3/6 6753/3/6 6766/3/6
f 6745/2/6 6759/2/6 6769/2/6
f 6769/2/6 6759/2/6 6770/2/6
f 6770/2/6 6759/2/6 6771/2/6
f 6767/3/6 6768/3/6 6774/3/6
f 6774/3/6 6768/3/6 6775/3/6
f 6762/2/6 6748/2/6 6778/2/6
f 6778/2/6 6748/2/6 6779/2/6
f 6779/2/6 6748/2/6 6780/2/6
f 6775/3/6 6776/3/6 6782/3/6
f 6773/3/6 6774/3/6 6782/3/6
f 6774/3/6 6775/3/6 6782/3/6
f 6782/3/6 6776/3/6 6783/3/6
f 6771/2/6 6772/2/6 6785/2/6
f 6770/2/6 6771/2/6 6785/2/6
f 6785/2/6 6772/2/6 6786/2/6
f 6786/2/6 6772/2/6 6787/2/6
f 6783/3/6 6784/3/6 6789/3/6
f 6782/3/6 6783/3/6 6789/3/6
f 6781/3/6 6782/3/6 6789/3/6
f 6789/3/6 6784/3/6 6790/3/6
f 6790/3/6 6784/3/6 6791/3/6
f 6791/3/6 6784/3/6 6792/3/6
f 6778/2/6 6779/2/6 6794/2/6
f 6777/2/6 6778/2/6 6794/2/6
f 6794/2/6 6779/2/6 6795/2/6
f 6795/2/6 6779/2/6 6796/2/6
f 6790/3/6 6791/3/6 6797/3/6
f 6797/3/6 6791/3/6 6798/3/6
f 6798/3/6 6791/3/6 6799/3/6
f 6799/3/6 6791/3/6 6800/3/6
f 6798/3/6 6799/3/6 6801/3/6
f 6801/3/6 6799/3/6 6802/3/6
f 6787/2/6 6788/2/6 6803/2/6
f 6786/2/6 6787/2/6 6803/2/6
f 6803/2/6 6788/2/6 6804/2/6
f 6804/2/6 6788/2/6 6805/2/6
f 6794/2/6 6795/2/6 6808/2/6
f 6793/2/6 6794/2/6 6808/2/6
f 6808/2/6 6795/2/6 6809/2/6
f 6809/2/6 6795/2/6 6810/2/6
f 6805/2/6 6806/2/6 6811/2/6
f 6804/2/6 6805/2/6 6811/2/6
f 6811/2/6 6806/2/6 6812/2/6
f 6808/2/6 6809/2/6 6813/2/6
f 6807/2/6 6808/2/6 6813/2/6
f 6813/2/6 6809/2/6 6814/2/6
f 6804/2/6 6811/2/6 6815/2/6
f 6815/2/6 6811/2/6 6816/2/6
f 6817/3/6 6818/3/6 6822/3/6
f 6822/3/6 6818/3/6 6823/3/6
f 6819/3/6 6820/3/6 6826/3/6
f 6826/3/6 6820/3/6 6827/3/6
f 6823/3/6 6824/3/6 6830/3/6
f 6821/3/6 6822/3/6 6830/3/6
f 6822/3/6 6823/3/6 6830/3/6
f 6830/3/6 6824/3/6 6831/3/6
f 6831/3/6 6824/3/6 6832/3/6
f 6827/3/6 6828/3/6 6835/3/6
f 6826/3/6 6827/3/6 6835/3/6
f 6825/3/6 6826/3/6 6835/3/6
f 6835/3/6 6828/3/6 6836/3/6
f 6836/3/6 6828/3/6 6837/3/6
f 6830/3/6 6831/3/6 6839/3/6
f 6829/3/6 6830/3/6 6839/3/6
f 6839/3/6 6831/3/6 6840/3/6
f 6832/3/6 6833/3/6 6841/3/6
f 6841/3/6 6833/3/6 6842/3/6
f 6835/3/6 6836/3/6 6843/3/6
f 6834/3/6 6835/3/6 6843/3/6
f 6843/3/6 6836/3/6 6844/3/6
f 6837/3/6 6838/3/6 6845/3/6
f 6845/3/6 6838/3/6 6846/3/6
f 6829/3/6 6839/3/6 6847/3/6
f 6847/3/6 6839/3/6 6848/3/6
f 6848/3/6 6839/3/6 6849/3/6
f 6834/3/6 6843/3/6 6851/3/6
f 6851/3/6 6843/3/6 6852/3/6
f 6852/3/6 6843/3/6 6853/3/6
f 6849/3/6 6850/3/6 6855/3/6
f 6848/3/6 6849/3/6 6855/3/6
f 6855/3/6 6850/3/6 6856/3/6
f 6856/3/6 6850/3/6 6857/3/6
f 6853/3/6 6854/3/6 6858/3/6
f 6852/3/6 6853/3/6 6858/3/6
f 6858/3/6 6854/3/6 6859/3/6
f 6859/3/6 6854/3/6 6860/3/6
f 6856/3/6 6857/3/6 6861/3/6
f 6861/3/6 6857/3/6 6862/3/6
f 6859/3/6 6860/3/6 6863/3/6
f 6863/3/6 6860/3/6 6864/3/6
f 6865/3/6 6866/3/6 6870/3/6
f 6870/3/6 6866/3/6 6871/3/6
f 6867/3/6 6868/3/6 6874/3/6
f 6874/3/6 6868/3/6 6875/3/6
f 6871/3/6 6872/3/6 6877/3/6
f 6869/3/6 6870/3/6 6877/3/6
f 6870/3/6 6871/3/6 6877/3/6
f 6877/3/6 6872/3/6 6878/3/6
f 6878/3/6 6872/3/6 6879/3/6
f 6879/3/6 6872/3/6 6880/3/6
f 6875/3/6 6876/3/6 6881/3/6
f 6874/3/6 6875/3/6 6881/3/6
f 6873/3/6 6874/3/6 6881/3/6
f 6881/3/6 6876/3/6 6882/3/6
f 6882/3/6 6876/3/6 6883/3/6
f 6883/3/6 6876/3/6 6884/3/6
f 6878/3/6 6879/3/6 6885/3/6
f 6885/3/6 6879/3/6 6886/3/6
f 6882/3/6 6883/3/6 6887/3/6
f 6887/3/6 6883/3/6 6888/3/6
